[pyc] Agentic Circuit closure run-id=20260906-aggregate-payload
Obtaining file:///Users/zhoubot/linx-isa/tools/pyCircuit/python/semantic-core
  Installing build dependencies: started
  Installing build dependencies: finished with status 'done'
  Checking if build backend supports build_editable: started
  Checking if build backend supports build_editable: finished with status 'done'
  Getting requirements to build editable: started
  Getting requirements to build editable: finished with status 'done'
  Preparing editable metadata (pyproject.toml): started
  Preparing editable metadata (pyproject.toml): finished with status 'done'
Building wheels for collected packages: pycircuit-semantic-core
  Building editable for pycircuit-semantic-core (pyproject.toml): started
  Building editable for pycircuit-semantic-core (pyproject.toml): finished with status 'done'
  Created wheel for pycircuit-semantic-core: filename=pycircuit_semantic_core-6.0.0-0.editable-py3-none-any.whl size=1497 sha256=00a0cce9df8160f0fd4a59ba9e8737bc6aa63344e292031775f8327865d9c6bf
  Stored in directory: /private/var/folders/dw/zd1zl_y14dndg0ydz1mdt25h0000gn/T/pip-ephem-wheel-cache-rmmxl87b/wheels/18/18/59/f590cbd4466ba08c77ce31d532c2edd518f77415ab158a24c7
Successfully built pycircuit-semantic-core
Installing collected packages: pycircuit-semantic-core
  Attempting uninstall: pycircuit-semantic-core
    Found existing installation: pycircuit-semantic-core 6.0.0
    Uninstalling pycircuit-semantic-core-6.0.0:
      Successfully uninstalled pycircuit-semantic-core-6.0.0
Successfully installed pycircuit-semantic-core-6.0.0
Obtaining file:///Users/zhoubot/linx-isa/tools/pyCircuit/python/agentic-circuit
  Installing build dependencies: started
  Installing build dependencies: finished with status 'done'
  Checking if build backend supports build_editable: started
  Checking if build backend supports build_editable: finished with status 'done'
  Getting requirements to build editable: started
  Getting requirements to build editable: finished with status 'done'
  Preparing editable metadata (pyproject.toml): started
  Preparing editable metadata (pyproject.toml): finished with status 'done'
Requirement already satisfied: pycircuit-semantic-core==6.0.0 in ./.pycircuit_out/agentic-circuit/venv/lib/python3.14/site-packages (from agentic-circuit==0.1.0) (6.0.0)
Requirement already satisfied: jsonschema>=4.18 in ./.pycircuit_out/agentic-circuit/venv/lib/python3.14/site-packages (from agentic-circuit==0.1.0) (4.26.0)
Requirement already satisfied: lit<19,>=18 in ./.pycircuit_out/agentic-circuit/venv/lib/python3.14/site-packages (from agentic-circuit==0.1.0) (18.1.8)
Requirement already satisfied: pyyaml>=6.0 in ./.pycircuit_out/agentic-circuit/venv/lib/python3.14/site-packages (from agentic-circuit==0.1.0) (6.0.3)
Requirement already satisfied: attrs>=22.2.0 in ./.pycircuit_out/agentic-circuit/venv/lib/python3.14/site-packages (from jsonschema>=4.18->agentic-circuit==0.1.0) (26.1.0)
Requirement already satisfied: jsonschema-specifications>=2023.03.6 in ./.pycircuit_out/agentic-circuit/venv/lib/python3.14/site-packages (from jsonschema>=4.18->agentic-circuit==0.1.0) (2025.9.1)
Requirement already satisfied: referencing>=0.28.4 in ./.pycircuit_out/agentic-circuit/venv/lib/python3.14/site-packages (from jsonschema>=4.18->agentic-circuit==0.1.0) (0.37.0)
Requirement already satisfied: rpds-py>=0.25.0 in ./.pycircuit_out/agentic-circuit/venv/lib/python3.14/site-packages (from jsonschema>=4.18->agentic-circuit==0.1.0) (2026.6.3)
Building wheels for collected packages: agentic-circuit
  Building editable for agentic-circuit (pyproject.toml): started
  Building editable for agentic-circuit (pyproject.toml): finished with status 'done'
  Created wheel for agentic-circuit: filename=agentic_circuit-0.1.0-0.editable-py3-none-any.whl size=4284 sha256=fe531e2573817eac768b6c164e499601d1cb6156ff9810bed73f2c4c03f8145e
  Stored in directory: /private/var/folders/dw/zd1zl_y14dndg0ydz1mdt25h0000gn/T/pip-ephem-wheel-cache-1irl3nur/wheels/4a/52/c1/0d118760cea8f6ac5269a29f1e1932145039bb6c8a43cf6cd4
Successfully built agentic-circuit
Installing collected packages: agentic-circuit
  Attempting uninstall: agentic-circuit
    Found existing installation: agentic-circuit 0.1.0
    Uninstalling agentic-circuit-0.1.0:
      Successfully uninstalled agentic-circuit-0.1.0
Successfully installed agentic-circuit-0.1.0
[pyc] AC G2: build and install the repo-local pyc6 + AC toolchain
[pyc] AC G2: reusing integrated toolchain .pycircuit_out/toolchain/install
[pyc] pyCircuit 6 root contracts and documentation
============================= test session starts ==============================
platform darwin -- Python 3.14.6, pytest-9.0.2, pluggy-1.6.0
rootdir: /Users/zhoubot/linx-isa/tools/pyCircuit
configfile: pyproject.toml
collected 36 items

tests/unit/test_agentic_circuit_component.py ...                         [  8%]
tests/unit/test_cli_entrypoints.py ....                                  [ 19%]
tests/unit/test_primitive_catalog.py ..                                  [ 25%]
tests/unit/test_pyc6_surface.py ..........                               [ 52%]
tests/unit/test_semantic_core.py .............                           [ 88%]
tests/unit/test_v6_forward_signal.py ....                                [100%]

============================== 36 passed in 0.05s ==============================
ok: API hygiene check passed
ok: decision status coverage validated (rows=215 deferred=0)
[pyc] Agentic Circuit G0/G1/G2 closure passed
[pyc] Agentic Circuit closure run-id=20260906-aggregate-payload
Obtaining file:///Users/zhoubot/linx-isa/tools/pyCircuit/python/semantic-core
  Installing build dependencies: started
  Installing build dependencies: finished with status 'done'
  Checking if build backend supports build_editable: started
  Checking if build backend supports build_editable: finished with status 'done'
  Getting requirements to build editable: started
  Getting requirements to build editable: finished with status 'done'
  Preparing editable metadata (pyproject.toml): started
  Preparing editable metadata (pyproject.toml): finished with status 'done'
Building wheels for collected packages: pycircuit-semantic-core
  Building editable for pycircuit-semantic-core (pyproject.toml): started
  Building editable for pycircuit-semantic-core (pyproject.toml): finished with status 'done'
  Created wheel for pycircuit-semantic-core: filename=pycircuit_semantic_core-6.0.0-0.editable-py3-none-any.whl size=1497 sha256=f8d13a3bae6574d42e76b7a79db4037e7091fe084adec9c930658de27bf6efd8
  Stored in directory: /private/var/folders/dw/zd1zl_y14dndg0ydz1mdt25h0000gn/T/pip-ephem-wheel-cache-947wbdus/wheels/18/18/59/f590cbd4466ba08c77ce31d532c2edd518f77415ab158a24c7
Successfully built pycircuit-semantic-core
Installing collected packages: pycircuit-semantic-core
  Attempting uninstall: pycircuit-semantic-core
    Found existing installation: pycircuit-semantic-core 6.0.0
    Uninstalling pycircuit-semantic-core-6.0.0:
      Successfully uninstalled pycircuit-semantic-core-6.0.0
Successfully installed pycircuit-semantic-core-6.0.0
Obtaining file:///Users/zhoubot/linx-isa/tools/pyCircuit/python/agentic-circuit
  Installing build dependencies: started
  Installing build dependencies: finished with status 'done'
  Checking if build backend supports build_editable: started
  Checking if build backend supports build_editable: finished with status 'done'
  Getting requirements to build editable: started
  Getting requirements to build editable: finished with status 'done'
  Preparing editable metadata (pyproject.toml): started
  Preparing editable metadata (pyproject.toml): finished with status 'done'
Requirement already satisfied: pycircuit-semantic-core==6.0.0 in ./.pycircuit_out/agentic-circuit/venv/lib/python3.14/site-packages (from agentic-circuit==0.1.0) (6.0.0)
Requirement already satisfied: jsonschema>=4.18 in ./.pycircuit_out/agentic-circuit/venv/lib/python3.14/site-packages (from agentic-circuit==0.1.0) (4.26.0)
Requirement already satisfied: lit<19,>=18 in ./.pycircuit_out/agentic-circuit/venv/lib/python3.14/site-packages (from agentic-circuit==0.1.0) (18.1.8)
Requirement already satisfied: pyyaml>=6.0 in ./.pycircuit_out/agentic-circuit/venv/lib/python3.14/site-packages (from agentic-circuit==0.1.0) (6.0.3)
Requirement already satisfied: attrs>=22.2.0 in ./.pycircuit_out/agentic-circuit/venv/lib/python3.14/site-packages (from jsonschema>=4.18->agentic-circuit==0.1.0) (26.1.0)
Requirement already satisfied: jsonschema-specifications>=2023.03.6 in ./.pycircuit_out/agentic-circuit/venv/lib/python3.14/site-packages (from jsonschema>=4.18->agentic-circuit==0.1.0) (2025.9.1)
Requirement already satisfied: referencing>=0.28.4 in ./.pycircuit_out/agentic-circuit/venv/lib/python3.14/site-packages (from jsonschema>=4.18->agentic-circuit==0.1.0) (0.37.0)
Requirement already satisfied: rpds-py>=0.25.0 in ./.pycircuit_out/agentic-circuit/venv/lib/python3.14/site-packages (from jsonschema>=4.18->agentic-circuit==0.1.0) (2026.6.3)
Building wheels for collected packages: agentic-circuit
  Building editable for agentic-circuit (pyproject.toml): started
  Building editable for agentic-circuit (pyproject.toml): finished with status 'done'
  Created wheel for agentic-circuit: filename=agentic_circuit-0.1.0-0.editable-py3-none-any.whl size=4284 sha256=96f766fb8f42beb43274535d84940648a61951c42cc68ed4936d43de50b6ad43
  Stored in directory: /private/var/folders/dw/zd1zl_y14dndg0ydz1mdt25h0000gn/T/pip-ephem-wheel-cache-1a5dq98j/wheels/4a/52/c1/0d118760cea8f6ac5269a29f1e1932145039bb6c8a43cf6cd4
Successfully built agentic-circuit
Installing collected packages: agentic-circuit
  Attempting uninstall: agentic-circuit
    Found existing installation: agentic-circuit 0.1.0
    Uninstalling agentic-circuit-0.1.0:
      Successfully uninstalled agentic-circuit-0.1.0
Successfully installed agentic-circuit-0.1.0
[pyc] AC G0/G1: configure integrated ACIR compiler
-- Using LLVM 22.1.8 from /opt/homebrew/opt/llvm/lib/cmake/llvm
-- Using MLIR 22.1.8 from /opt/homebrew/opt/llvm/lib/cmake/mlir
-- Found Python3: /opt/homebrew/Frameworks/Python.framework/Versions/3.14/bin/python3.14 (found suitable version "3.14.6", minimum required is "3.11") found components: Interpreter
-- Found Python3: /opt/homebrew/Frameworks/Python.framework/Versions/3.14/bin/python3.14 (found suitable version "3.14.6", minimum required is "3.11") found components: Interpreter Development.Module
-- Standalone Agentic Circuit build: ACIR-to-PYC toolchain target is disabled
-- Configuring done (0.2s)
-- Generating done (0.1s)
-- Build files have been written to: /Users/zhoubot/linx-isa/tools/pyCircuit/.pycircuit_out/acir/dev-llvm22
[1/25] Building CXX object tests/cpp/Dialect/ACIR/CMakeFiles/ACIRTypesTests.dir/TypesTest.cpp.o
[2/25] Building CXX object tests/cpp/Dialect/ACSim/CMakeFiles/ACSimOpsTests.dir/OpsTest.cpp.o
[3/25] Building CXX object tests/cpp/Analysis/CMakeFiles/ACIRProcessStatePlanTests.dir/ProcessStatePlanControlFlowTest.cpp.o
[4/25] Building CXX object tests/cpp/Analysis/CMakeFiles/ACIRProcessStatePlanTests.dir/ProcessStatePlanBasicTest.cpp.o
[5/25] Building CXX object tests/cpp/Analysis/CMakeFiles/ACIRModelAnalysisTests.dir/ModelAnalysisTest.cpp.o
[6/25] Building CXX object tests/cpp/Dialect/ACIR/CMakeFiles/ACIROpsTests.dir/OpsTest.cpp.o
[7/25] Building CXX object tests/cpp/Analysis/CMakeFiles/ACIRProcessStatePlanTests.dir/ProcessStatePlanCostConsumer.cpp.o
[8/25] Building CXX object tests/cpp/Analysis/CMakeFiles/ACIRProcessStatePlanTests.dir/ProcessStatePlanWakeTest.cpp.o
[9/25] Building CXX object tests/cpp/Analysis/CMakeFiles/ACIRProcessStatePlanTests.dir/ProcessStatePlanEmissionTest.cpp.o
[10/25] Building CXX object tests/cpp/Analysis/CMakeFiles/ACIRProcessStatePlanTests.dir/ProcessStatePlanLimitsTest.cpp.o
[11/25] Building CXX object tests/cpp/Analysis/CMakeFiles/ACIRProcessStatePlanTests.dir/ProcessStatePlanAtomicityTest.cpp.o
[12/25] Linking CXX executable bin/ACIRTypesTests
ld: warning: ignoring duplicate libraries: '/opt/homebrew/Cellar/llvm/22.1.8/lib/libMLIRIR.a'
[13/25] Linking CXX executable bin/ACIROpsTests
ld: warning: ignoring duplicate libraries: '/opt/homebrew/Cellar/llvm/22.1.8/lib/libMLIRAsmParser.a', '/opt/homebrew/Cellar/llvm/22.1.8/lib/libMLIRDataLayoutInterfaces.a', '/opt/homebrew/Cellar/llvm/22.1.8/lib/libMLIRFuncDialect.a', '/opt/homebrew/Cellar/llvm/22.1.8/lib/libMLIRIR.a', '/opt/homebrew/Cellar/llvm/22.1.8/lib/libMLIRSCFDialect.a', '/opt/homebrew/Cellar/llvm/22.1.8/lib/libMLIRSideEffectInterfaces.a', 'lib/Dialect/ACIR/libACIRDialect.a'
[14/25] Linking CXX executable bin/ACSimTypesTests
ld: warning: ignoring duplicate libraries: '/opt/homebrew/Cellar/llvm/22.1.8/lib/libMLIRIR.a'
[15/25] Linking CXX executable bin/ACSimOpsTests
ld: warning: ignoring duplicate libraries: '/opt/homebrew/Cellar/llvm/22.1.8/lib/libMLIRArithDialect.a', '/opt/homebrew/Cellar/llvm/22.1.8/lib/libMLIRAsmParser.a', '/opt/homebrew/Cellar/llvm/22.1.8/lib/libMLIRControlFlowDialect.a', '/opt/homebrew/Cellar/llvm/22.1.8/lib/libMLIRIR.a', '/opt/homebrew/Cellar/llvm/22.1.8/lib/libMLIRSideEffectInterfaces.a'
[16/25] Building CXX object tests/cpp/Analysis/CMakeFiles/ACIRProcessStatePlanTests.dir/ProcessStatePlanVerifierTest.cpp.o
[17/25] Linking CXX executable bin/ACIRModelAnalysisTests
ld: warning: ignoring duplicate libraries: '/opt/homebrew/Cellar/llvm/22.1.8/lib/libMLIRAsmParser.a', '/opt/homebrew/Cellar/llvm/22.1.8/lib/libMLIRFuncDialect.a', '/opt/homebrew/Cellar/llvm/22.1.8/lib/libMLIRIR.a', '/opt/homebrew/Cellar/llvm/22.1.8/lib/libMLIRSCFDialect.a', 'lib/Analysis/libACIRAnalysis.a', 'lib/Dialect/ACIR/libACIRDialect.a'
[18/25] Building CXX object tests/cpp/Analysis/CMakeFiles/ACIRProcessStatePlanTests.dir/ProcessStatePlanTask13ConsumerTest.cpp.o
[19/25] Building CXX object tests/cpp/Compiler/CMakeFiles/CompilerTests.dir/DriverTest.cpp.o
[20/25] Linking CXX executable bin/ACIRProcessStatePlanTests
ld: warning: ignoring duplicate libraries: '/opt/homebrew/Cellar/llvm/22.1.8/lib/libMLIRAsmParser.a', '/opt/homebrew/Cellar/llvm/22.1.8/lib/libMLIRIR.a', '/opt/homebrew/Cellar/llvm/22.1.8/lib/libMLIRPass.a', 'lib/Analysis/libACIRAnalysis.a', 'lib/Dialect/ACIR/libACIRDialect.a'
[21/25] Linking CXX executable bin/CompilerTests
[22/25] Building CXX object tests/cpp/Conversion/CMakeFiles/ACIRToACSimTests.dir/ACIRToACSimTest.cpp.o
[23/25] Building CXX object tests/cpp/Bindings/CMakeFiles/ACIRBindingTests.dir/CanonicalBindingTest.cpp.o
[24/25] Linking CXX executable bin/ACIRToACSimTests
ld: warning: ignoring duplicate libraries: '/opt/homebrew/Cellar/llvm/22.1.8/lib/libLLVMSupport.a', '/opt/homebrew/Cellar/llvm/22.1.8/lib/libMLIRPass.a', 'lib/Dialect/ACIR/libACIRDialect.a'
[25/25] Linking CXX executable bin/ACIRBindingTests
ld: warning: ignoring duplicate libraries: '/opt/homebrew/Cellar/llvm/22.1.8/lib/libLLVMSupport.a', '/opt/homebrew/Cellar/llvm/22.1.8/lib/libMLIRFuncDialect.a', '/opt/homebrew/Cellar/llvm/22.1.8/lib/libMLIRSCFDialect.a', 'lib/Bindings/libACIRBindings.a', 'lib/Dialect/ACIR/libACIRDialect.a'
[0/1] Running Agentic Circuit lit tests
-- Testing: 173 tests, 10 workers --
PASS: AgenticCircuit :: CodeGen/full-structured-model.mlir (1 of 173)
PASS: AgenticCircuit :: ACSim/ops-invalid.mlir (2 of 173)
PASS: AgenticCircuit :: ACIR/protocols-invalid.mlir (3 of 173)
PASS: AgenticCircuit :: CodeGen/driver-stages.mlir (4 of 173)
PASS: AgenticCircuit :: ACIR/hierarchy-invalid.mlir (5 of 173)
PASS: AgenticCircuit :: ACIR/resources-invalid.mlir (6 of 173)
PASS: AgenticCircuit :: CodeGen/nested-modules.mlir (7 of 173)
PASS: AgenticCircuit :: ACIR/address-time-invalid.mlir (8 of 173)
PASS: AgenticCircuit :: CodeGen/emit-cxx-current.mlir (9 of 173)
PASS: AgenticCircuit :: Analysis/raw-structure-preflight.mlir (10 of 173)
PASS: AgenticCircuit :: CodeGen/determinism.mlir (11 of 173)
PASS: AgenticCircuit :: CodeGen/multidimensional-array.mlir (12 of 173)
PASS: AgenticCircuit :: ACIR/interfaces-invalid.mlir (13 of 173)
PASS: AgenticCircuit :: ACIR/table-invalid.mlir (14 of 173)
PASS: AgenticCircuit :: ACIR/review-r1-invalid.mlir (15 of 173)
PASS: AgenticCircuit :: ACIR/var-expressions-invalid.mlir (16 of 173)
PASS: AgenticCircuit :: CodeGen/extension-provider.mlir (17 of 173)
PASS: AgenticCircuit :: ACIR/types-invalid.mlir (18 of 173)
PASS: AgenticCircuit :: ACIR/review-r2-invalid.mlir (19 of 173)
PASS: AgenticCircuit :: ACIR/trace-invalid.mlir (20 of 173)
PASS: AgenticCircuit :: ACIR/protocols-review-r1-invalid.mlir (21 of 173)
PASS: AgenticCircuit :: ACSim/generated-call-contract.mlir (22 of 173)
PASS: AgenticCircuit :: ACIR/var-state-invalid.mlir (23 of 173)
PASS: AgenticCircuit :: ACIR/queue-var-types-invalid.mlir (24 of 173)
PASS: AgenticCircuit :: CodeGen/table-slot-multiple-tables.mlir (25 of 173)
PASS: AgenticCircuit :: ACIR/process-invalid.mlir (26 of 173)
PASS: AgenticCircuit :: ACIR/collections-invalid.mlir (27 of 173)
PASS: AgenticCircuit :: ACIR/firing-invalid.mlir (28 of 173)
PASS: AgenticCircuit :: Transforms/rule-multi-state-lowering.mlir (29 of 173)
PASS: AgenticCircuit :: ACIR/runtime-references-invalid.mlir (30 of 173)
PASS: AgenticCircuit :: Transforms/rule-consume-only-lowering.mlir (31 of 173)
PASS: AgenticCircuit :: Conversion/bindings-invalid.mlir (32 of 173)
PASS: AgenticCircuit :: Transforms/rule-state-driven-lowering.mlir (33 of 173)
PASS: AgenticCircuit :: Transforms/rule-snapshot-set-lowering.mlir (34 of 173)
PASS: AgenticCircuit :: Transforms/queue-module-freeze.mlir (35 of 173)
PASS: AgenticCircuit :: ACIR/canonical-entrypoint.mlir (36 of 173)
PASS: AgenticCircuit :: Transforms/verify-model.mlir (37 of 173)
PASS: AgenticCircuit :: ACIR/view-provenance.mlir (38 of 173)
PASS: AgenticCircuit :: Transforms/variable-module-state-lowering.mlir (39 of 173)
PASS: AgenticCircuit :: Transforms/variable-state-lowering.mlir (40 of 173)
PASS: AgenticCircuit :: Transforms/freeze-topology.mlir (41 of 173)
PASS: AgenticCircuit :: Transforms/rule-table-lowering.mlir (42 of 173)
PASS: AgenticCircuit :: Transforms/rule-branch-join-lowering.mlir (43 of 173)
PASS: AgenticCircuit :: Transforms/rule-optional-output-lowering.mlir (44 of 173)
PASS: AgenticCircuit :: Transforms/rule-branch-local-lowering.mlir (45 of 173)
PASS: AgenticCircuit :: Transforms/queue-stateful-module-freeze.mlir (46 of 173)
PASS: AgenticCircuit :: Analysis/process-state-verifier.mlir (47 of 173)
PASS: AgenticCircuit :: Transforms/rule-multi-input-lowering.mlir (48 of 173)
PASS: AgenticCircuit :: Transforms/queue-multi-rule-multi-owner-module.mlir (49 of 173)
PASS: AgenticCircuit :: ACIR/memory-invalid.mlir (50 of 173)
PASS: AgenticCircuit :: ACIR/interfaces-review-r1-invalid.mlir (51 of 173)
PASS: AgenticCircuit :: CodeGen/bit-operations.mlir (52 of 173)
PASS: AgenticCircuit :: Transforms/rule-lowering.mlir (53 of 173)
PASS: AgenticCircuit :: Transforms/variable-array-state-lowering.mlir (54 of 173)
PASS: AgenticCircuit :: Transforms/rule-table-multi-input-lowering.mlir (55 of 173)
PASS: AgenticCircuit :: Transforms/queue-multi-owner-module-freeze.mlir (56 of 173)
PASS: AgenticCircuit :: Transforms/queue-multi-rule-module-freeze.mlir (57 of 173)
PASS: AgenticCircuit :: Python/cli-compile.mlir (58 of 173)
PASS: AgenticCircuit :: CodeGen/atomic-transform.mlir (59 of 173)
PASS: AgenticCircuit :: ACIR/rule-table-invalid.mlir (60 of 173)
PASS: AgenticCircuit :: ACIR/dependency-invalid.mlir (61 of 173)
PASS: AgenticCircuit :: Transforms/variable-struct-state-lowering.mlir (62 of 173)
PASS: AgenticCircuit :: ACIR/transform-invalid.mlir (63 of 173)
PASS: AgenticCircuit :: ACIR/records-invalid.mlir (64 of 173)
PASS: AgenticCircuit :: Transforms/queue-mixed-nested-module.mlir (65 of 173)
PASS: AgenticCircuit :: ACIR/rule-invalid.mlir (66 of 173)
PASS: AgenticCircuit :: ACIR/declarations-invalid.mlir (67 of 173)
PASS: AgenticCircuit :: ACIR/topology-review-r1-invalid.mlir (68 of 173)
PASS: AgenticCircuit :: Transforms/queue-nested-module-freeze.mlir (69 of 173)
PASS: AgenticCircuit :: ACSim/types-invalid.mlir (70 of 173)
PASS: AgenticCircuit :: ACSim/ops-valid.mlir (71 of 173)
PASS: AgenticCircuit :: ACIR/contracts-invalid.mlir (72 of 173)
PASS: AgenticCircuit :: Transforms/rule-lowering-invalid.mlir (73 of 173)
PASS: AgenticCircuit :: Transforms/deterministic-canonicalization.mlir (74 of 173)
PASS: AgenticCircuit :: CodeGen/bit-widths.mlir (75 of 173)
PASS: AgenticCircuit :: CodeGen/value-select.mlir (76 of 173)
PASS: AgenticCircuit :: Transforms/queue-root-result-freeze.mlir (77 of 173)
PASS: AgenticCircuit :: ACIR/bitfield-schema-invalid.mlir (78 of 173)
PASS: AgenticCircuit :: ACIR/reorder-invalid.mlir (79 of 173)
PASS: AgenticCircuit :: Bindings/resolve-valid.mlir (80 of 173)
PASS: AgenticCircuit :: ACIR/control-feedback-invalid.mlir (81 of 173)
PASS: AgenticCircuit :: ACIR/aggregate-values-invalid.mlir (82 of 173)
PASS: AgenticCircuit :: Conversion/structure.mlir (83 of 173)
PASS: AgenticCircuit :: ACIR/guarantees-review-r1-invalid.mlir (84 of 173)
PASS: AgenticCircuit :: Conversion/hierarchy.mlir (85 of 173)
PASS: AgenticCircuit :: ACIR/firing-footprint-invalid.mlir (86 of 173)
PASS: AgenticCircuit :: ACIR/dialect-smoke.mlir (87 of 173)
PASS: AgenticCircuit :: ACIR/ownership-order-review-r2.mlir (88 of 173)
PASS: AgenticCircuit :: ACSim/dialect-smoke.mlir (89 of 173)
PASS: AgenticCircuit :: ACIR/types-valid.mlir (90 of 173)
PASS: AgenticCircuit :: ACSim/types-valid.mlir (91 of 173)
PASS: AgenticCircuit :: ACIR/barrier-invalid.mlir (92 of 173)
PASS: AgenticCircuit :: ACIR/state-snapshot-set-invalid.mlir (93 of 173)
PASS: AgenticCircuit :: ACIR/port-mapping-review-r2.mlir (94 of 173)
PASS: AgenticCircuit :: ACIR/memory.mlir (95 of 173)
PASS: AgenticCircuit :: Conversion/atomic-failure.mlir (96 of 173)
PASS: AgenticCircuit :: Bindings/resolve-empty.mlir (97 of 173)
PASS: AgenticCircuit :: Conversion/bindings.mlir (98 of 173)
PASS: AgenticCircuit :: ACIR/var-expressions.mlir (99 of 173)
PASS: AgenticCircuit :: ACIR/dependency.mlir (100 of 173)
PASS: AgenticCircuit :: ACIR/queue-var-types.mlir (101 of 173)
PASS: AgenticCircuit :: ACIR/credit.mlir (102 of 173)
PASS: AgenticCircuit :: Transforms/zero-delay-cycles.mlir (103 of 173)
PASS: AgenticCircuit :: Conversion/collections.mlir (104 of 173)
PASS: AgenticCircuit :: ACIR/barrier.mlir (105 of 173)
PASS: AgenticCircuit :: ACIR/select.mlir (106 of 173)
PASS: AgenticCircuit :: ACIR/source-sink.mlir (107 of 173)
PASS: AgenticCircuit :: ACIR/reorder.mlir (108 of 173)
PASS: AgenticCircuit :: ACIR/hierarchy-valid.mlir (109 of 173)
PASS: AgenticCircuit :: Conversion/whole-model.mlir (110 of 173)
PASS: AgenticCircuit :: ACIR/scope-invalid.mlir (111 of 173)
PASS: AgenticCircuit :: ACIR/enum-values.mlir (112 of 173)
PASS: AgenticCircuit :: ACIR/enum-values-invalid.mlir (113 of 173)
PASS: AgenticCircuit :: ACIR/address-map-canonical-order.mlir (114 of 173)
PASS: AgenticCircuit :: ACIR/protocols-valid.mlir (115 of 173)
PASS: AgenticCircuit :: ACIR/transform.mlir (116 of 173)
PASS: AgenticCircuit :: ACIR/route-invalid.mlir (117 of 173)
PASS: AgenticCircuit :: ACIR/address-time-valid.mlir (118 of 173)
PASS: AgenticCircuit :: ACIR/broadcast-invalid.mlir (119 of 173)
PASS: AgenticCircuit :: ACIR/credit-invalid.mlir (120 of 173)
PASS: AgenticCircuit :: ACIR/contract-epoch.mlir (121 of 173)
PASS: AgenticCircuit :: ACIR/process-valid.mlir (122 of 173)
PASS: AgenticCircuit :: ACIR/contracts-valid.mlir (123 of 173)
PASS: AgenticCircuit :: Bindings/resolve-missing.mlir (124 of 173)
PASS: AgenticCircuit :: ACIR/firing.mlir (125 of 173)
PASS: AgenticCircuit :: ACIR/trace-valid.mlir (126 of 173)
PASS: AgenticCircuit :: CodeGen/opcode-catalog.mlir (127 of 173)
PASS: AgenticCircuit :: ACIR/address-selectors-valid.mlir (128 of 173)
PASS: AgenticCircuit :: ACSim/reusable-modules.mlir (129 of 173)
PASS: AgenticCircuit :: ACIR/bitfield-schema.mlir (130 of 173)
PASS: AgenticCircuit :: ACIR/fork-invalid.mlir (131 of 173)
PASS: AgenticCircuit :: ACIR/broadcast.mlir (132 of 173)
PASS: AgenticCircuit :: ACIR/records-valid.mlir (133 of 173)
PASS: AgenticCircuit :: ACIR/scope.mlir (134 of 173)
PASS: AgenticCircuit :: CodeGen/count-leading-zeros.mlir (135 of 173)
PASS: AgenticCircuit :: ACIR/aggregate-values.mlir (136 of 173)
PASS: AgenticCircuit :: ACIR/interfaces-valid.mlir (137 of 173)
PASS: AgenticCircuit :: ACIR/select-invalid.mlir (138 of 173)
PASS: AgenticCircuit :: ACIR/observe.mlir (139 of 173)
PASS: AgenticCircuit :: CodeGen/arbiter-verilog.mlir (140 of 173)
PASS: AgenticCircuit :: Python/frontend-lowering.mlir (141 of 173)
PASS: AgenticCircuit :: Conversion/typed-graph.mlir (142 of 173)
PASS: AgenticCircuit :: ACIR/declarations-valid.mlir (143 of 173)
PASS: AgenticCircuit :: Conversion/pure-results.mlir (144 of 173)
PASS: AgenticCircuit :: Conversion/process-control-flow.mlir (145 of 173)
PASS: AgenticCircuit :: ACIR/resources-forward-malformed-invalid.mlir (146 of 173)
PASS: AgenticCircuit :: ACIR/source-sink-invalid.mlir (147 of 173)
PASS: AgenticCircuit :: ACIR/resources-valid.mlir (148 of 173)
PASS: AgenticCircuit :: ACIR/table.mlir (149 of 173)
PASS: AgenticCircuit :: ACIR/expect.mlir (150 of 173)
PASS: AgenticCircuit :: ACIR/review-r1-valid.mlir (151 of 173)
PASS: AgenticCircuit :: Conversion/process-live-values.mlir (152 of 173)
PASS: AgenticCircuit :: ACIR/control-feedback.mlir (153 of 173)
PASS: AgenticCircuit :: Transforms/rule-checks.mlir (154 of 173)
PASS: AgenticCircuit :: Conversion/process-invalid.mlir (155 of 173)
PASS: AgenticCircuit :: ACIR/expect-invalid.mlir (156 of 173)
PASS: AgenticCircuit :: CodeGen/popcount.mlir (157 of 173)
PASS: AgenticCircuit :: Conversion/process-missing-mapping.mlir (158 of 173)
PASS: AgenticCircuit :: CodeGen/acir-build-input-contract.mlir (159 of 173)
PASS: AgenticCircuit :: CodeGen/driver-errors.mlir (160 of 173)
PASS: AgenticCircuit :: Conversion/time-domains.mlir (161 of 173)
PASS: AgenticCircuit :: Conversion/process-basic.mlir (162 of 173)
PASS: AgenticCircuit :: ACIR/collections-valid.mlir (163 of 173)
PASS: AgenticCircuit :: Analysis/process-state-pass.mlir (164 of 173)
PASS: AgenticCircuit :: CodeGen/arbiter.mlir (165 of 173)
PASS: AgenticCircuit :: ACSim/generated-wrapper-activation.mlir (166 of 173)
PASS: AgenticCircuit :: Bindings/resolve-ambiguous.mlir (167 of 173)
PASS: AgenticCircuit :: Transforms/queue-var-cse.mlir (168 of 173)
PASS: AgenticCircuit :: ACIR/route.mlir (169 of 173)
PASS: AgenticCircuit :: CodeGen/process-control-flow.mlir (170 of 173)
PASS: AgenticCircuit :: ACIR/observe-invalid.mlir (171 of 173)
PASS: AgenticCircuit :: ACIR/fork.mlir (172 of 173)
PASS: AgenticCircuit :: CodeGen/forbidden-generated-dependencies.mlir (173 of 173)

Testing Time: 20.44s

Total Discovered Tests: 173
  Passed: 173 (100.00%)
Test project /Users/zhoubot/linx-isa/tools/pyCircuit/.pycircuit_out/acir/dev-llvm22
      Start  1: WorkspaceE2ETests
      Start 16: ACIRProcessStatePlanTests
      Start 15: ACIRModelAnalysisTests
      Start  9: PycVerilogBackendTests
      Start  2: DavinciOOTraceTests
      Start  4: BitfieldE2ETests
 1/20 Test  #4: BitfieldE2ETests ....................   Passed    1.58 sec
      Start  6: EnumPayloadE2ETests
 2/20 Test  #2: DavinciOOTraceTests .................   Passed    1.90 sec
      Start  5: NestedPayloadE2ETests
 3/20 Test  #6: EnumPayloadE2ETests .................   Passed    1.47 sec
      Start 19: CodeGenTests
 4/20 Test  #5: NestedPayloadE2ETests ...............   Passed    1.55 sec
      Start  8: RecursiveAggregatePayloadE2ETests
 5/20 Test  #9: PycVerilogBackendTests ..............   Passed    3.78 sec
      Start 14: ACSimOpsTests
 6/20 Test  #8: RecursiveAggregatePayloadE2ETests ...   Passed    1.45 sec
      Start  7: AggregatePayloadE2ETests
 7/20 Test #14: ACSimOpsTests .......................   Passed    1.31 sec
      Start 20: CompilerTests
 8/20 Test #20: CompilerTests .......................   Passed    0.92 sec
      Start 17: ACIRBindingTests
 9/20 Test  #7: AggregatePayloadE2ETests ............   Passed    1.73 sec
      Start  3: RuleRetirementE2ETests
10/20 Test #17: ACIRBindingTests ....................   Passed    1.43 sec
      Start 18: ACIRToACSimTests
11/20 Test #18: ACIRToACSimTests ....................   Passed    0.96 sec
      Start 12: ACIROpsTests
12/20 Test  #3: RuleRetirementE2ETests ..............   Passed    2.15 sec
      Start 11: ACIRTypesTests
13/20 Test #16: ACIRProcessStatePlanTests ...........   Passed    8.98 sec
      Start 13: ACSimTypesTests
14/20 Test #11: ACIRTypesTests ......................   Passed    1.48 sec
      Start 10: GfsimTests
15/20 Test #10: GfsimTests ..........................   Passed    0.05 sec
16/20 Test #13: ACSimTypesTests .....................   Passed    1.64 sec
17/20 Test #12: ACIROpsTests ........................***Failed    8.25 sec
Running main() from /private/tmp/googletest-20250910-5249-qce8ci/googletest-1.17.0/googletest/src/gtest_main.cc
[==========] Running 1845 tests from 4 test suites.
[----------] Global test environment set-up.
[----------] 32 tests from ACIROpsTest
[ RUN      ] ACIROpsTest.PublicBuildersConstructEveryTaskFourOperation
[       OK ] ACIROpsTest.PublicBuildersConstructEveryTaskFourOperation (3 ms)
[ RUN      ] ACIROpsTest.QueueBoundariesOwnEffectsAndFiringBodyIsPure
[       OK ] ACIROpsTest.QueueBoundariesOwnEffectsAndFiringBodyIsPure (1 ms)
[ RUN      ] ACIROpsTest.LayoutAndEffectsAreDeclaredThroughMLIRInterfaces
[       OK ] ACIROpsTest.LayoutAndEffectsAreDeclaredThroughMLIRInterfaces (0 ms)
[ RUN      ] ACIROpsTest.ClosedRegistryDoesNotLoadUnrelatedDialects
[       OK ] ACIROpsTest.ClosedRegistryDoesNotLoadUnrelatedDialects (0 ms)
[ RUN      ] ACIROpsTest.QualifiedNamedTypesImplementDataLayout
[       OK ] ACIROpsTest.QualifiedNamedTypesImplementDataLayout (0 ms)
[ RUN      ] ACIROpsTest.NamedAggregateLayoutUsesExactDLTIEntry
[       OK ] ACIROpsTest.NamedAggregateLayoutUsesExactDLTIEntry (0 ms)
[ RUN      ] ACIROpsTest.PublicRegistryIncludesOnlyRequiredDLTIDependency
[       OK ] ACIROpsTest.PublicRegistryIncludesOnlyRequiredDLTIDependency (1 ms)
[ RUN      ] ACIROpsTest.PublicBuildersConstructEveryTaskFiveOperation
[       OK ] ACIROpsTest.PublicBuildersConstructEveryTaskFiveOperation (0 ms)
[ RUN      ] ACIROpsTest.RegistryContainsExactQueueVarOperations
/Users/zhoubot/linx-isa/tools/pyCircuit/tests/cpp/agentic-circuit/Dialect/ACIR/OpsTest.cpp:428: Failure
Expected equality of these values:
  actual
    Which is: { "ac.address_map", "ac.address_space", "ac.array", "ac.assert", "ac.await_event", "ac.barrier", "ac.bitfield", "ac.broadcast", "ac.credit", "ac.credit.yield", "ac.dependency", "ac.dependency.yield", "ac.ensure", "ac.enum", "ac.event", "ac.event_queue", "ac.expect", "ac.expect.yield", "ac.feedback", "ac.feedback.yield", "ac.firing", "ac.firing.condition", "ac.firing.output", "ac.firing.yield", "ac.fork", "ac.guarantee", "ac.instance", "ac.instances", "ac.instrumentation", "ac.interface", "ac.marker.obligation", "ac.marker.type", ... }
  expected
    Which is: { "ac.address_map", "ac.address_space", "ac.array", "ac.assert", "ac.await_event", "ac.barrier", "ac.broadcast", "ac.credit", "ac.credit.yield", "ac.dependency", "ac.dependency.yield", "ac.ensure", "ac.enum", "ac.event", "ac.event_queue", "ac.expect", "ac.expect.yield", "ac.feedback", "ac.feedback.yield", "ac.firing", "ac.firing.yield", "ac.fork", "ac.guarantee", "ac.instance", "ac.instances", "ac.instrumentation", "ac.interface", "ac.marker.obligation", "ac.marker.type", "ac.marker.value", "ac.memory.instance", "ac.memory.request", ... }

[  FAILED  ] ACIROpsTest.RegistryContainsExactQueueVarOperations (0 ms)
[ RUN      ] ACIROpsTest.PublicBuildersConstructEveryTaskSixOperation
[       OK ] ACIROpsTest.PublicBuildersConstructEveryTaskSixOperation (0 ms)
[ RUN      ] ACIROpsTest.TaskSixRegistryDeltaIsExactlyNineGraphOperations
[       OK ] ACIROpsTest.TaskSixRegistryDeltaIsExactlyNineGraphOperations (0 ms)
[ RUN      ] ACIROpsTest.PublicBuildersConstructEveryTaskEightOperation
[       OK ] ACIROpsTest.PublicBuildersConstructEveryTaskEightOperation (3 ms)
[ RUN      ] ACIROpsTest.UnresolvedRuntimeReferencesDoNotInventEffects
[       OK ] ACIROpsTest.UnresolvedRuntimeReferencesDoNotInventEffects (0 ms)
[ RUN      ] ACIROpsTest.RuntimeAndQueueVarRegistryIsExact
/Users/zhoubot/linx-isa/tools/pyCircuit/tests/cpp/agentic-circuit/Dialect/ACIR/OpsTest.cpp:857: Failure
Expected equality of these values:
  context.getRegisteredOperationsByDialect("ac").size()
    Which is: 145
  121u
    Which is: 121

[  FAILED  ] ACIROpsTest.RuntimeAndQueueVarRegistryIsExact (0 ms)
[ RUN      ] ACIROpsTest.ProcessLinearLivenessDoesNotRescanBlockPerValue
[       OK ] ACIROpsTest.ProcessLinearLivenessDoesNotRescanBlockPerValue (19 ms)
[ RUN      ] ACIROpsTest.LargeArrayVerificationIsDeterministic
[       OK ] ACIROpsTest.LargeArrayVerificationIsDeterministic (5 ms)
[ RUN      ] ACIROpsTest.ModulePortMetadataPrintsAndReparsesCanonically
[       OK ] ACIROpsTest.ModulePortMetadataPrintsAndReparsesCanonically (0 ms)
[ RUN      ] ACIROpsTest.StructuralProvidersAreContextOwnedAndExact
[       OK ] ACIROpsTest.StructuralProvidersAreContextOwnedAndExact (0 ms)
[ RUN      ] ACIROpsTest.StaticUnitDictionaryUsesClosedACIRUnitSet
[       OK ] ACIROpsTest.StaticUnitDictionaryUsesClosedACIRUnitSet (0 ms)
[ RUN      ] ACIROpsTest.HierarchyDepthAndOwnerBudgetsRejectCompactGraphs
[       OK ] ACIROpsTest.HierarchyDepthAndOwnerBudgetsRejectCompactGraphs (141 ms)
[ RUN      ] ACIROpsTest.NestedArraysCountTaskSevenOwnersBeforeElaboration
[       OK ] ACIROpsTest.NestedArraysCountTaskSevenOwnersBeforeElaboration (344 ms)
[ RUN      ] ACIROpsTest.TaskSevenOwnersRegisterAtDistinctAbsoluteInstancePaths
[       OK ] ACIROpsTest.TaskSevenOwnersRegisterAtDistinctAbsoluteInstancePaths (0 ms)
[ RUN      ] ACIROpsTest.TaskEightOwnersRegisterAtDistinctAbsoluteInstancePaths
[       OK ] ACIROpsTest.TaskEightOwnersRegisterAtDistinctAbsoluteInstancePaths (0 ms)
[ RUN      ] ACIROpsTest.TaskEightOwnersParticipateInSaturatedArrayBudget
[       OK ] ACIROpsTest.TaskEightOwnersParticipateInSaturatedArrayBudget (965 ms)
[ RUN      ] ACIROpsTest.TraceSourcesHaveOneOwnerAcrossElaboratedHierarchy
[       OK ] ACIROpsTest.TraceSourcesHaveOneOwnerAcrossElaboratedHierarchy (1 ms)
[ RUN      ] ACIROpsTest.TraceSourceArrayDuplicationFailsBeforeElaboration
[       OK ] ACIROpsTest.TraceSourceArrayDuplicationFailsBeforeElaboration (0 ms)
[ RUN      ] ACIROpsTest.StaticContractsUseFreezePhaseModuleEffects
[       OK ] ACIROpsTest.StaticContractsUseFreezePhaseModuleEffects (0 ms)
[ RUN      ] ACIROpsTest.ExplicitViewProvenanceScalesNearLinearly
[       OK ] ACIROpsTest.ExplicitViewProvenanceScalesNearLinearly (53 ms)
[ RUN      ] ACIROpsTest.TopologyVerifierWalksTypeAttributesAndLocations
[       OK ] ACIROpsTest.TopologyVerifierWalksTypeAttributesAndLocations (0 ms)
[ RUN      ] ACIROpsTest.ReverseChainOwnershipAnalysisHasLinearScaling
[       OK ] ACIROpsTest.ReverseChainOwnershipAnalysisHasLinearScaling (672 ms)
[ RUN      ] ACIROpsTest.TransitionTableRejectsAmbiguousRowsDeterministically
[       OK ] ACIROpsTest.TransitionTableRejectsAmbiguousRowsDeterministically (0 ms)
[ RUN      ] ACIROpsTest.TableEntryTypeRejectsNonStructRecordKindsAndNesting
[       OK ] ACIROpsTest.TableEntryTypeRejectsNonStructRecordKindsAndNesting (0 ms)
[----------] 32 tests from ACIROpsTest (2219 ms total)

[----------] 12 tests from ACIRResourcesTest
[ RUN      ] ACIRResourcesTest.CheckedArithmeticAndIntervalsRejectBoundaries
[       OK ] ACIRResourcesTest.CheckedArithmeticAndIntervalsRejectBoundaries (0 ms)
[ RUN      ] ACIRResourcesTest.RationalNormalizationIsExactAndBounded
[       OK ] ACIRResourcesTest.RationalNormalizationIsExactAndBounded (0 ms)
[ RUN      ] ACIRResourcesTest.DomainTickUsesNormativePhasePlusCycleTimesPeriod
[       OK ] ACIRResourcesTest.DomainTickUsesNormativePhasePlusCycleTimesPeriod (0 ms)
[ RUN      ] ACIRResourcesTest.TaskSevenRegistryDeltaIsExactlySixOperations
[       OK ] ACIRResourcesTest.TaskSevenRegistryDeltaIsExactlySixOperations (0 ms)
[ RUN      ] ACIRResourcesTest.PublicBuildersAndTypedEffectsCoverAllSixOperations
[       OK ] ACIRResourcesTest.PublicBuildersAndTypedEffectsCoverAllSixOperations (0 ms)
[ RUN      ] ACIRResourcesTest.EffectsUseDefinitionQualifiedPreFreezeIdentity
[       OK ] ACIRResourcesTest.EffectsUseDefinitionQualifiedPreFreezeIdentity (0 ms)
[ RUN      ] ACIRResourcesTest.LargeAddressMapAndParentGraphScaleNearLinearly
[       OK ] ACIRResourcesTest.LargeAddressMapAndParentGraphScaleNearLinearly (171 ms)
[ RUN      ] ACIRResourcesTest.MixedGeometryDistinctPrioritiesScaleNearLinearly
[       OK ] ACIRResourcesTest.MixedGeometryDistinctPrioritiesScaleNearLinearly (167 ms)
[ RUN      ] ACIRResourcesTest.SingleSelectedStripeMixedGeometriesScaleNearLinearly
[       OK ] ACIRResourcesTest.SingleSelectedStripeMixedGeometriesScaleNearLinearly (149 ms)
[ RUN      ] ACIRResourcesTest.SingleSelectionHandlesPartialEmptyAndFullWidthIntervals
[       OK ] ACIRResourcesTest.SingleSelectionHandlesPartialEmptyAndFullWidthIntervals (1 ms)
[ RUN      ] ACIRResourcesTest.GeneralMixedIntersectionCapabilityIsExactAndPermutationInvariant
[       OK ] ACIRResourcesTest.GeneralMixedIntersectionCapabilityIsExactAndPermutationInvariant (1760 ms)
[ RUN      ] ACIRResourcesTest.SingleBankSelectionsDoNotConsumeGeneralMixedBudget
[       OK ] ACIRResourcesTest.SingleBankSelectionsDoNotConsumeGeneralMixedBudget (10 ms)
[----------] 12 tests from ACIRResourcesTest (2260 ms total)

[----------] 1 test from ACIRFreezeEffectsTest
[ RUN      ] ACIRFreezeEffectsTest.FrozenEffectsUseElaboratedAbsoluteOwnerSets
[       OK ] ACIRFreezeEffectsTest.FrozenEffectsUseElaboratedAbsoluteOwnerSets (1 ms)
[----------] 1 test from ACIRFreezeEffectsTest (1 ms total)

[----------] 1800 tests from SmallDomain/SelectorOracleTest
[ RUN      ] SmallDomain/SelectorOracleTest.MatchesManualSmallDomainEnumeration/FF_0
[       OK ] SmallDomain/SelectorOracleTest.MatchesManualSmallDomainEnumeration/FF_0 (0 ms)
[ RUN      ] SmallDomain/SelectorOracleTest.MatchesManualSmallDomainEnumeration/GF_1
[       OK ] SmallDomain/SelectorOracleTest.MatchesManualSmallDomainEnumeration/GF_1 (0 ms)
[ RUN      ] SmallDomain/SelectorOracleTest.MatchesManualSmallDomainEnumeration/GGSame_2
[       OK ] SmallDomain/SelectorOracleTest.MatchesManualSmallDomainEnumeration/GGSame_2 (0 ms)
[ RUN      ] SmallDomain/SelectorOracleTest.MatchesManualSmallDomainEnumeration/GGMixed_3
[       OK ] SmallDomain/SelectorOracleTest.MatchesManualSmallDomainEnumeration/GGMixed_3 (5 ms)
[ RUN      ] SmallDomain/SelectorOracleTest.MatchesManualSmallDomainEnumeration/FF_4
[       OK ] SmallDomain/SelectorOracleTest.MatchesManualSmallDomainEnumeration/FF_4 (0 ms)
[ RUN      ] SmallDomain/SelectorOracleTest.MatchesManualSmallDomainEnumeration/GF_5
[       OK ] SmallDomain/SelectorOracleTest.MatchesManualSmallDomainEnumeration/GF_5 (0 ms)
[ RUN      ] SmallDomain/SelectorOracleTest.MatchesManualSmallDomainEnumeration/GGSame_6
[       OK ] SmallDomain/SelectorOracleTest.MatchesManualSmallDomainEnumeration/GGSame_6 (0 ms)
[ RUN      ] SmallDomain/SelectorOracleTest.MatchesManualSmallDomainEnumeration/GGMixed_7
[       OK ] SmallDomain/SelectorOracleTest.MatchesManualSmallDomainEnumeration/GGMixed_7 (5 ms)
[ RUN      ] SmallDomain/SelectorOracleTest.MatchesManualSmallDomainEnumeration/FF_8
[       OK ] SmallDomain/SelectorOracleTest.MatchesManualSmallDomainEnumeration/FF_8 (0 ms)
[ RUN      ] SmallDomain/SelectorOracleTest.MatchesManualSmallDomainEnumeration/GF_9
[       OK ] SmallDomain/SelectorOracleTest.MatchesManualSmallDomainEnumeration/GF_9 (0 ms)
[ RUN      ] SmallDomain/SelectorOracleTest.MatchesManualSmallDomainEnumeration/GGSame_10
[       OK ] SmallDomain/SelectorOracleTest.MatchesManualSmallDomainEnumeration/GGSame_10 (0 ms)
[ RUN      ] SmallDomain/SelectorOracleTest.MatchesManualSmallDomainEnumeration/GGMixed_11
[       OK ] SmallDomain/SelectorOracleTest.MatchesManualSmallDomainEnumeration/GGMixed_11 (5 ms)
[ RUN      ] SmallDomain/SelectorOracleTest.MatchesManualSmallDomainEnumeration/FF_12
[       OK ] SmallDomain/SelectorOracleTest.MatchesManualSmallDomainEnumeration/FF_12 (0 ms)
[ RUN      ] SmallDomain/SelectorOracleTest.MatchesManualSmallDomainEnumeration/GF_13
[       OK ] SmallDomain/SelectorOracleTest.MatchesManualSmallDomainEnumeration/GF_13 (0 ms)
[ RUN      ] SmallDomain/SelectorOracleTest.MatchesManualSmallDomainEnumeration/GGSame_14
[       OK ] SmallDomain/SelectorOracleTest.MatchesManualSmallDomainEnumeration/GGSame_14 (0 ms)
[ RUN      ] SmallDomain/SelectorOracleTest.MatchesManualSmallDomainEnumeration/GGMixed_15
[       OK ] SmallDomain/SelectorOracleTest.MatchesManualSmallDomainEnumeration/GGMixed_15 (4 ms)
[ RUN      ] SmallDomain/SelectorOracleTest.MatchesManualSmallDomainEnumeration/FF_16
[       OK ] SmallDomain/SelectorOracleTest.MatchesManualSmallDomainEnumeration/FF_16 (0 ms)
[ RUN      ] SmallDomain/SelectorOracleTest.MatchesManualSmallDomainEnumeration/GF_17
[       OK ] SmallDomain/SelectorOracleTest.MatchesManualSmallDomainEnumeration/GF_17 (0 ms)
[ RUN      ] SmallDomain/SelectorOracleTest.MatchesManualSmallDomainEnumeration/GGSame_18
[       OK ] SmallDomain/SelectorOracleTest.MatchesManualSmallDomainEnumeration/GGSame_18 (0 ms)
[ RUN      ] SmallDomain/SelectorOracleTest.MatchesManualSmallDomainEnumeration/GGMixed_19
[       OK ] SmallDomain/SelectorOracleTest.MatchesManualSmallDomainEnumeration/GGMixed_19 (5 ms)
[ RUN      ] SmallDomain/SelectorOracleTest.MatchesManualSmallDomainEnumeration/FF_20
[       OK ] SmallDomain/SelectorOracleTest.MatchesManualSmallDomainEnumeration/FF_20 (0 ms)
[ RUN      ] SmallDomain/SelectorOracleTest.MatchesManualSmallDomainEnumeration/GF_21
[       OK ] SmallDomain/SelectorOracleTest.MatchesManualSmallDomainEnumeration/GF_21 (0 ms)
[ RUN      ] SmallDomain/SelectorOracleTest.MatchesManualSmallDomainEnumeration/GGSame_22
[       OK ] SmallDomain/SelectorOracleTest.MatchesManualSmallDomainEnumeration/GGSame_22 (0 ms)
[ RUN      ] SmallDomain/SelectorOracleTest.MatchesManualSmallDomainEnumeration/GGMixed_23
[       OK ] SmallDomain/SelectorOracleTest.MatchesManualSmallDomainEnumeration/GGMixed_23 (4 ms)
[ RUN      ] SmallDomain/SelectorOracleTest.MatchesManualSmallDomainEnumeration/FF_24
[       OK ] SmallDomain/SelectorOracleTest.MatchesManualSmallDomainEnumeration/FF_24 (0 ms)
[ RUN      ] SmallDomain/SelectorOracleTest.MatchesManualSmallDomainEnumeration/GF_25
[       OK ] SmallDomain/SelectorOracleTest.MatchesManualSmallDomainEnumeration/GF_25 (0 ms)
[ RUN      ] SmallDomain/SelectorOracleTest.MatchesManualSmallDomainEnumeration/GGSame_26
[       OK ] SmallDomain/SelectorOracleTest.MatchesManualSmallDomainEnumeration/GGSame_26 (0 ms)
[ RUN      ] SmallDomain/SelectorOracleTest.MatchesManualSmallDomainEnumeration/GGMixed_27
[       OK ] SmallDomain/SelectorOracleTest.MatchesManualSmallDomainEnumeration/GGMixed_27 (5 ms)
[ RUN      ] SmallDomain/SelectorOracleTest.MatchesManualSmallDomainEnumeration/FF_28
[       OK ] SmallDomain/SelectorOracleTest.MatchesManualSmallDomainEnumeration/FF_28 (0 ms)
[ RUN      ] SmallDomain/SelectorOracleTest.MatchesManualSmallDomainEnumeration/GF_29
[       OK ] SmallDomain/SelectorOracleTest.MatchesManualSmallDomainEnumeration/GF_29 (0 ms)
[ RUN      ] SmallDomain/SelectorOracleTest.MatchesManualSmallDomainEnumeration/GGSame_30
[       OK ] SmallDomain/SelectorOracleTest.MatchesManualSmallDomainEnumeration/GGSame_30 (0 ms)
[ RUN      ] SmallDomain/SelectorOracleTest.MatchesManualSmallDomainEnumeration/GGMixed_31
[       OK ] SmallDomain/SelectorOracleTest.MatchesManualSmallDomainEnumeration/GGMixed_31 (4 ms)
[ RUN      ] SmallDomain/SelectorOracleTest.MatchesManualSmallDomainEnumeration/FF_32
[       OK ] SmallDomain/SelectorOracleTest.MatchesManualSmallDomainEnumeration/FF_32 (0 ms)
[ RUN      ] SmallDomain/SelectorOracleTest.MatchesManualSmallDomainEnumeration/GF_33
[       OK ] SmallDomain/SelectorOracleTest.MatchesManualSmallDomainEnumeration/GF_33 (0 ms)
[ RUN      ] SmallDomain/SelectorOracleTest.MatchesManualSmallDomainEnumeration/GGSame_34
[       OK ] SmallDomain/SelectorOracleTest.MatchesManualSmallDomainEnumeration/GGSame_34 (0 ms)
[ RUN      ] SmallDomain/SelectorOracleTest.MatchesManualSmallDomainEnumeration/GGMixed_35
[       OK ] SmallDomain/SelectorOracleTest.MatchesManualSmallDomainEnumeration/GGMixed_35 (5 ms)
[ RUN      ] SmallDomain/SelectorOracleTest.MatchesManualSmallDomainEnumeration/FF_36
[       OK ] SmallDomain/SelectorOracleTest.MatchesManualSmallDomainEnumeration/FF_36 (0 ms)
[ RUN      ] SmallDomain/SelectorOracleTest.MatchesManualSmallDomainEnumeration/GF_37
[       OK ] SmallDomain/SelectorOracleTest.MatchesManualSmallDomainEnumeration/GF_37 (0 ms)
[ RUN      ] SmallDomain/SelectorOracleTest.MatchesManualSmallDomainEnumeration/GGSame_38
[       OK ] SmallDomain/SelectorOracleTest.MatchesManualSmallDomainEnumeration/GGSame_38 (0 ms)
[ RUN      ] SmallDomain/SelectorOracleTest.MatchesManualSmallDomainEnumeration/GGMixed_39
[       OK ] SmallDomain/SelectorOracleTest.MatchesManualSmallDomainEnumeration/GGMixed_39 (4 ms)
[ RUN      ] SmallDomain/SelectorOracleTest.MatchesManualSmallDomainEnumeration/FF_40
[       OK ] SmallDomain/SelectorOracleTest.MatchesManualSmallDomainEnumeration/FF_40 (0 ms)
[ RUN      ] SmallDomain/SelectorOracleTest.MatchesManualSmallDomainEnumeration/GF_41
[       OK ] SmallDomain/SelectorOracleTest.MatchesManualSmallDomainEnumeration/GF_41 (0 ms)
[ RUN      ] SmallDomain/SelectorOracleTest.MatchesManualSmallDomainEnumeration/GGSame_42
[       OK ] SmallDomain/SelectorOracleTest.MatchesManualSmallDomainEnumeration/GGSame_42 (0 ms)
[ RUN      ] SmallDomain/SelectorOracleTest.MatchesManualSmallDomainEnumeration/GGMixed_43
[       OK ] SmallDomain/SelectorOracleTest.MatchesManualSmallDomainEnumeration/GGMixed_43 (5 ms)
[ RUN      ] SmallDomain/SelectorOracleTest.MatchesManualSmallDomainEnumeration/FF_44
[       OK ] SmallDomain/SelectorOracleTest.MatchesManualSmallDomainEnumeration/FF_44 (0 ms)
[ RUN      ] SmallDomain/SelectorOracleTest.MatchesManualSmallDomainEnumeration/GF_45
[       OK ] SmallDomain/SelectorOracleTest.MatchesManualSmallDomainEnumeration/GF_45 (0 ms)
[ RUN      ] SmallDomain/SelectorOracleTest.MatchesManualSmallDomainEnumeration/GGSame_46
[       OK ] SmallDomain/SelectorOracleTest.MatchesManualSmallDomainEnumeration/GGSame_46 (0 ms)
[ RUN      ] SmallDomain/SelectorOracleTest.MatchesManualSmallDomainEnumeration/GGMixed_47
[       OK ] SmallDomain/SelectorOracleTest.MatchesManualSmallDomainEnumeration/GGMixed_47 (4 ms)
[ RUN      ] SmallDomain/SelectorOracleTest.MatchesManualSmallDomainEnumeration/FF_48
[       OK ] SmallDomain/SelectorOracleTest.MatchesManualSmallDomainEnumeration/FF_48 (0 ms)
[ RUN      ] SmallDomain/SelectorOracleTest.MatchesManualSmallDomainEnumeration/GF_49
[       OK ] SmallDomain/SelectorOracleTest.MatchesManualSmallDomainEnumeration/GF_49 (0 ms)
[ RUN      ] SmallDomain/SelectorOracleTest.MatchesManualSmallDomainEnumeration/GGSame_50
[       OK ] SmallDomain/SelectorOracleTest.MatchesManualSmallDomainEnumeration/GGSame_50 (0 ms)
[ RUN      ] SmallDomain/SelectorOracleTest.MatchesManualSmallDomainEnumeration/GGMixed_51
[       OK ] SmallDomain/SelectorOracleTest.MatchesManualSmallDomainEnumeration/GGMixed_51 (5 ms)
[ RUN      ] SmallDomain/SelectorOracleTest.MatchesManualSmallDomainEnumeration/FF_52
[       OK ] SmallDomain/SelectorOracleTest.MatchesManualSmallDomainEnumeration/FF_52 (0 ms)
[ RUN      ] SmallDomain/SelectorOracleTest.MatchesManualSmallDomainEnumeration/GF_53
[       OK ] SmallDomain/SelectorOracleTest.MatchesManualSmallDomainEnumeration/GF_53 (0 ms)
[ RUN      ] SmallDomain/SelectorOracleTest.MatchesManualSmallDomainEnumeration/GGSame_54
[       OK ] SmallDomain/SelectorOracleTest.MatchesManualSmallDomainEnumeration/GGSame_54 (0 ms)
[ RUN      ] SmallDomain/SelectorOracleTest.MatchesManualSmallDomainEnumeration/GGMixed_55
[       OK ] SmallDomain/SelectorOracleTest.MatchesManualSmallDomainEnumeration/GGMixed_55 (5 ms)
[ RUN      ] SmallDomain/SelectorOracleTest.MatchesManualSmallDomainEnumeration/FF_56
[       OK ] SmallDomain/SelectorOracleTest.MatchesManualSmallDomainEnumeration/FF_56 (0 ms)
[ RUN      ] SmallDomain/SelectorOracleTest.MatchesManualSmallDomainEnumeration/GF_57
[       OK ] SmallDomain/SelectorOracleTest.MatchesManualSmallDomainEnumeration/GF_57 (0 ms)
[ RUN      ] SmallDomain/SelectorOracleTest.MatchesManualSmallDomainEnumeration/GGSame_58
[       OK ] SmallDomain/SelectorOracleTest.MatchesManualSmallDomainEnumeration/GGSame_58 (0 ms)
[ RUN      ] SmallDomain/SelectorOracleTest.MatchesManualSmallDomainEnumeration/GGMixed_59
[       OK ] SmallDomain/SelectorOracleTest.MatchesManualSmallDomainEnumeration/GGMixed_59 (5 ms)
[ RUN      ] SmallDomain/SelectorOracleTest.MatchesManualSmallDomainEnumeration/FF_60
[       OK ] SmallDomain/SelectorOracleTest.MatchesManualSmallDomainEnumeration/FF_60 (0 ms)
[ RUN      ] SmallDomain/SelectorOracleTest.MatchesManualSmallDomainEnumeration/GF_61
[       OK ] SmallDomain/SelectorOracleTest.MatchesManualSmallDomainEnumeration/GF_61 (0 ms)
[ RUN      ] SmallDomain/SelectorOracleTest.MatchesManualSmallDomainEnumeration/GGSame_62
[       OK ] SmallDomain/SelectorOracleTest.MatchesManualSmallDomainEnumeration/GGSame_62 (0 ms)
[ RUN      ] SmallDomain/SelectorOracleTest.MatchesManualSmallDomainEnumeration/GGMixed_63
[       OK ] SmallDomain/SelectorOracleTest.MatchesManualSmallDomainEnumeration/GGMixed_63 (4 ms)
[ RUN      ] SmallDomain/SelectorOracleTest.MatchesManualSmallDomainEnumeration/FF_64
[       OK ] SmallDomain/SelectorOracleTest.MatchesManualSmallDomainEnumeration/FF_64 (0 ms)
[ RUN      ] SmallDomain/SelectorOracleTest.MatchesManualSmallDomainEnumeration/GF_65
[       OK ] SmallDomain/SelectorOracleTest.MatchesManualSmallDomainEnumeration/GF_65 (0 ms)
[ RUN      ] SmallDomain/SelectorOracleTest.MatchesManualSmallDomainEnumeration/GGSame_66
[       OK ] SmallDomain/SelectorOracleTest.MatchesManualSmallDomainEnumeration/GGSame_66 (0 ms)
[ RUN      ] SmallDomain/SelectorOracleTest.MatchesManualSmallDomainEnumeration/GGMixed_67
[       OK ] SmallDomain/SelectorOracleTest.MatchesManualSmallDomainEnumeration/GGMixed_67 (6 ms)
[ RUN      ] SmallDomain/SelectorOracleTest.MatchesManualSmallDomainEnumeration/FF_68
[       OK ] SmallDomain/SelectorOracleTest.MatchesManualSmallDomainEnumeration/FF_68 (0 ms)
[ RUN      ] SmallDomain/SelectorOracleTest.MatchesManualSmallDomainEnumeration/GF_69
[       OK ] SmallDomain/SelectorOracleTest.MatchesManualSmallDomainEnumeration/GF_69 (0 ms)
[ RUN      ] SmallDomain/SelectorOracleTest.MatchesManualSmallDomainEnumeration/GGSame_70
[       OK ] SmallDomain/SelectorOracleTest.MatchesManualSmallDomainEnumeration/GGSame_70 (0 ms)
[ RUN      ] SmallDomain/SelectorOracleTest.MatchesManualSmallDomainEnumeration/GGMixed_71
[       OK ] SmallDomain/SelectorOracleTest.MatchesManualSmallDomainEnumeration/GGMixed_71 (5 ms)
[ RUN      ] SmallDomain/SelectorOracleTest.MatchesManualSmallDomainEnumeration/FF_72
[       OK ] SmallDomain/SelectorOracleTest.MatchesManualSmallDomainEnumeration/FF_72 (0 ms)
[ RUN      ] SmallDomain/SelectorOracleTest.MatchesManualSmallDomainEnumeration/GF_73
[       OK ] SmallDomain/SelectorOracleTest.MatchesManualSmallDomainEnumeration/GF_73 (0 ms)
[ RUN      ] SmallDomain/SelectorOracleTest.MatchesManualSmallDomainEnumeration/GGSame_74
[       OK ] SmallDomain/SelectorOracleTest.MatchesManualSmallDomainEnumeration/GGSame_74 (0 ms)
[ RUN      ] SmallDomain/SelectorOracleTest.MatchesManualSmallDomainEnumeration/GGMixed_75
[       OK ] SmallDomain/SelectorOracleTest.MatchesManualSmallDomainEnumeration/GGMixed_75 (6 ms)
[ RUN      ] SmallDomain/SelectorOracleTest.MatchesManualSmallDomainEnumeration/FF_76
[       OK ] SmallDomain/SelectorOracleTest.MatchesManualSmallDomainEnumeration/FF_76 (0 ms)
[ RUN      ] SmallDomain/SelectorOracleTest.MatchesManualSmallDomainEnumeration/GF_77
[       OK ] SmallDomain/SelectorOracleTest.MatchesManualSmallDomainEnumeration/GF_77 (0 ms)
[ RUN      ] SmallDomain/SelectorOracleTest.MatchesManualSmallDomainEnumeration/GGSame_78
[       OK ] SmallDomain/SelectorOracleTest.MatchesManualSmallDomainEnumeration/GGSame_78 (0 ms)
[ RUN      ] SmallDomain/SelectorOracleTest.MatchesManualSmallDomainEnumeration/GGMixed_79
[       OK ] SmallDomain/SelectorOracleTest.MatchesManualSmallDomainEnumeration/GGMixed_79 (5 ms)
[ RUN      ] SmallDomain/SelectorOracleTest.MatchesManualSmallDomainEnumeration/FF_80
[       OK ] SmallDomain/SelectorOracleTest.MatchesManualSmallDomainEnumeration/FF_80 (0 ms)
[ RUN      ] SmallDomain/SelectorOracleTest.MatchesManualSmallDomainEnumeration/GF_81
[       OK ] SmallDomain/SelectorOracleTest.MatchesManualSmallDomainEnumeration/GF_81 (0 ms)
[ RUN      ] SmallDomain/SelectorOracleTest.MatchesManualSmallDomainEnumeration/GGSame_82
[       OK ] SmallDomain/SelectorOracleTest.MatchesManualSmallDomainEnumeration/GGSame_82 (0 ms)
[ RUN      ] SmallDomain/SelectorOracleTest.MatchesManualSmallDomainEnumeration/GGMixed_83
[       OK ] SmallDomain/SelectorOracleTest.MatchesManualSmallDomainEnumeration/GGMixed_83 (6 ms)
[ RUN      ] SmallDomain/SelectorOracleTest.MatchesManualSmallDomainEnumeration/FF_84
[       OK ] SmallDomain/SelectorOracleTest.MatchesManualSmallDomainEnumeration/FF_84 (0 ms)
[ RUN      ] SmallDomain/SelectorOracleTest.MatchesManualSmallDomainEnumeration/GF_85
[       OK ] SmallDomain/SelectorOracleTest.MatchesManualSmallDomainEnumeration/GF_85 (0 ms)
[ RUN      ] SmallDomain/SelectorOracleTest.MatchesManualSmallDomainEnumeration/GGSame_86
[       OK ] SmallDomain/SelectorOracleTest.MatchesManualSmallDomainEnumeration/GGSame_86 (0 ms)
[ RUN      ] SmallDomain/SelectorOracleTest.MatchesManualSmallDomainEnumeration/GGMixed_87
[       OK ] SmallDomain/SelectorOracleTest.MatchesManualSmallDomainEnumeration/GGMixed_87 (5 ms)
[ RUN      ] SmallDomain/SelectorOracleTest.MatchesManualSmallDomainEnumeration/FF_88
[       OK ] SmallDomain/SelectorOracleTest.MatchesManualSmallDomainEnumeration/FF_88 (0 ms)
[ RUN      ] SmallDomain/SelectorOracleTest.MatchesManualSmallDomainEnumeration/GF_89
[       OK ] SmallDomain/SelectorOracleTest.MatchesManualSmallDomainEnumeration/GF_89 (0 ms)
[ RUN      ] SmallDomain/SelectorOracleTest.MatchesManualSmallDomainEnumeration/GGSame_90
[       OK ] SmallDomain/SelectorOracleTest.MatchesManualSmallDomainEnumeration/GGSame_90 (0 ms)
[ RUN      ] SmallDomain/SelectorOracleTest.MatchesManualSmallDomainEnumeration/GGMixed_91
[       OK ] SmallDomain/SelectorOracleTest.MatchesManualSmallDomainEnumeration/GGMixed_91 (6 ms)
[ RUN      ] SmallDomain/SelectorOracleTest.MatchesManualSmallDomainEnumeration/FF_92
[       OK ] SmallDomain/SelectorOracleTest.MatchesManualSmallDomainEnumeration/FF_92 (0 ms)
[ RUN      ] SmallDomain/SelectorOracleTest.MatchesManualSmallDomainEnumeration/GF_93
[       OK ] SmallDomain/SelectorOracleTest.MatchesManualSmallDomainEnumeration/GF_93 (0 ms)
[ RUN      ] SmallDomain/SelectorOracleTest.MatchesManualSmallDomainEnumeration/GGSame_94
[       OK ] SmallDomain/SelectorOracleTest.MatchesManualSmallDomainEnumeration/GGSame_94 (0 ms)
[ RUN      ] SmallDomain/SelectorOracleTest.MatchesManualSmallDomainEnumeration/GGMixed_95
[       OK ] SmallDomain/SelectorOracleTest.MatchesManualSmallDomainEnumeration/GGMixed_95 (4 ms)
[ RUN      ] SmallDomain/SelectorOracleTest.MatchesManualSmallDomainEnumeration/FF_96
[       OK ] SmallDomain/SelectorOracleTest.MatchesManualSmallDomainEnumeration/FF_96 (0 ms)
[ RUN      ] SmallDomain/SelectorOracleTest.MatchesManualSmallDomainEnumeration/GF_97
[       OK ] SmallDomain/SelectorOracleTest.MatchesManualSmallDomainEnumeration/GF_97 (0 ms)
[ RUN      ] SmallDomain/SelectorOracleTest.MatchesManualSmallDomainEnumeration/GGSame_98
[       OK ] SmallDomain/SelectorOracleTest.MatchesManualSmallDomainEnumeration/GGSame_98 (0 ms)
[ RUN      ] SmallDomain/SelectorOracleTest.MatchesManualSmallDomainEnumeration/GGMixed_99
[       OK ] SmallDomain/SelectorOracleTest.MatchesManualSmallDomainEnumeration/GGMixed_99 (8 ms)
[ RUN      ] SmallDomain/SelectorOracleTest.MatchesManualSmallDomainEnumeration/FF_100
[       OK ] SmallDomain/SelectorOracleTest.MatchesManualSmallDomainEnumeration/FF_100 (0 ms)
[ RUN      ] SmallDomain/SelectorOracleTest.MatchesManualSmallDomainEnumeration/GF_101
[       OK ] SmallDomain/SelectorOracleTest.MatchesManualSmallDomainEnumeration/GF_101 (0 ms)
[ RUN      ] SmallDomain/SelectorOracleTest.MatchesManualSmallDomainEnumeration/GGSame_102
[       OK ] SmallDomain/SelectorOracleTest.MatchesManualSmallDomainEnumeration/GGSame_102 (0 ms)
[ RUN      ] SmallDomain/SelectorOracleTest.MatchesManualSmallDomainEnumeration/GGMixed_103
[       OK ] SmallDomain/SelectorOracleTest.MatchesManualSmallDomainEnumeration/GGMixed_103 (6 ms)
[ RUN      ] SmallDomain/SelectorOracleTest.MatchesManualSmallDomainEnumeration/FF_104
[       OK ] SmallDomain/SelectorOracleTest.MatchesManualSmallDomainEnumeration/FF_104 (0 ms)
[ RUN      ] SmallDomain/SelectorOracleTest.MatchesManualSmallDomainEnumeration/GF_105
[       OK ] SmallDomain/SelectorOracleTest.MatchesManualSmallDomainEnumeration/GF_105 (0 ms)
[ RUN      ] SmallDomain/SelectorOracleTest.MatchesManualSmallDomainEnumeration/GGSame_106
[       OK ] SmallDomain/SelectorOracleTest.MatchesManualSmallDomainEnumeration/GGSame_106 (0 ms)
[ RUN      ] SmallDomain/SelectorOracleTest.MatchesManualSmallDomainEnumeration/GGMixed_107
[       OK ] SmallDomain/SelectorOracleTest.MatchesManualSmallDomainEnumeration/GGMixed_107 (5 ms)
[ RUN      ] SmallDomain/SelectorOracleTest.MatchesManualSmallDomainEnumeration/FF_108
[       OK ] SmallDomain/SelectorOracleTest.MatchesManualSmallDomainEnumeration/FF_108 (0 ms)
[ RUN      ] SmallDomain/SelectorOracleTest.MatchesManualSmallDomainEnumeration/GF_109
[       OK ] SmallDomain/SelectorOracleTest.MatchesManualSmallDomainEnumeration/GF_109 (0 ms)
[ RUN      ] SmallDomain/SelectorOracleTest.MatchesManualSmallDomainEnumeration/GGSame_110
[       OK ] SmallDomain/SelectorOracleTest.MatchesManualSmallDomainEnumeration/GGSame_110 (0 ms)
[ RUN      ] SmallDomain/SelectorOracleTest.MatchesManualSmallDomainEnumeration/GGMixed_111
[       OK ] SmallDomain/SelectorOracleTest.MatchesManualSmallDomainEnumeration/GGMixed_111 (5 ms)
[ RUN      ] SmallDomain/SelectorOracleTest.MatchesManualSmallDomainEnumeration/FF_112
[       OK ] SmallDomain/SelectorOracleTest.MatchesManualSmallDomainEnumeration/FF_112 (0 ms)
[ RUN      ] SmallDomain/SelectorOracleTest.MatchesManualSmallDomainEnumeration/GF_113
[       OK ] SmallDomain/SelectorOracleTest.MatchesManualSmallDomainEnumeration/GF_113 (0 ms)
[ RUN      ] SmallDomain/SelectorOracleTest.MatchesManualSmallDomainEnumeration/GGSame_114
[       OK ] SmallDomain/SelectorOracleTest.MatchesManualSmallDomainEnumeration/GGSame_114 (0 ms)
[ RUN      ] SmallDomain/SelectorOracleTest.MatchesManualSmallDomainEnumeration/GGMixed_115
[       OK ] SmallDomain/SelectorOracleTest.MatchesManualSmallDomainEnumeration/GGMixed_115 (6 ms)
[ RUN      ] SmallDomain/SelectorOracleTest.MatchesManualSmallDomainEnumeration/FF_116
[       OK ] SmallDomain/SelectorOracleTest.MatchesManualSmallDomainEnumeration/FF_116 (0 ms)
[ RUN      ] SmallDomain/SelectorOracleTest.MatchesManualSmallDomainEnumeration/GF_117
[       OK ] SmallDomain/SelectorOracleTest.MatchesManualSmallDomainEnumeration/GF_117 (0 ms)
[ RUN      ] SmallDomain/SelectorOracleTest.MatchesManualSmallDomainEnumeration/GGSame_118
[       OK ] SmallDomain/SelectorOracleTest.MatchesManualSmallDomainEnumeration/GGSame_118 (0 ms)
[ RUN      ] SmallDomain/SelectorOracleTest.MatchesManualSmallDomainEnumeration/GGMixed_119
[       OK ] SmallDomain/SelectorOracleTest.MatchesManualSmallDomainEnumeration/GGMixed_119 (5 ms)
[ RUN      ] SmallDomain/SelectorOracleTest.MatchesManualSmallDomainEnumeration/FF_120
[       OK ] SmallDomain/SelectorOracleTest.MatchesManualSmallDomainEnumeration/FF_120 (0 ms)
[ RUN      ] SmallDomain/SelectorOracleTest.MatchesManualSmallDomainEnumeration/GF_121
[       OK ] SmallDomain/SelectorOracleTest.MatchesManualSmallDomainEnumeration/GF_121 (0 ms)
[ RUN      ] SmallDomain/SelectorOracleTest.MatchesManualSmallDomainEnumeration/GGSame_122
[       OK ] SmallDomain/SelectorOracleTest.MatchesManualSmallDomainEnumeration/GGSame_122 (0 ms)
[ RUN      ] SmallDomain/SelectorOracleTest.MatchesManualSmallDomainEnumeration/GGMixed_123
[       OK ] SmallDomain/SelectorOracleTest.MatchesManualSmallDomainEnumeration/GGMixed_123 (5 ms)
[ RUN      ] SmallDomain/SelectorOracleTest.MatchesManualSmallDomainEnumeration/FF_124
[       OK ] SmallDomain/SelectorOracleTest.MatchesManualSmallDomainEnumeration/FF_124 (0 ms)
[ RUN      ] SmallDomain/SelectorOracleTest.MatchesManualSmallDomainEnumeration/GF_125
[       OK ] SmallDomain/SelectorOracleTest.MatchesManualSmallDomainEnumeration/GF_125 (0 ms)
[ RUN      ] SmallDomain/SelectorOracleTest.MatchesManualSmallDomainEnumeration/GGSame_126
[       OK ] SmallDomain/SelectorOracleTest.MatchesManualSmallDomainEnumeration/GGSame_126 (0 ms)
[ RUN      ] SmallDomain/SelectorOracleTest.MatchesManualSmallDomainEnumeration/GGMixed_127
[       OK ] SmallDomain/SelectorOracleTest.MatchesManualSmallDomainEnumeration/GGMixed_127 (5 ms)
[ RUN      ] SmallDomain/SelectorOracleTest.MatchesManualSmallDomainEnumeration/FF_128
[       OK ] SmallDomain/SelectorOracleTest.MatchesManualSmallDomainEnumeration/FF_128 (0 ms)
[ RUN      ] SmallDomain/SelectorOracleTest.MatchesManualSmallDomainEnumeration/GF_129
[       OK ] SmallDomain/SelectorOracleTest.MatchesManualSmallDomainEnumeration/GF_129 (0 ms)
[ RUN      ] SmallDomain/SelectorOracleTest.MatchesManualSmallDomainEnumeration/GGSame_130
[       OK ] SmallDomain/SelectorOracleTest.MatchesManualSmallDomainEnumeration/GGSame_130 (0 ms)
[ RUN      ] SmallDomain/SelectorOracleTest.MatchesManualSmallDomainEnumeration/GGMixed_131
[       OK ] SmallDomain/SelectorOracleTest.MatchesManualSmallDomainEnumeration/GGMixed_131 (6 ms)
[ RUN      ] SmallDomain/SelectorOracleTest.MatchesManualSmallDomainEnumeration/FF_132
[       OK ] SmallDomain/SelectorOracleTest.MatchesManualSmallDomainEnumeration/FF_132 (0 ms)
[ RUN      ] SmallDomain/SelectorOracleTest.MatchesManualSmallDomainEnumeration/GF_133
[       OK ] SmallDomain/SelectorOracleTest.MatchesManualSmallDomainEnumeration/GF_133 (0 ms)
[ RUN      ] SmallDomain/SelectorOracleTest.MatchesManualSmallDomainEnumeration/GGSame_134
[       OK ] SmallDomain/SelectorOracleTest.MatchesManualSmallDomainEnumeration/GGSame_134 (0 ms)
[ RUN      ] SmallDomain/SelectorOracleTest.MatchesManualSmallDomainEnumeration/GGMixed_135
[       OK ] SmallDomain/SelectorOracleTest.MatchesManualSmallDomainEnumeration/GGMixed_135 (5 ms)
[ RUN      ] SmallDomain/SelectorOracleTest.MatchesManualSmallDomainEnumeration/FF_136
[       OK ] SmallDomain/SelectorOracleTest.MatchesManualSmallDomainEnumeration/FF_136 (0 ms)
[ RUN      ] SmallDomain/SelectorOracleTest.MatchesManualSmallDomainEnumeration/GF_137
[       OK ] SmallDomain/SelectorOracleTest.MatchesManualSmallDomainEnumeration/GF_137 (0 ms)
[ RUN      ] SmallDomain/SelectorOracleTest.MatchesManualSmallDomainEnumeration/GGSame_138
[       OK ] SmallDomain/SelectorOracleTest.MatchesManualSmallDomainEnumeration/GGSame_138 (0 ms)
[ RUN      ] SmallDomain/SelectorOracleTest.MatchesManualSmallDomainEnumeration/GGMixed_139
[       OK ] SmallDomain/SelectorOracleTest.MatchesManualSmallDomainEnumeration/GGMixed_139 (5 ms)
[ RUN      ] SmallDomain/SelectorOracleTest.MatchesManualSmallDomainEnumeration/FF_140
[       OK ] SmallDomain/SelectorOracleTest.MatchesManualSmallDomainEnumeration/FF_140 (0 ms)
[ RUN      ] SmallDomain/SelectorOracleTest.MatchesManualSmallDomainEnumeration/GF_141
[       OK ] SmallDomain/SelectorOracleTest.MatchesManualSmallDomainEnumeration/GF_141 (0 ms)
[ RUN      ] SmallDomain/SelectorOracleTest.MatchesManualSmallDomainEnumeration/GGSame_142
[       OK ] SmallDomain/SelectorOracleTest.MatchesManualSmallDomainEnumeration/GGSame_142 (0 ms)
[ RUN      ] SmallDomain/SelectorOracleTest.MatchesManualSmallDomainEnumeration/GGMixed_143
[       OK ] SmallDomain/SelectorOracleTest.MatchesManualSmallDomainEnumeration/GGMixed_143 (4 ms)
[ RUN      ] SmallDomain/SelectorOracleTest.MatchesManualSmallDomainEnumeration/FF_144
[       OK ] SmallDomain/SelectorOracleTest.MatchesManualSmallDomainEnumeration/FF_144 (0 ms)
[ RUN      ] SmallDomain/SelectorOracleTest.MatchesManualSmallDomainEnumeration/GF_145
[       OK ] SmallDomain/SelectorOracleTest.MatchesManualSmallDomainEnumeration/GF_145 (0 ms)
[ RUN      ] SmallDomain/SelectorOracleTest.MatchesManualSmallDomainEnumeration/GGSame_146
[       OK ] SmallDomain/SelectorOracleTest.MatchesManualSmallDomainEnumeration/GGSame_146 (0 ms)
[ RUN      ] SmallDomain/SelectorOracleTest.MatchesManualSmallDomainEnumeration/GGMixed_147
[       OK ] SmallDomain/SelectorOracleTest.MatchesManualSmallDomainEnumeration/GGMixed_147 (6 ms)
[ RUN      ] SmallDomain/SelectorOracleTest.MatchesManualSmallDomainEnumeration/FF_148
[       OK ] SmallDomain/SelectorOracleTest.MatchesManualSmallDomainEnumeration/FF_148 (0 ms)
[ RUN      ] SmallDomain/SelectorOracleTest.MatchesManualSmallDomainEnumeration/GF_149
[       OK ] SmallDomain/SelectorOracleTest.MatchesManualSmallDomainEnumeration/GF_149 (0 ms)
[ RUN      ] SmallDomain/SelectorOracleTest.MatchesManualSmallDomainEnumeration/GGSame_150
[       OK ] SmallDomain/SelectorOracleTest.MatchesManualSmallDomainEnumeration/GGSame_150 (0 ms)
[ RUN      ] SmallDomain/SelectorOracleTest.MatchesManualSmallDomainEnumeration/GGMixed_151
[       OK ] SmallDomain/SelectorOracleTest.MatchesManualSmallDomainEnumeration/GGMixed_151 (5 ms)
[ RUN      ] SmallDomain/SelectorOracleTest.MatchesManualSmallDomainEnumeration/FF_152
[       OK ] SmallDomain/SelectorOracleTest.MatchesManualSmallDomainEnumeration/FF_152 (0 ms)
[ RUN      ] SmallDomain/SelectorOracleTest.MatchesManualSmallDomainEnumeration/GF_153
[       OK ] SmallDomain/SelectorOracleTest.MatchesManualSmallDomainEnumeration/GF_153 (0 ms)
[ RUN      ] SmallDomain/SelectorOracleTest.MatchesManualSmallDomainEnumeration/GGSame_154
[       OK ] SmallDomain/SelectorOracleTest.MatchesManualSmallDomainEnumeration/GGSame_154 (0 ms)
[ RUN      ] SmallDomain/SelectorOracleTest.MatchesManualSmallDomainEnumeration/GGMixed_155
[       OK ] SmallDomain/SelectorOracleTest.MatchesManualSmallDomainEnumeration/GGMixed_155 (5 ms)
[ RUN      ] SmallDomain/SelectorOracleTest.MatchesManualSmallDomainEnumeration/FF_156
[       OK ] SmallDomain/SelectorOracleTest.MatchesManualSmallDomainEnumeration/FF_156 (0 ms)
[ RUN      ] SmallDomain/SelectorOracleTest.MatchesManualSmallDomainEnumeration/GF_157
[       OK ] SmallDomain/SelectorOracleTest.MatchesManualSmallDomainEnumeration/GF_157 (0 ms)
[ RUN      ] SmallDomain/SelectorOracleTest.MatchesManualSmallDomainEnumeration/GGSame_158
[       OK ] SmallDomain/SelectorOracleTest.MatchesManualSmallDomainEnumeration/GGSame_158 (0 ms)
[ RUN      ] SmallDomain/SelectorOracleTest.MatchesManualSmallDomainEnumeration/GGMixed_159
[       OK ] SmallDomain/SelectorOracleTest.MatchesManualSmallDomainEnumeration/GGMixed_159 (5 ms)
[ RUN      ] SmallDomain/SelectorOracleTest.MatchesManualSmallDomainEnumeration/FF_160
[       OK ] SmallDomain/SelectorOracleTest.MatchesManualSmallDomainEnumeration/FF_160 (0 ms)
[ RUN      ] SmallDomain/SelectorOracleTest.MatchesManualSmallDomainEnumeration/GF_161
[       OK ] SmallDomain/SelectorOracleTest.MatchesManualSmallDomainEnumeration/GF_161 (0 ms)
[ RUN      ] SmallDomain/SelectorOracleTest.MatchesManualSmallDomainEnumeration/GGSame_162
[       OK ] SmallDomain/SelectorOracleTest.MatchesManualSmallDomainEnumeration/GGSame_162 (0 ms)
[ RUN      ] SmallDomain/SelectorOracleTest.MatchesManualSmallDomainEnumeration/GGMixed_163
[       OK ] SmallDomain/SelectorOracleTest.MatchesManualSmallDomainEnumeration/GGMixed_163 (6 ms)
[ RUN      ] SmallDomain/SelectorOracleTest.MatchesManualSmallDomainEnumeration/FF_164
[       OK ] SmallDomain/SelectorOracleTest.MatchesManualSmallDomainEnumeration/FF_164 (0 ms)
[ RUN      ] SmallDomain/SelectorOracleTest.MatchesManualSmallDomainEnumeration/GF_165
[       OK ] SmallDomain/SelectorOracleTest.MatchesManualSmallDomainEnumeration/GF_165 (0 ms)
[ RUN      ] SmallDomain/SelectorOracleTest.MatchesManualSmallDomainEnumeration/GGSame_166
[       OK ] SmallDomain/SelectorOracleTest.MatchesManualSmallDomainEnumeration/GGSame_166 (0 ms)
[ RUN      ] SmallDomain/SelectorOracleTest.MatchesManualSmallDomainEnumeration/GGMixed_167
[       OK ] SmallDomain/SelectorOracleTest.MatchesManualSmallDomainEnumeration/GGMixed_167 (5 ms)
[ RUN      ] SmallDomain/SelectorOracleTest.MatchesManualSmallDomainEnumeration/FF_168
[       OK ] SmallDomain/SelectorOracleTest.MatchesManualSmallDomainEnumeration/FF_168 (0 ms)
[ RUN      ] SmallDomain/SelectorOracleTest.MatchesManualSmallDomainEnumeration/GF_169
[       OK ] SmallDomain/SelectorOracleTest.MatchesManualSmallDomainEnumeration/GF_169 (0 ms)
[ RUN      ] SmallDomain/SelectorOracleTest.MatchesManualSmallDomainEnumeration/GGSame_170
[       OK ] SmallDomain/SelectorOracleTest.MatchesManualSmallDomainEnumeration/GGSame_170 (0 ms)
[ RUN      ] SmallDomain/SelectorOracleTest.MatchesManualSmallDomainEnumeration/GGMixed_171
[       OK ] SmallDomain/SelectorOracleTest.MatchesManualSmallDomainEnumeration/GGMixed_171 (6 ms)
[ RUN      ] SmallDomain/SelectorOracleTest.MatchesManualSmallDomainEnumeration/FF_172
[       OK ] SmallDomain/SelectorOracleTest.MatchesManualSmallDomainEnumeration/FF_172 (0 ms)
[ RUN      ] SmallDomain/SelectorOracleTest.MatchesManualSmallDomainEnumeration/GF_173
[       OK ] SmallDomain/SelectorOracleTest.MatchesManualSmallDomainEnumeration/GF_173 (0 ms)
[ RUN      ] SmallDomain/SelectorOracleTest.MatchesManualSmallDomainEnumeration/GGSame_174
[       OK ] SmallDomain/SelectorOracleTest.MatchesManualSmallDomainEnumeration/GGSame_174 (0 ms)
[ RUN      ] SmallDomain/SelectorOracleTest.MatchesManualSmallDomainEnumeration/GGMixed_175
[       OK ] SmallDomain/SelectorOracleTest.MatchesManualSmallDomainEnumeration/GGMixed_175 (5 ms)
[ RUN      ] SmallDomain/SelectorOracleTest.MatchesManualSmallDomainEnumeration/FF_176
[       OK ] SmallDomain/SelectorOracleTest.MatchesManualSmallDomainEnumeration/FF_176 (0 ms)
[ RUN      ] SmallDomain/SelectorOracleTest.MatchesManualSmallDomainEnumeration/GF_177
[       OK ] SmallDomain/SelectorOracleTest.MatchesManualSmallDomainEnumeration/GF_177 (0 ms)
[ RUN      ] SmallDomain/SelectorOracleTest.MatchesManualSmallDomainEnumeration/GGSame_178
[       OK ] SmallDomain/SelectorOracleTest.MatchesManualSmallDomainEnumeration/GGSame_178 (0 ms)
[ RUN      ] SmallDomain/SelectorOracleTest.MatchesManualSmallDomainEnumeration/GGMixed_179
[       OK ] SmallDomain/SelectorOracleTest.MatchesManualSmallDomainEnumeration/GGMixed_179 (5 ms)
[ RUN      ] SmallDomain/SelectorOracleTest.MatchesManualSmallDomainEnumeration/FF_180
[       OK ] SmallDomain/SelectorOracleTest.MatchesManualSmallDomainEnumeration/FF_180 (0 ms)
[ RUN      ] SmallDomain/SelectorOracleTest.MatchesManualSmallDomainEnumeration/GF_181
[       OK ] SmallDomain/SelectorOracleTest.MatchesManualSmallDomainEnumeration/GF_181 (0 ms)
[ RUN      ] SmallDomain/SelectorOracleTest.MatchesManualSmallDomainEnumeration/GGSame_182
[       OK ] SmallDomain/SelectorOracleTest.MatchesManualSmallDomainEnumeration/GGSame_182 (0 ms)
[ RUN      ] SmallDomain/SelectorOracleTest.MatchesManualSmallDomainEnumeration/GGMixed_183
[       OK ] SmallDomain/SelectorOracleTest.MatchesManualSmallDomainEnumeration/GGMixed_183 (5 ms)
[ RUN      ] SmallDomain/SelectorOracleTest.MatchesManualSmallDomainEnumeration/FF_184
[       OK ] SmallDomain/SelectorOracleTest.MatchesManualSmallDomainEnumeration/FF_184 (0 ms)
[ RUN      ] SmallDomain/SelectorOracleTest.MatchesManualSmallDomainEnumeration/GF_185
[       OK ] SmallDomain/SelectorOracleTest.MatchesManualSmallDomainEnumeration/GF_185 (0 ms)
[ RUN      ] SmallDomain/SelectorOracleTest.MatchesManualSmallDomainEnumeration/GGSame_186
[       OK ] SmallDomain/SelectorOracleTest.MatchesManualSmallDomainEnumeration/GGSame_186 (0 ms)
[ RUN      ] SmallDomain/SelectorOracleTest.MatchesManualSmallDomainEnumeration/GGMixed_187
[       OK ] SmallDomain/SelectorOracleTest.MatchesManualSmallDomainEnumeration/GGMixed_187 (5 ms)
[ RUN      ] SmallDomain/SelectorOracleTest.MatchesManualSmallDomainEnumeration/FF_188
[       OK ] SmallDomain/SelectorOracleTest.MatchesManualSmallDomainEnumeration/FF_188 (0 ms)
[ RUN      ] SmallDomain/SelectorOracleTest.MatchesManualSmallDomainEnumeration/GF_189
[       OK ] SmallDomain/SelectorOracleTest.MatchesManualSmallDomainEnumeration/GF_189 (0 ms)
[ RUN      ] SmallDomain/SelectorOracleTest.MatchesManualSmallDomainEnumeration/GGSame_190
[       OK ] SmallDomain/SelectorOracleTest.MatchesManualSmallDomainEnumeration/GGSame_190 (0 ms)
[ RUN      ] SmallDomain/SelectorOracleTest.MatchesManualSmallDomainEnumeration/GGMixed_191
[       OK ] SmallDomain/SelectorOracleTest.MatchesManualSmallDomainEnumeration/GGMixed_191 (4 ms)
[ RUN      ] SmallDomain/SelectorOracleTest.MatchesManualSmallDomainEnumeration/FF_192
[       OK ] SmallDomain/SelectorOracleTest.MatchesManualSmallDomainEnumeration/FF_192 (0 ms)
[ RUN      ] SmallDomain/SelectorOracleTest.MatchesManualSmallDomainEnumeration/GF_193
[       OK ] SmallDomain/SelectorOracleTest.MatchesManualSmallDomainEnumeration/GF_193 (0 ms)
[ RUN      ] SmallDomain/SelectorOracleTest.MatchesManualSmallDomainEnumeration/GGSame_194
[       OK ] SmallDomain/SelectorOracleTest.MatchesManualSmallDomainEnumeration/GGSame_194 (0 ms)
[ RUN      ] SmallDomain/SelectorOracleTest.MatchesManualSmallDomainEnumeration/GGMixed_195
[       OK ] SmallDomain/SelectorOracleTest.MatchesManualSmallDomainEnumeration/GGMixed_195 (6 ms)
[ RUN      ] SmallDomain/SelectorOracleTest.MatchesManualSmallDomainEnumeration/FF_196
[       OK ] SmallDomain/SelectorOracleTest.MatchesManualSmallDomainEnumeration/FF_196 (0 ms)
[ RUN      ] SmallDomain/SelectorOracleTest.MatchesManualSmallDomainEnumeration/GF_197
[       OK ] SmallDomain/SelectorOracleTest.MatchesManualSmallDomainEnumeration/GF_197 (0 ms)
[ RUN      ] SmallDomain/SelectorOracleTest.MatchesManualSmallDomainEnumeration/GGSame_198
[       OK ] SmallDomain/SelectorOracleTest.MatchesManualSmallDomainEnumeration/GGSame_198 (0 ms)
[ RUN      ] SmallDomain/SelectorOracleTest.MatchesManualSmallDomainEnumeration/GGMixed_199
[       OK ] SmallDomain/SelectorOracleTest.MatchesManualSmallDomainEnumeration/GGMixed_199 (5 ms)
[ RUN      ] SmallDomain/SelectorOracleTest.MatchesManualSmallDomainEnumeration/FF_200
[       OK ] SmallDomain/SelectorOracleTest.MatchesManualSmallDomainEnumeration/FF_200 (0 ms)
[ RUN      ] SmallDomain/SelectorOracleTest.MatchesManualSmallDomainEnumeration/GF_201
[       OK ] SmallDomain/SelectorOracleTest.MatchesManualSmallDomainEnumeration/GF_201 (0 ms)
[ RUN      ] SmallDomain/SelectorOracleTest.MatchesManualSmallDomainEnumeration/GGSame_202
[       OK ] SmallDomain/SelectorOracleTest.MatchesManualSmallDomainEnumeration/GGSame_202 (0 ms)
[ RUN      ] SmallDomain/SelectorOracleTest.MatchesManualSmallDomainEnumeration/GGMixed_203
[       OK ] SmallDomain/SelectorOracleTest.MatchesManualSmallDomainEnumeration/GGMixed_203 (5 ms)
[ RUN      ] SmallDomain/SelectorOracleTest.MatchesManualSmallDomainEnumeration/FF_204
[       OK ] SmallDomain/SelectorOracleTest.MatchesManualSmallDomainEnumeration/FF_204 (0 ms)
[ RUN      ] SmallDomain/SelectorOracleTest.MatchesManualSmallDomainEnumeration/GF_205
[       OK ] SmallDomain/SelectorOracleTest.MatchesManualSmallDomainEnumeration/GF_205 (0 ms)
[ RUN      ] SmallDomain/SelectorOracleTest.MatchesManualSmallDomainEnumeration/GGSame_206
[       OK ] SmallDomain/SelectorOracleTest.MatchesManualSmallDomainEnumeration/GGSame_206 (0 ms)
[ RUN      ] SmallDomain/SelectorOracleTest.MatchesManualSmallDomainEnumeration/GGMixed_207
[       OK ] SmallDomain/SelectorOracleTest.MatchesManualSmallDomainEnumeration/GGMixed_207 (5 ms)
[ RUN      ] SmallDomain/SelectorOracleTest.MatchesManualSmallDomainEnumeration/FF_208
[       OK ] SmallDomain/SelectorOracleTest.MatchesManualSmallDomainEnumeration/FF_208 (0 ms)
[ RUN      ] SmallDomain/SelectorOracleTest.MatchesManualSmallDomainEnumeration/GF_209
[       OK ] SmallDomain/SelectorOracleTest.MatchesManualSmallDomainEnumeration/GF_209 (0 ms)
[ RUN      ] SmallDomain/SelectorOracleTest.MatchesManualSmallDomainEnumeration/GGSame_210
[       OK ] SmallDomain/SelectorOracleTest.MatchesManualSmallDomainEnumeration/GGSame_210 (0 ms)
[ RUN      ] SmallDomain/SelectorOracleTest.MatchesManualSmallDomainEnumeration/GGMixed_211
[       OK ] SmallDomain/SelectorOracleTest.MatchesManualSmallDomainEnumeration/GGMixed_211 (5 ms)
[ RUN      ] SmallDomain/SelectorOracleTest.MatchesManualSmallDomainEnumeration/FF_212
[       OK ] SmallDomain/SelectorOracleTest.MatchesManualSmallDomainEnumeration/FF_212 (0 ms)
[ RUN      ] SmallDomain/SelectorOracleTest.MatchesManualSmallDomainEnumeration/GF_213
[       OK ] SmallDomain/SelectorOracleTest.MatchesManualSmallDomainEnumeration/GF_213 (0 ms)
[ RUN      ] SmallDomain/SelectorOracleTest.MatchesManualSmallDomainEnumeration/GGSame_214
[       OK ] SmallDomain/SelectorOracleTest.MatchesManualSmallDomainEnumeration/GGSame_214 (0 ms)
[ RUN      ] SmallDomain/SelectorOracleTest.MatchesManualSmallDomainEnumeration/GGMixed_215
[       OK ] SmallDomain/SelectorOracleTest.MatchesManualSmallDomainEnumeration/GGMixed_215 (5 ms)
[ RUN      ] SmallDomain/SelectorOracleTest.MatchesManualSmallDomainEnumeration/FF_216
[       OK ] SmallDomain/SelectorOracleTest.MatchesManualSmallDomainEnumeration/FF_216 (0 ms)
[ RUN      ] SmallDomain/SelectorOracleTest.MatchesManualSmallDomainEnumeration/GF_217
[       OK ] SmallDomain/SelectorOracleTest.MatchesManualSmallDomainEnumeration/GF_217 (0 ms)
[ RUN      ] SmallDomain/SelectorOracleTest.MatchesManualSmallDomainEnumeration/GGSame_218
[       OK ] SmallDomain/SelectorOracleTest.MatchesManualSmallDomainEnumeration/GGSame_218 (0 ms)
[ RUN      ] SmallDomain/SelectorOracleTest.MatchesManualSmallDomainEnumeration/GGMixed_219
[       OK ] SmallDomain/SelectorOracleTest.MatchesManualSmallDomainEnumeration/GGMixed_219 (6 ms)
[ RUN      ] SmallDomain/SelectorOracleTest.MatchesManualSmallDomainEnumeration/FF_220
[       OK ] SmallDomain/SelectorOracleTest.MatchesManualSmallDomainEnumeration/FF_220 (0 ms)
[ RUN      ] SmallDomain/SelectorOracleTest.MatchesManualSmallDomainEnumeration/GF_221
[       OK ] SmallDomain/SelectorOracleTest.MatchesManualSmallDomainEnumeration/GF_221 (0 ms)
[ RUN      ] SmallDomain/SelectorOracleTest.MatchesManualSmallDomainEnumeration/GGSame_222
[       OK ] SmallDomain/SelectorOracleTest.MatchesManualSmallDomainEnumeration/GGSame_222 (0 ms)
[ RUN      ] SmallDomain/SelectorOracleTest.MatchesManualSmallDomainEnumeration/GGMixed_223
[       OK ] SmallDomain/SelectorOracleTest.MatchesManualSmallDomainEnumeration/GGMixed_223 (5 ms)
[ RUN      ] SmallDomain/SelectorOracleTest.MatchesManualSmallDomainEnumeration/FF_224
[       OK ] SmallDomain/SelectorOracleTest.MatchesManualSmallDomainEnumeration/FF_224 (0 ms)
[ RUN      ] SmallDomain/SelectorOracleTest.MatchesManualSmallDomainEnumeration/GF_225
[       OK ] SmallDomain/SelectorOracleTest.MatchesManualSmallDomainEnumeration/GF_225 (0 ms)
[ RUN      ] SmallDomain/SelectorOracleTest.MatchesManualSmallDomainEnumeration/GGSame_226
[       OK ] SmallDomain/SelectorOracleTest.MatchesManualSmallDomainEnumeration/GGSame_226 (0 ms)
[ RUN      ] SmallDomain/SelectorOracleTest.MatchesManualSmallDomainEnumeration/GGMixed_227
[       OK ] SmallDomain/SelectorOracleTest.MatchesManualSmallDomainEnumeration/GGMixed_227 (5 ms)
[ RUN      ] SmallDomain/SelectorOracleTest.MatchesManualSmallDomainEnumeration/FF_228
[       OK ] SmallDomain/SelectorOracleTest.MatchesManualSmallDomainEnumeration/FF_228 (0 ms)
[ RUN      ] SmallDomain/SelectorOracleTest.MatchesManualSmallDomainEnumeration/GF_229
[       OK ] SmallDomain/SelectorOracleTest.MatchesManualSmallDomainEnumeration/GF_229 (0 ms)
[ RUN      ] SmallDomain/SelectorOracleTest.MatchesManualSmallDomainEnumeration/GGSame_230
[       OK ] SmallDomain/SelectorOracleTest.MatchesManualSmallDomainEnumeration/GGSame_230 (0 ms)
[ RUN      ] SmallDomain/SelectorOracleTest.MatchesManualSmallDomainEnumeration/GGMixed_231
[       OK ] SmallDomain/SelectorOracleTest.MatchesManualSmallDomainEnumeration/GGMixed_231 (5 ms)
[ RUN      ] SmallDomain/SelectorOracleTest.MatchesManualSmallDomainEnumeration/FF_232
[       OK ] SmallDomain/SelectorOracleTest.MatchesManualSmallDomainEnumeration/FF_232 (0 ms)
[ RUN      ] SmallDomain/SelectorOracleTest.MatchesManualSmallDomainEnumeration/GF_233
[       OK ] SmallDomain/SelectorOracleTest.MatchesManualSmallDomainEnumeration/GF_233 (0 ms)
[ RUN      ] SmallDomain/SelectorOracleTest.MatchesManualSmallDomainEnumeration/GGSame_234
[       OK ] SmallDomain/SelectorOracleTest.MatchesManualSmallDomainEnumeration/GGSame_234 (0 ms)
[ RUN      ] SmallDomain/SelectorOracleTest.MatchesManualSmallDomainEnumeration/GGMixed_235
[       OK ] SmallDomain/SelectorOracleTest.MatchesManualSmallDomainEnumeration/GGMixed_235 (6 ms)
[ RUN      ] SmallDomain/SelectorOracleTest.MatchesManualSmallDomainEnumeration/FF_236
[       OK ] SmallDomain/SelectorOracleTest.MatchesManualSmallDomainEnumeration/FF_236 (0 ms)
[ RUN      ] SmallDomain/SelectorOracleTest.MatchesManualSmallDomainEnumeration/GF_237
[       OK ] SmallDomain/SelectorOracleTest.MatchesManualSmallDomainEnumeration/GF_237 (0 ms)
[ RUN      ] SmallDomain/SelectorOracleTest.MatchesManualSmallDomainEnumeration/GGSame_238
[       OK ] SmallDomain/SelectorOracleTest.MatchesManualSmallDomainEnumeration/GGSame_238 (0 ms)
[ RUN      ] SmallDomain/SelectorOracleTest.MatchesManualSmallDomainEnumeration/GGMixed_239
[       OK ] SmallDomain/SelectorOracleTest.MatchesManualSmallDomainEnumeration/GGMixed_239 (5 ms)
[ RUN      ] SmallDomain/SelectorOracleTest.MatchesManualSmallDomainEnumeration/FF_240
[       OK ] SmallDomain/SelectorOracleTest.MatchesManualSmallDomainEnumeration/FF_240 (0 ms)
[ RUN      ] SmallDomain/SelectorOracleTest.MatchesManualSmallDomainEnumeration/GF_241
[       OK ] SmallDomain/SelectorOracleTest.MatchesManualSmallDomainEnumeration/GF_241 (0 ms)
[ RUN      ] SmallDomain/SelectorOracleTest.MatchesManualSmallDomainEnumeration/GGSame_242
[       OK ] SmallDomain/SelectorOracleTest.MatchesManualSmallDomainEnumeration/GGSame_242 (0 ms)
[ RUN      ] SmallDomain/SelectorOracleTest.MatchesManualSmallDomainEnumeration/GGMixed_243
[       OK ] SmallDomain/SelectorOracleTest.MatchesManualSmallDomainEnumeration/GGMixed_243 (6 ms)
[ RUN      ] SmallDomain/SelectorOracleTest.MatchesManualSmallDomainEnumeration/FF_244
[       OK ] SmallDomain/SelectorOracleTest.MatchesManualSmallDomainEnumeration/FF_244 (0 ms)
[ RUN      ] SmallDomain/SelectorOracleTest.MatchesManualSmallDomainEnumeration/GF_245
[       OK ] SmallDomain/SelectorOracleTest.MatchesManualSmallDomainEnumeration/GF_245 (0 ms)
[ RUN      ] SmallDomain/SelectorOracleTest.MatchesManualSmallDomainEnumeration/GGSame_246
[       OK ] SmallDomain/SelectorOracleTest.MatchesManualSmallDomainEnumeration/GGSame_246 (0 ms)
[ RUN      ] SmallDomain/SelectorOracleTest.MatchesManualSmallDomainEnumeration/GGMixed_247
[       OK ] SmallDomain/SelectorOracleTest.MatchesManualSmallDomainEnumeration/GGMixed_247 (5 ms)
[ RUN      ] SmallDomain/SelectorOracleTest.MatchesManualSmallDomainEnumeration/FF_248
[       OK ] SmallDomain/SelectorOracleTest.MatchesManualSmallDomainEnumeration/FF_248 (0 ms)
[ RUN      ] SmallDomain/SelectorOracleTest.MatchesManualSmallDomainEnumeration/GF_249
[       OK ] SmallDomain/SelectorOracleTest.MatchesManualSmallDomainEnumeration/GF_249 (0 ms)
[ RUN      ] SmallDomain/SelectorOracleTest.MatchesManualSmallDomainEnumeration/GGSame_250
[       OK ] SmallDomain/SelectorOracleTest.MatchesManualSmallDomainEnumeration/GGSame_250 (0 ms)
[ RUN      ] SmallDomain/SelectorOracleTest.MatchesManualSmallDomainEnumeration/GGMixed_251
[       OK ] SmallDomain/SelectorOracleTest.MatchesManualSmallDomainEnumeration/GGMixed_251 (6 ms)
[ RUN      ] SmallDomain/SelectorOracleTest.MatchesManualSmallDomainEnumeration/FF_252
[       OK ] SmallDomain/SelectorOracleTest.MatchesManualSmallDomainEnumeration/FF_252 (0 ms)
[ RUN      ] SmallDomain/SelectorOracleTest.MatchesManualSmallDomainEnumeration/GF_253
[       OK ] SmallDomain/SelectorOracleTest.MatchesManualSmallDomainEnumeration/GF_253 (0 ms)
[ RUN      ] SmallDomain/SelectorOracleTest.MatchesManualSmallDomainEnumeration/GGSame_254
[       OK ] SmallDomain/SelectorOracleTest.MatchesManualSmallDomainEnumeration/GGSame_254 (0 ms)
[ RUN      ] SmallDomain/SelectorOracleTest.MatchesManualSmallDomainEnumeration/GGMixed_255
[       OK ] SmallDomain/SelectorOracleTest.MatchesManualSmallDomainEnumeration/GGMixed_255 (5 ms)
[ RUN      ] SmallDomain/SelectorOracleTest.MatchesManualSmallDomainEnumeration/FF_256
[       OK ] SmallDomain/SelectorOracleTest.MatchesManualSmallDomainEnumeration/FF_256 (0 ms)
[ RUN      ] SmallDomain/SelectorOracleTest.MatchesManualSmallDomainEnumeration/GF_257
[       OK ] SmallDomain/SelectorOracleTest.MatchesManualSmallDomainEnumeration/GF_257 (0 ms)
[ RUN      ] SmallDomain/SelectorOracleTest.MatchesManualSmallDomainEnumeration/GGSame_258
[       OK ] SmallDomain/SelectorOracleTest.MatchesManualSmallDomainEnumeration/GGSame_258 (0 ms)
[ RUN      ] SmallDomain/SelectorOracleTest.MatchesManualSmallDomainEnumeration/GGMixed_259
[       OK ] SmallDomain/SelectorOracleTest.MatchesManualSmallDomainEnumeration/GGMixed_259 (6 ms)
[ RUN      ] SmallDomain/SelectorOracleTest.MatchesManualSmallDomainEnumeration/FF_260
[       OK ] SmallDomain/SelectorOracleTest.MatchesManualSmallDomainEnumeration/FF_260 (0 ms)
[ RUN      ] SmallDomain/SelectorOracleTest.MatchesManualSmallDomainEnumeration/GF_261
[       OK ] SmallDomain/SelectorOracleTest.MatchesManualSmallDomainEnumeration/GF_261 (0 ms)
[ RUN      ] SmallDomain/SelectorOracleTest.MatchesManualSmallDomainEnumeration/GGSame_262
[       OK ] SmallDomain/SelectorOracleTest.MatchesManualSmallDomainEnumeration/GGSame_262 (0 ms)
[ RUN      ] SmallDomain/SelectorOracleTest.MatchesManualSmallDomainEnumeration/GGMixed_263
[       OK ] SmallDomain/SelectorOracleTest.MatchesManualSmallDomainEnumeration/GGMixed_263 (5 ms)
[ RUN      ] SmallDomain/SelectorOracleTest.MatchesManualSmallDomainEnumeration/FF_264
[       OK ] SmallDomain/SelectorOracleTest.MatchesManualSmallDomainEnumeration/FF_264 (0 ms)
[ RUN      ] SmallDomain/SelectorOracleTest.MatchesManualSmallDomainEnumeration/GF_265
[       OK ] SmallDomain/SelectorOracleTest.MatchesManualSmallDomainEnumeration/GF_265 (0 ms)
[ RUN      ] SmallDomain/SelectorOracleTest.MatchesManualSmallDomainEnumeration/GGSame_266
[       OK ] SmallDomain/SelectorOracleTest.MatchesManualSmallDomainEnumeration/GGSame_266 (0 ms)
[ RUN      ] SmallDomain/SelectorOracleTest.MatchesManualSmallDomainEnumeration/GGMixed_267
[       OK ] SmallDomain/SelectorOracleTest.MatchesManualSmallDomainEnumeration/GGMixed_267 (6 ms)
[ RUN      ] SmallDomain/SelectorOracleTest.MatchesManualSmallDomainEnumeration/FF_268
[       OK ] SmallDomain/SelectorOracleTest.MatchesManualSmallDomainEnumeration/FF_268 (0 ms)
[ RUN      ] SmallDomain/SelectorOracleTest.MatchesManualSmallDomainEnumeration/GF_269
[       OK ] SmallDomain/SelectorOracleTest.MatchesManualSmallDomainEnumeration/GF_269 (0 ms)
[ RUN      ] SmallDomain/SelectorOracleTest.MatchesManualSmallDomainEnumeration/GGSame_270
[       OK ] SmallDomain/SelectorOracleTest.MatchesManualSmallDomainEnumeration/GGSame_270 (0 ms)
[ RUN      ] SmallDomain/SelectorOracleTest.MatchesManualSmallDomainEnumeration/GGMixed_271
[       OK ] SmallDomain/SelectorOracleTest.MatchesManualSmallDomainEnumeration/GGMixed_271 (5 ms)
[ RUN      ] SmallDomain/SelectorOracleTest.MatchesManualSmallDomainEnumeration/FF_272
[       OK ] SmallDomain/SelectorOracleTest.MatchesManualSmallDomainEnumeration/FF_272 (0 ms)
[ RUN      ] SmallDomain/SelectorOracleTest.MatchesManualSmallDomainEnumeration/GF_273
[       OK ] SmallDomain/SelectorOracleTest.MatchesManualSmallDomainEnumeration/GF_273 (0 ms)
[ RUN      ] SmallDomain/SelectorOracleTest.MatchesManualSmallDomainEnumeration/GGSame_274
[       OK ] SmallDomain/SelectorOracleTest.MatchesManualSmallDomainEnumeration/GGSame_274 (0 ms)
[ RUN      ] SmallDomain/SelectorOracleTest.MatchesManualSmallDomainEnumeration/GGMixed_275
[       OK ] SmallDomain/SelectorOracleTest.MatchesManualSmallDomainEnumeration/GGMixed_275 (6 ms)
[ RUN      ] SmallDomain/SelectorOracleTest.MatchesManualSmallDomainEnumeration/FF_276
[       OK ] SmallDomain/SelectorOracleTest.MatchesManualSmallDomainEnumeration/FF_276 (0 ms)
[ RUN      ] SmallDomain/SelectorOracleTest.MatchesManualSmallDomainEnumeration/GF_277
[       OK ] SmallDomain/SelectorOracleTest.MatchesManualSmallDomainEnumeration/GF_277 (0 ms)
[ RUN      ] SmallDomain/SelectorOracleTest.MatchesManualSmallDomainEnumeration/GGSame_278
[       OK ] SmallDomain/SelectorOracleTest.MatchesManualSmallDomainEnumeration/GGSame_278 (0 ms)
[ RUN      ] SmallDomain/SelectorOracleTest.MatchesManualSmallDomainEnumeration/GGMixed_279
[       OK ] SmallDomain/SelectorOracleTest.MatchesManualSmallDomainEnumeration/GGMixed_279 (5 ms)
[ RUN      ] SmallDomain/SelectorOracleTest.MatchesManualSmallDomainEnumeration/FF_280
[       OK ] SmallDomain/SelectorOracleTest.MatchesManualSmallDomainEnumeration/FF_280 (0 ms)
[ RUN      ] SmallDomain/SelectorOracleTest.MatchesManualSmallDomainEnumeration/GF_281
[       OK ] SmallDomain/SelectorOracleTest.MatchesManualSmallDomainEnumeration/GF_281 (0 ms)
[ RUN      ] SmallDomain/SelectorOracleTest.MatchesManualSmallDomainEnumeration/GGSame_282
[       OK ] SmallDomain/SelectorOracleTest.MatchesManualSmallDomainEnumeration/GGSame_282 (0 ms)
[ RUN      ] SmallDomain/SelectorOracleTest.MatchesManualSmallDomainEnumeration/GGMixed_283
[       OK ] SmallDomain/SelectorOracleTest.MatchesManualSmallDomainEnumeration/GGMixed_283 (6 ms)
[ RUN      ] SmallDomain/SelectorOracleTest.MatchesManualSmallDomainEnumeration/FF_284
[       OK ] SmallDomain/SelectorOracleTest.MatchesManualSmallDomainEnumeration/FF_284 (0 ms)
[ RUN      ] SmallDomain/SelectorOracleTest.MatchesManualSmallDomainEnumeration/GF_285
[       OK ] SmallDomain/SelectorOracleTest.MatchesManualSmallDomainEnumeration/GF_285 (0 ms)
[ RUN      ] SmallDomain/SelectorOracleTest.MatchesManualSmallDomainEnumeration/GGSame_286
[       OK ] SmallDomain/SelectorOracleTest.MatchesManualSmallDomainEnumeration/GGSame_286 (0 ms)
[ RUN      ] SmallDomain/SelectorOracleTest.MatchesManualSmallDomainEnumeration/GGMixed_287
[       OK ] SmallDomain/SelectorOracleTest.MatchesManualSmallDomainEnumeration/GGMixed_287 (4 ms)
[ RUN      ] SmallDomain/SelectorOracleTest.MatchesManualSmallDomainEnumeration/FF_288
[       OK ] SmallDomain/SelectorOracleTest.MatchesManualSmallDomainEnumeration/FF_288 (0 ms)
[ RUN      ] SmallDomain/SelectorOracleTest.MatchesManualSmallDomainEnumeration/GF_289
[       OK ] SmallDomain/SelectorOracleTest.MatchesManualSmallDomainEnumeration/GF_289 (0 ms)
[ RUN      ] SmallDomain/SelectorOracleTest.MatchesManualSmallDomainEnumeration/GGSame_290
[       OK ] SmallDomain/SelectorOracleTest.MatchesManualSmallDomainEnumeration/GGSame_290 (0 ms)
[ RUN      ] SmallDomain/SelectorOracleTest.MatchesManualSmallDomainEnumeration/GGMixed_291
[       OK ] SmallDomain/SelectorOracleTest.MatchesManualSmallDomainEnumeration/GGMixed_291 (6 ms)
[ RUN      ] SmallDomain/SelectorOracleTest.MatchesManualSmallDomainEnumeration/FF_292
[       OK ] SmallDomain/SelectorOracleTest.MatchesManualSmallDomainEnumeration/FF_292 (0 ms)
[ RUN      ] SmallDomain/SelectorOracleTest.MatchesManualSmallDomainEnumeration/GF_293
[       OK ] SmallDomain/SelectorOracleTest.MatchesManualSmallDomainEnumeration/GF_293 (0 ms)
[ RUN      ] SmallDomain/SelectorOracleTest.MatchesManualSmallDomainEnumeration/GGSame_294
[       OK ] SmallDomain/SelectorOracleTest.MatchesManualSmallDomainEnumeration/GGSame_294 (0 ms)
[ RUN      ] SmallDomain/SelectorOracleTest.MatchesManualSmallDomainEnumeration/GGMixed_295
[       OK ] SmallDomain/SelectorOracleTest.MatchesManualSmallDomainEnumeration/GGMixed_295 (5 ms)
[ RUN      ] SmallDomain/SelectorOracleTest.MatchesManualSmallDomainEnumeration/FF_296
[       OK ] SmallDomain/SelectorOracleTest.MatchesManualSmallDomainEnumeration/FF_296 (0 ms)
[ RUN      ] SmallDomain/SelectorOracleTest.MatchesManualSmallDomainEnumeration/GF_297
[       OK ] SmallDomain/SelectorOracleTest.MatchesManualSmallDomainEnumeration/GF_297 (0 ms)
[ RUN      ] SmallDomain/SelectorOracleTest.MatchesManualSmallDomainEnumeration/GGSame_298
[       OK ] SmallDomain/SelectorOracleTest.MatchesManualSmallDomainEnumeration/GGSame_298 (0 ms)
[ RUN      ] SmallDomain/SelectorOracleTest.MatchesManualSmallDomainEnumeration/GGMixed_299
[       OK ] SmallDomain/SelectorOracleTest.MatchesManualSmallDomainEnumeration/GGMixed_299 (5 ms)
[ RUN      ] SmallDomain/SelectorOracleTest.MatchesManualSmallDomainEnumeration/FF_300
[       OK ] SmallDomain/SelectorOracleTest.MatchesManualSmallDomainEnumeration/FF_300 (0 ms)
[ RUN      ] SmallDomain/SelectorOracleTest.MatchesManualSmallDomainEnumeration/GF_301
[       OK ] SmallDomain/SelectorOracleTest.MatchesManualSmallDomainEnumeration/GF_301 (0 ms)
[ RUN      ] SmallDomain/SelectorOracleTest.MatchesManualSmallDomainEnumeration/GGSame_302
[       OK ] SmallDomain/SelectorOracleTest.MatchesManualSmallDomainEnumeration/GGSame_302 (0 ms)
[ RUN      ] SmallDomain/SelectorOracleTest.MatchesManualSmallDomainEnumeration/GGMixed_303
[       OK ] SmallDomain/SelectorOracleTest.MatchesManualSmallDomainEnumeration/GGMixed_303 (5 ms)
[ RUN      ] SmallDomain/SelectorOracleTest.MatchesManualSmallDomainEnumeration/FF_304
[       OK ] SmallDomain/SelectorOracleTest.MatchesManualSmallDomainEnumeration/FF_304 (0 ms)
[ RUN      ] SmallDomain/SelectorOracleTest.MatchesManualSmallDomainEnumeration/GF_305
[       OK ] SmallDomain/SelectorOracleTest.MatchesManualSmallDomainEnumeration/GF_305 (0 ms)
[ RUN      ] SmallDomain/SelectorOracleTest.MatchesManualSmallDomainEnumeration/GGSame_306
[       OK ] SmallDomain/SelectorOracleTest.MatchesManualSmallDomainEnumeration/GGSame_306 (0 ms)
[ RUN      ] SmallDomain/SelectorOracleTest.MatchesManualSmallDomainEnumeration/GGMixed_307
[       OK ] SmallDomain/SelectorOracleTest.MatchesManualSmallDomainEnumeration/GGMixed_307 (6 ms)
[ RUN      ] SmallDomain/SelectorOracleTest.MatchesManualSmallDomainEnumeration/FF_308
[       OK ] SmallDomain/SelectorOracleTest.MatchesManualSmallDomainEnumeration/FF_308 (0 ms)
[ RUN      ] SmallDomain/SelectorOracleTest.MatchesManualSmallDomainEnumeration/GF_309
[       OK ] SmallDomain/SelectorOracleTest.MatchesManualSmallDomainEnumeration/GF_309 (0 ms)
[ RUN      ] SmallDomain/SelectorOracleTest.MatchesManualSmallDomainEnumeration/GGSame_310
[       OK ] SmallDomain/SelectorOracleTest.MatchesManualSmallDomainEnumeration/GGSame_310 (0 ms)
[ RUN      ] SmallDomain/SelectorOracleTest.MatchesManualSmallDomainEnumeration/GGMixed_311
[       OK ] SmallDomain/SelectorOracleTest.MatchesManualSmallDomainEnumeration/GGMixed_311 (5 ms)
[ RUN      ] SmallDomain/SelectorOracleTest.MatchesManualSmallDomainEnumeration/FF_312
[       OK ] SmallDomain/SelectorOracleTest.MatchesManualSmallDomainEnumeration/FF_312 (0 ms)
[ RUN      ] SmallDomain/SelectorOracleTest.MatchesManualSmallDomainEnumeration/GF_313
[       OK ] SmallDomain/SelectorOracleTest.MatchesManualSmallDomainEnumeration/GF_313 (0 ms)
[ RUN      ] SmallDomain/SelectorOracleTest.MatchesManualSmallDomainEnumeration/GGSame_314
[       OK ] SmallDomain/SelectorOracleTest.MatchesManualSmallDomainEnumeration/GGSame_314 (0 ms)
[ RUN      ] SmallDomain/SelectorOracleTest.MatchesManualSmallDomainEnumeration/GGMixed_315
[       OK ] SmallDomain/SelectorOracleTest.MatchesManualSmallDomainEnumeration/GGMixed_315 (5 ms)
[ RUN      ] SmallDomain/SelectorOracleTest.MatchesManualSmallDomainEnumeration/FF_316
[       OK ] SmallDomain/SelectorOracleTest.MatchesManualSmallDomainEnumeration/FF_316 (0 ms)
[ RUN      ] SmallDomain/SelectorOracleTest.MatchesManualSmallDomainEnumeration/GF_317
[       OK ] SmallDomain/SelectorOracleTest.MatchesManualSmallDomainEnumeration/GF_317 (0 ms)
[ RUN      ] SmallDomain/SelectorOracleTest.MatchesManualSmallDomainEnumeration/GGSame_318
[       OK ] SmallDomain/SelectorOracleTest.MatchesManualSmallDomainEnumeration/GGSame_318 (0 ms)
[ RUN      ] SmallDomain/SelectorOracleTest.MatchesManualSmallDomainEnumeration/GGMixed_319
[       OK ] SmallDomain/SelectorOracleTest.MatchesManualSmallDomainEnumeration/GGMixed_319 (5 ms)
[ RUN      ] SmallDomain/SelectorOracleTest.MatchesManualSmallDomainEnumeration/FF_320
[       OK ] SmallDomain/SelectorOracleTest.MatchesManualSmallDomainEnumeration/FF_320 (0 ms)
[ RUN      ] SmallDomain/SelectorOracleTest.MatchesManualSmallDomainEnumeration/GF_321
[       OK ] SmallDomain/SelectorOracleTest.MatchesManualSmallDomainEnumeration/GF_321 (0 ms)
[ RUN      ] SmallDomain/SelectorOracleTest.MatchesManualSmallDomainEnumeration/GGSame_322
[       OK ] SmallDomain/SelectorOracleTest.MatchesManualSmallDomainEnumeration/GGSame_322 (0 ms)
[ RUN      ] SmallDomain/SelectorOracleTest.MatchesManualSmallDomainEnumeration/GGMixed_323
[       OK ] SmallDomain/SelectorOracleTest.MatchesManualSmallDomainEnumeration/GGMixed_323 (6 ms)
[ RUN      ] SmallDomain/SelectorOracleTest.MatchesManualSmallDomainEnumeration/FF_324
[       OK ] SmallDomain/SelectorOracleTest.MatchesManualSmallDomainEnumeration/FF_324 (0 ms)
[ RUN      ] SmallDomain/SelectorOracleTest.MatchesManualSmallDomainEnumeration/GF_325
[       OK ] SmallDomain/SelectorOracleTest.MatchesManualSmallDomainEnumeration/GF_325 (0 ms)
[ RUN      ] SmallDomain/SelectorOracleTest.MatchesManualSmallDomainEnumeration/GGSame_326
[       OK ] SmallDomain/SelectorOracleTest.MatchesManualSmallDomainEnumeration/GGSame_326 (0 ms)
[ RUN      ] SmallDomain/SelectorOracleTest.MatchesManualSmallDomainEnumeration/GGMixed_327
[       OK ] SmallDomain/SelectorOracleTest.MatchesManualSmallDomainEnumeration/GGMixed_327 (5 ms)
[ RUN      ] SmallDomain/SelectorOracleTest.MatchesManualSmallDomainEnumeration/FF_328
[       OK ] SmallDomain/SelectorOracleTest.MatchesManualSmallDomainEnumeration/FF_328 (0 ms)
[ RUN      ] SmallDomain/SelectorOracleTest.MatchesManualSmallDomainEnumeration/GF_329
[       OK ] SmallDomain/SelectorOracleTest.MatchesManualSmallDomainEnumeration/GF_329 (0 ms)
[ RUN      ] SmallDomain/SelectorOracleTest.MatchesManualSmallDomainEnumeration/GGSame_330
[       OK ] SmallDomain/SelectorOracleTest.MatchesManualSmallDomainEnumeration/GGSame_330 (0 ms)
[ RUN      ] SmallDomain/SelectorOracleTest.MatchesManualSmallDomainEnumeration/GGMixed_331
[       OK ] SmallDomain/SelectorOracleTest.MatchesManualSmallDomainEnumeration/GGMixed_331 (5 ms)
[ RUN      ] SmallDomain/SelectorOracleTest.MatchesManualSmallDomainEnumeration/FF_332
[       OK ] SmallDomain/SelectorOracleTest.MatchesManualSmallDomainEnumeration/FF_332 (0 ms)
[ RUN      ] SmallDomain/SelectorOracleTest.MatchesManualSmallDomainEnumeration/GF_333
[       OK ] SmallDomain/SelectorOracleTest.MatchesManualSmallDomainEnumeration/GF_333 (0 ms)
[ RUN      ] SmallDomain/SelectorOracleTest.MatchesManualSmallDomainEnumeration/GGSame_334
[       OK ] SmallDomain/SelectorOracleTest.MatchesManualSmallDomainEnumeration/GGSame_334 (0 ms)
[ RUN      ] SmallDomain/SelectorOracleTest.MatchesManualSmallDomainEnumeration/GGMixed_335
[       OK ] SmallDomain/SelectorOracleTest.MatchesManualSmallDomainEnumeration/GGMixed_335 (4 ms)
[ RUN      ] SmallDomain/SelectorOracleTest.MatchesManualSmallDomainEnumeration/FF_336
[       OK ] SmallDomain/SelectorOracleTest.MatchesManualSmallDomainEnumeration/FF_336 (0 ms)
[ RUN      ] SmallDomain/SelectorOracleTest.MatchesManualSmallDomainEnumeration/GF_337
[       OK ] SmallDomain/SelectorOracleTest.MatchesManualSmallDomainEnumeration/GF_337 (0 ms)
[ RUN      ] SmallDomain/SelectorOracleTest.MatchesManualSmallDomainEnumeration/GGSame_338
[       OK ] SmallDomain/SelectorOracleTest.MatchesManualSmallDomainEnumeration/GGSame_338 (0 ms)
[ RUN      ] SmallDomain/SelectorOracleTest.MatchesManualSmallDomainEnumeration/GGMixed_339
[       OK ] SmallDomain/SelectorOracleTest.MatchesManualSmallDomainEnumeration/GGMixed_339 (6 ms)
[ RUN      ] SmallDomain/SelectorOracleTest.MatchesManualSmallDomainEnumeration/FF_340
[       OK ] SmallDomain/SelectorOracleTest.MatchesManualSmallDomainEnumeration/FF_340 (0 ms)
[ RUN      ] SmallDomain/SelectorOracleTest.MatchesManualSmallDomainEnumeration/GF_341
[       OK ] SmallDomain/SelectorOracleTest.MatchesManualSmallDomainEnumeration/GF_341 (0 ms)
[ RUN      ] SmallDomain/SelectorOracleTest.MatchesManualSmallDomainEnumeration/GGSame_342
[       OK ] SmallDomain/SelectorOracleTest.MatchesManualSmallDomainEnumeration/GGSame_342 (0 ms)
[ RUN      ] SmallDomain/SelectorOracleTest.MatchesManualSmallDomainEnumeration/GGMixed_343
[       OK ] SmallDomain/SelectorOracleTest.MatchesManualSmallDomainEnumeration/GGMixed_343 (5 ms)
[ RUN      ] SmallDomain/SelectorOracleTest.MatchesManualSmallDomainEnumeration/FF_344
[       OK ] SmallDomain/SelectorOracleTest.MatchesManualSmallDomainEnumeration/FF_344 (0 ms)
[ RUN      ] SmallDomain/SelectorOracleTest.MatchesManualSmallDomainEnumeration/GF_345
[       OK ] SmallDomain/SelectorOracleTest.MatchesManualSmallDomainEnumeration/GF_345 (0 ms)
[ RUN      ] SmallDomain/SelectorOracleTest.MatchesManualSmallDomainEnumeration/GGSame_346
[       OK ] SmallDomain/SelectorOracleTest.MatchesManualSmallDomainEnumeration/GGSame_346 (0 ms)
[ RUN      ] SmallDomain/SelectorOracleTest.MatchesManualSmallDomainEnumeration/GGMixed_347
[       OK ] SmallDomain/SelectorOracleTest.MatchesManualSmallDomainEnumeration/GGMixed_347 (5 ms)
[ RUN      ] SmallDomain/SelectorOracleTest.MatchesManualSmallDomainEnumeration/FF_348
[       OK ] SmallDomain/SelectorOracleTest.MatchesManualSmallDomainEnumeration/FF_348 (0 ms)
[ RUN      ] SmallDomain/SelectorOracleTest.MatchesManualSmallDomainEnumeration/GF_349
[       OK ] SmallDomain/SelectorOracleTest.MatchesManualSmallDomainEnumeration/GF_349 (0 ms)
[ RUN      ] SmallDomain/SelectorOracleTest.MatchesManualSmallDomainEnumeration/GGSame_350
[       OK ] SmallDomain/SelectorOracleTest.MatchesManualSmallDomainEnumeration/GGSame_350 (0 ms)
[ RUN      ] SmallDomain/SelectorOracleTest.MatchesManualSmallDomainEnumeration/GGMixed_351
[       OK ] SmallDomain/SelectorOracleTest.MatchesManualSmallDomainEnumeration/GGMixed_351 (4 ms)
[ RUN      ] SmallDomain/SelectorOracleTest.MatchesManualSmallDomainEnumeration/FF_352
[       OK ] SmallDomain/SelectorOracleTest.MatchesManualSmallDomainEnumeration/FF_352 (0 ms)
[ RUN      ] SmallDomain/SelectorOracleTest.MatchesManualSmallDomainEnumeration/GF_353
[       OK ] SmallDomain/SelectorOracleTest.MatchesManualSmallDomainEnumeration/GF_353 (0 ms)
[ RUN      ] SmallDomain/SelectorOracleTest.MatchesManualSmallDomainEnumeration/GGSame_354
[       OK ] SmallDomain/SelectorOracleTest.MatchesManualSmallDomainEnumeration/GGSame_354 (0 ms)
[ RUN      ] SmallDomain/SelectorOracleTest.MatchesManualSmallDomainEnumeration/GGMixed_355
[       OK ] SmallDomain/SelectorOracleTest.MatchesManualSmallDomainEnumeration/GGMixed_355 (5 ms)
[ RUN      ] SmallDomain/SelectorOracleTest.MatchesManualSmallDomainEnumeration/FF_356
[       OK ] SmallDomain/SelectorOracleTest.MatchesManualSmallDomainEnumeration/FF_356 (0 ms)
[ RUN      ] SmallDomain/SelectorOracleTest.MatchesManualSmallDomainEnumeration/GF_357
[       OK ] SmallDomain/SelectorOracleTest.MatchesManualSmallDomainEnumeration/GF_357 (0 ms)
[ RUN      ] SmallDomain/SelectorOracleTest.MatchesManualSmallDomainEnumeration/GGSame_358
[       OK ] SmallDomain/SelectorOracleTest.MatchesManualSmallDomainEnumeration/GGSame_358 (0 ms)
[ RUN      ] SmallDomain/SelectorOracleTest.MatchesManualSmallDomainEnumeration/GGMixed_359
[       OK ] SmallDomain/SelectorOracleTest.MatchesManualSmallDomainEnumeration/GGMixed_359 (5 ms)
[ RUN      ] SmallDomain/SelectorOracleTest.MatchesManualSmallDomainEnumeration/FF_360
[       OK ] SmallDomain/SelectorOracleTest.MatchesManualSmallDomainEnumeration/FF_360 (0 ms)
[ RUN      ] SmallDomain/SelectorOracleTest.MatchesManualSmallDomainEnumeration/GF_361
[       OK ] SmallDomain/SelectorOracleTest.MatchesManualSmallDomainEnumeration/GF_361 (0 ms)
[ RUN      ] SmallDomain/SelectorOracleTest.MatchesManualSmallDomainEnumeration/GGSame_362
[       OK ] SmallDomain/SelectorOracleTest.MatchesManualSmallDomainEnumeration/GGSame_362 (0 ms)
[ RUN      ] SmallDomain/SelectorOracleTest.MatchesManualSmallDomainEnumeration/GGMixed_363
[       OK ] SmallDomain/SelectorOracleTest.MatchesManualSmallDomainEnumeration/GGMixed_363 (5 ms)
[ RUN      ] SmallDomain/SelectorOracleTest.MatchesManualSmallDomainEnumeration/FF_364
[       OK ] SmallDomain/SelectorOracleTest.MatchesManualSmallDomainEnumeration/FF_364 (0 ms)
[ RUN      ] SmallDomain/SelectorOracleTest.MatchesManualSmallDomainEnumeration/GF_365
[       OK ] SmallDomain/SelectorOracleTest.MatchesManualSmallDomainEnumeration/GF_365 (0 ms)
[ RUN      ] SmallDomain/SelectorOracleTest.MatchesManualSmallDomainEnumeration/GGSame_366
[       OK ] SmallDomain/SelectorOracleTest.MatchesManualSmallDomainEnumeration/GGSame_366 (0 ms)
[ RUN      ] SmallDomain/SelectorOracleTest.MatchesManualSmallDomainEnumeration/GGMixed_367
[       OK ] SmallDomain/SelectorOracleTest.MatchesManualSmallDomainEnumeration/GGMixed_367 (5 ms)
[ RUN      ] SmallDomain/SelectorOracleTest.MatchesManualSmallDomainEnumeration/FF_368
[       OK ] SmallDomain/SelectorOracleTest.MatchesManualSmallDomainEnumeration/FF_368 (0 ms)
[ RUN      ] SmallDomain/SelectorOracleTest.MatchesManualSmallDomainEnumeration/GF_369
[       OK ] SmallDomain/SelectorOracleTest.MatchesManualSmallDomainEnumeration/GF_369 (0 ms)
[ RUN      ] SmallDomain/SelectorOracleTest.MatchesManualSmallDomainEnumeration/GGSame_370
[       OK ] SmallDomain/SelectorOracleTest.MatchesManualSmallDomainEnumeration/GGSame_370 (0 ms)
[ RUN      ] SmallDomain/SelectorOracleTest.MatchesManualSmallDomainEnumeration/GGMixed_371
[       OK ] SmallDomain/SelectorOracleTest.MatchesManualSmallDomainEnumeration/GGMixed_371 (5 ms)
[ RUN      ] SmallDomain/SelectorOracleTest.MatchesManualSmallDomainEnumeration/FF_372
[       OK ] SmallDomain/SelectorOracleTest.MatchesManualSmallDomainEnumeration/FF_372 (0 ms)
[ RUN      ] SmallDomain/SelectorOracleTest.MatchesManualSmallDomainEnumeration/GF_373
[       OK ] SmallDomain/SelectorOracleTest.MatchesManualSmallDomainEnumeration/GF_373 (0 ms)
[ RUN      ] SmallDomain/SelectorOracleTest.MatchesManualSmallDomainEnumeration/GGSame_374
[       OK ] SmallDomain/SelectorOracleTest.MatchesManualSmallDomainEnumeration/GGSame_374 (0 ms)
[ RUN      ] SmallDomain/SelectorOracleTest.MatchesManualSmallDomainEnumeration/GGMixed_375
[       OK ] SmallDomain/SelectorOracleTest.MatchesManualSmallDomainEnumeration/GGMixed_375 (4 ms)
[ RUN      ] SmallDomain/SelectorOracleTest.MatchesManualSmallDomainEnumeration/FF_376
[       OK ] SmallDomain/SelectorOracleTest.MatchesManualSmallDomainEnumeration/FF_376 (0 ms)
[ RUN      ] SmallDomain/SelectorOracleTest.MatchesManualSmallDomainEnumeration/GF_377
[       OK ] SmallDomain/SelectorOracleTest.MatchesManualSmallDomainEnumeration/GF_377 (0 ms)
[ RUN      ] SmallDomain/SelectorOracleTest.MatchesManualSmallDomainEnumeration/GGSame_378
[       OK ] SmallDomain/SelectorOracleTest.MatchesManualSmallDomainEnumeration/GGSame_378 (0 ms)
[ RUN      ] SmallDomain/SelectorOracleTest.MatchesManualSmallDomainEnumeration/GGMixed_379
[       OK ] SmallDomain/SelectorOracleTest.MatchesManualSmallDomainEnumeration/GGMixed_379 (5 ms)
[ RUN      ] SmallDomain/SelectorOracleTest.MatchesManualSmallDomainEnumeration/FF_380
[       OK ] SmallDomain/SelectorOracleTest.MatchesManualSmallDomainEnumeration/FF_380 (0 ms)
[ RUN      ] SmallDomain/SelectorOracleTest.MatchesManualSmallDomainEnumeration/GF_381
[       OK ] SmallDomain/SelectorOracleTest.MatchesManualSmallDomainEnumeration/GF_381 (0 ms)
[ RUN      ] SmallDomain/SelectorOracleTest.MatchesManualSmallDomainEnumeration/GGSame_382
[       OK ] SmallDomain/SelectorOracleTest.MatchesManualSmallDomainEnumeration/GGSame_382 (0 ms)
[ RUN      ] SmallDomain/SelectorOracleTest.MatchesManualSmallDomainEnumeration/GGMixed_383
[       OK ] SmallDomain/SelectorOracleTest.MatchesManualSmallDomainEnumeration/GGMixed_383 (4 ms)
[ RUN      ] SmallDomain/SelectorOracleTest.MatchesManualSmallDomainEnumeration/FF_384
[       OK ] SmallDomain/SelectorOracleTest.MatchesManualSmallDomainEnumeration/FF_384 (0 ms)
[ RUN      ] SmallDomain/SelectorOracleTest.MatchesManualSmallDomainEnumeration/GF_385
[       OK ] SmallDomain/SelectorOracleTest.MatchesManualSmallDomainEnumeration/GF_385 (0 ms)
[ RUN      ] SmallDomain/SelectorOracleTest.MatchesManualSmallDomainEnumeration/GGSame_386
[       OK ] SmallDomain/SelectorOracleTest.MatchesManualSmallDomainEnumeration/GGSame_386 (0 ms)
[ RUN      ] SmallDomain/SelectorOracleTest.MatchesManualSmallDomainEnumeration/GGMixed_387
[       OK ] SmallDomain/SelectorOracleTest.MatchesManualSmallDomainEnumeration/GGMixed_387 (5 ms)
[ RUN      ] SmallDomain/SelectorOracleTest.MatchesManualSmallDomainEnumeration/FF_388
[       OK ] SmallDomain/SelectorOracleTest.MatchesManualSmallDomainEnumeration/FF_388 (0 ms)
[ RUN      ] SmallDomain/SelectorOracleTest.MatchesManualSmallDomainEnumeration/GF_389
[       OK ] SmallDomain/SelectorOracleTest.MatchesManualSmallDomainEnumeration/GF_389 (0 ms)
[ RUN      ] SmallDomain/SelectorOracleTest.MatchesManualSmallDomainEnumeration/GGSame_390
[       OK ] SmallDomain/SelectorOracleTest.MatchesManualSmallDomainEnumeration/GGSame_390 (0 ms)
[ RUN      ] SmallDomain/SelectorOracleTest.MatchesManualSmallDomainEnumeration/GGMixed_391
[       OK ] SmallDomain/SelectorOracleTest.MatchesManualSmallDomainEnumeration/GGMixed_391 (4 ms)
[ RUN      ] SmallDomain/SelectorOracleTest.MatchesManualSmallDomainEnumeration/FF_392
[       OK ] SmallDomain/SelectorOracleTest.MatchesManualSmallDomainEnumeration/FF_392 (0 ms)
[ RUN      ] SmallDomain/SelectorOracleTest.MatchesManualSmallDomainEnumeration/GF_393
[       OK ] SmallDomain/SelectorOracleTest.MatchesManualSmallDomainEnumeration/GF_393 (0 ms)
[ RUN      ] SmallDomain/SelectorOracleTest.MatchesManualSmallDomainEnumeration/GGSame_394
[       OK ] SmallDomain/SelectorOracleTest.MatchesManualSmallDomainEnumeration/GGSame_394 (0 ms)
[ RUN      ] SmallDomain/SelectorOracleTest.MatchesManualSmallDomainEnumeration/GGMixed_395
[       OK ] SmallDomain/SelectorOracleTest.MatchesManualSmallDomainEnumeration/GGMixed_395 (5 ms)
[ RUN      ] SmallDomain/SelectorOracleTest.MatchesManualSmallDomainEnumeration/FF_396
[       OK ] SmallDomain/SelectorOracleTest.MatchesManualSmallDomainEnumeration/FF_396 (0 ms)
[ RUN      ] SmallDomain/SelectorOracleTest.MatchesManualSmallDomainEnumeration/GF_397
[       OK ] SmallDomain/SelectorOracleTest.MatchesManualSmallDomainEnumeration/GF_397 (0 ms)
[ RUN      ] SmallDomain/SelectorOracleTest.MatchesManualSmallDomainEnumeration/GGSame_398
[       OK ] SmallDomain/SelectorOracleTest.MatchesManualSmallDomainEnumeration/GGSame_398 (0 ms)
[ RUN      ] SmallDomain/SelectorOracleTest.MatchesManualSmallDomainEnumeration/GGMixed_399
[       OK ] SmallDomain/SelectorOracleTest.MatchesManualSmallDomainEnumeration/GGMixed_399 (5 ms)
[ RUN      ] SmallDomain/SelectorOracleTest.MatchesManualSmallDomainEnumeration/FF_400
[       OK ] SmallDomain/SelectorOracleTest.MatchesManualSmallDomainEnumeration/FF_400 (0 ms)
[ RUN      ] SmallDomain/SelectorOracleTest.MatchesManualSmallDomainEnumeration/GF_401
[       OK ] SmallDomain/SelectorOracleTest.MatchesManualSmallDomainEnumeration/GF_401 (0 ms)
[ RUN      ] SmallDomain/SelectorOracleTest.MatchesManualSmallDomainEnumeration/GGSame_402
[       OK ] SmallDomain/SelectorOracleTest.MatchesManualSmallDomainEnumeration/GGSame_402 (0 ms)
[ RUN      ] SmallDomain/SelectorOracleTest.MatchesManualSmallDomainEnumeration/GGMixed_403
[       OK ] SmallDomain/SelectorOracleTest.MatchesManualSmallDomainEnumeration/GGMixed_403 (5 ms)
[ RUN      ] SmallDomain/SelectorOracleTest.MatchesManualSmallDomainEnumeration/FF_404
[       OK ] SmallDomain/SelectorOracleTest.MatchesManualSmallDomainEnumeration/FF_404 (0 ms)
[ RUN      ] SmallDomain/SelectorOracleTest.MatchesManualSmallDomainEnumeration/GF_405
[       OK ] SmallDomain/SelectorOracleTest.MatchesManualSmallDomainEnumeration/GF_405 (0 ms)
[ RUN      ] SmallDomain/SelectorOracleTest.MatchesManualSmallDomainEnumeration/GGSame_406
[       OK ] SmallDomain/SelectorOracleTest.MatchesManualSmallDomainEnumeration/GGSame_406 (0 ms)
[ RUN      ] SmallDomain/SelectorOracleTest.MatchesManualSmallDomainEnumeration/GGMixed_407
[       OK ] SmallDomain/SelectorOracleTest.MatchesManualSmallDomainEnumeration/GGMixed_407 (5 ms)
[ RUN      ] SmallDomain/SelectorOracleTest.MatchesManualSmallDomainEnumeration/FF_408
[       OK ] SmallDomain/SelectorOracleTest.MatchesManualSmallDomainEnumeration/FF_408 (0 ms)
[ RUN      ] SmallDomain/SelectorOracleTest.MatchesManualSmallDomainEnumeration/GF_409
[       OK ] SmallDomain/SelectorOracleTest.MatchesManualSmallDomainEnumeration/GF_409 (0 ms)
[ RUN      ] SmallDomain/SelectorOracleTest.MatchesManualSmallDomainEnumeration/GGSame_410
[       OK ] SmallDomain/SelectorOracleTest.MatchesManualSmallDomainEnumeration/GGSame_410 (0 ms)
[ RUN      ] SmallDomain/SelectorOracleTest.MatchesManualSmallDomainEnumeration/GGMixed_411
[       OK ] SmallDomain/SelectorOracleTest.MatchesManualSmallDomainEnumeration/GGMixed_411 (5 ms)
[ RUN      ] SmallDomain/SelectorOracleTest.MatchesManualSmallDomainEnumeration/FF_412
[       OK ] SmallDomain/SelectorOracleTest.MatchesManualSmallDomainEnumeration/FF_412 (0 ms)
[ RUN      ] SmallDomain/SelectorOracleTest.MatchesManualSmallDomainEnumeration/GF_413
[       OK ] SmallDomain/SelectorOracleTest.MatchesManualSmallDomainEnumeration/GF_413 (0 ms)
[ RUN      ] SmallDomain/SelectorOracleTest.MatchesManualSmallDomainEnumeration/GGSame_414
[       OK ] SmallDomain/SelectorOracleTest.MatchesManualSmallDomainEnumeration/GGSame_414 (0 ms)
[ RUN      ] SmallDomain/SelectorOracleTest.MatchesManualSmallDomainEnumeration/GGMixed_415
[       OK ] SmallDomain/SelectorOracleTest.MatchesManualSmallDomainEnumeration/GGMixed_415 (5 ms)
[ RUN      ] SmallDomain/SelectorOracleTest.MatchesManualSmallDomainEnumeration/FF_416
[       OK ] SmallDomain/SelectorOracleTest.MatchesManualSmallDomainEnumeration/FF_416 (0 ms)
[ RUN      ] SmallDomain/SelectorOracleTest.MatchesManualSmallDomainEnumeration/GF_417
[       OK ] SmallDomain/SelectorOracleTest.MatchesManualSmallDomainEnumeration/GF_417 (0 ms)
[ RUN      ] SmallDomain/SelectorOracleTest.MatchesManualSmallDomainEnumeration/GGSame_418
[       OK ] SmallDomain/SelectorOracleTest.MatchesManualSmallDomainEnumeration/GGSame_418 (0 ms)
[ RUN      ] SmallDomain/SelectorOracleTest.MatchesManualSmallDomainEnumeration/GGMixed_419
[       OK ] SmallDomain/SelectorOracleTest.MatchesManualSmallDomainEnumeration/GGMixed_419 (5 ms)
[ RUN      ] SmallDomain/SelectorOracleTest.MatchesManualSmallDomainEnumeration/FF_420
[       OK ] SmallDomain/SelectorOracleTest.MatchesManualSmallDomainEnumeration/FF_420 (0 ms)
[ RUN      ] SmallDomain/SelectorOracleTest.MatchesManualSmallDomainEnumeration/GF_421
[       OK ] SmallDomain/SelectorOracleTest.MatchesManualSmallDomainEnumeration/GF_421 (0 ms)
[ RUN      ] SmallDomain/SelectorOracleTest.MatchesManualSmallDomainEnumeration/GGSame_422
[       OK ] SmallDomain/SelectorOracleTest.MatchesManualSmallDomainEnumeration/GGSame_422 (0 ms)
[ RUN      ] SmallDomain/SelectorOracleTest.MatchesManualSmallDomainEnumeration/GGMixed_423
[       OK ] SmallDomain/SelectorOracleTest.MatchesManualSmallDomainEnumeration/GGMixed_423 (4 ms)
[ RUN      ] SmallDomain/SelectorOracleTest.MatchesManualSmallDomainEnumeration/FF_424
[       OK ] SmallDomain/SelectorOracleTest.MatchesManualSmallDomainEnumeration/FF_424 (0 ms)
[ RUN      ] SmallDomain/SelectorOracleTest.MatchesManualSmallDomainEnumeration/GF_425
[       OK ] SmallDomain/SelectorOracleTest.MatchesManualSmallDomainEnumeration/GF_425 (0 ms)
[ RUN      ] SmallDomain/SelectorOracleTest.MatchesManualSmallDomainEnumeration/GGSame_426
[       OK ] SmallDomain/SelectorOracleTest.MatchesManualSmallDomainEnumeration/GGSame_426 (0 ms)
[ RUN      ] SmallDomain/SelectorOracleTest.MatchesManualSmallDomainEnumeration/GGMixed_427
[       OK ] SmallDomain/SelectorOracleTest.MatchesManualSmallDomainEnumeration/GGMixed_427 (6 ms)
[ RUN      ] SmallDomain/SelectorOracleTest.MatchesManualSmallDomainEnumeration/FF_428
[       OK ] SmallDomain/SelectorOracleTest.MatchesManualSmallDomainEnumeration/FF_428 (0 ms)
[ RUN      ] SmallDomain/SelectorOracleTest.MatchesManualSmallDomainEnumeration/GF_429
[       OK ] SmallDomain/SelectorOracleTest.MatchesManualSmallDomainEnumeration/GF_429 (0 ms)
[ RUN      ] SmallDomain/SelectorOracleTest.MatchesManualSmallDomainEnumeration/GGSame_430
[       OK ] SmallDomain/SelectorOracleTest.MatchesManualSmallDomainEnumeration/GGSame_430 (0 ms)
[ RUN      ] SmallDomain/SelectorOracleTest.MatchesManualSmallDomainEnumeration/GGMixed_431
[       OK ] SmallDomain/SelectorOracleTest.MatchesManualSmallDomainEnumeration/GGMixed_431 (4 ms)
[ RUN      ] SmallDomain/SelectorOracleTest.MatchesManualSmallDomainEnumeration/FF_432
[       OK ] SmallDomain/SelectorOracleTest.MatchesManualSmallDomainEnumeration/FF_432 (0 ms)
[ RUN      ] SmallDomain/SelectorOracleTest.MatchesManualSmallDomainEnumeration/GF_433
[       OK ] SmallDomain/SelectorOracleTest.MatchesManualSmallDomainEnumeration/GF_433 (0 ms)
[ RUN      ] SmallDomain/SelectorOracleTest.MatchesManualSmallDomainEnumeration/GGSame_434
[       OK ] SmallDomain/SelectorOracleTest.MatchesManualSmallDomainEnumeration/GGSame_434 (0 ms)
[ RUN      ] SmallDomain/SelectorOracleTest.MatchesManualSmallDomainEnumeration/GGMixed_435
[       OK ] SmallDomain/SelectorOracleTest.MatchesManualSmallDomainEnumeration/GGMixed_435 (5 ms)
[ RUN      ] SmallDomain/SelectorOracleTest.MatchesManualSmallDomainEnumeration/FF_436
[       OK ] SmallDomain/SelectorOracleTest.MatchesManualSmallDomainEnumeration/FF_436 (0 ms)
[ RUN      ] SmallDomain/SelectorOracleTest.MatchesManualSmallDomainEnumeration/GF_437
[       OK ] SmallDomain/SelectorOracleTest.MatchesManualSmallDomainEnumeration/GF_437 (0 ms)
[ RUN      ] SmallDomain/SelectorOracleTest.MatchesManualSmallDomainEnumeration/GGSame_438
[       OK ] SmallDomain/SelectorOracleTest.MatchesManualSmallDomainEnumeration/GGSame_438 (0 ms)
[ RUN      ] SmallDomain/SelectorOracleTest.MatchesManualSmallDomainEnumeration/GGMixed_439
[       OK ] SmallDomain/SelectorOracleTest.MatchesManualSmallDomainEnumeration/GGMixed_439 (5 ms)
[ RUN      ] SmallDomain/SelectorOracleTest.MatchesManualSmallDomainEnumeration/FF_440
[       OK ] SmallDomain/SelectorOracleTest.MatchesManualSmallDomainEnumeration/FF_440 (0 ms)
[ RUN      ] SmallDomain/SelectorOracleTest.MatchesManualSmallDomainEnumeration/GF_441
[       OK ] SmallDomain/SelectorOracleTest.MatchesManualSmallDomainEnumeration/GF_441 (0 ms)
[ RUN      ] SmallDomain/SelectorOracleTest.MatchesManualSmallDomainEnumeration/GGSame_442
[       OK ] SmallDomain/SelectorOracleTest.MatchesManualSmallDomainEnumeration/GGSame_442 (0 ms)
[ RUN      ] SmallDomain/SelectorOracleTest.MatchesManualSmallDomainEnumeration/GGMixed_443
[       OK ] SmallDomain/SelectorOracleTest.MatchesManualSmallDomainEnumeration/GGMixed_443 (5 ms)
[ RUN      ] SmallDomain/SelectorOracleTest.MatchesManualSmallDomainEnumeration/FF_444
[       OK ] SmallDomain/SelectorOracleTest.MatchesManualSmallDomainEnumeration/FF_444 (0 ms)
[ RUN      ] SmallDomain/SelectorOracleTest.MatchesManualSmallDomainEnumeration/GF_445
[       OK ] SmallDomain/SelectorOracleTest.MatchesManualSmallDomainEnumeration/GF_445 (0 ms)
[ RUN      ] SmallDomain/SelectorOracleTest.MatchesManualSmallDomainEnumeration/GGSame_446
[       OK ] SmallDomain/SelectorOracleTest.MatchesManualSmallDomainEnumeration/GGSame_446 (0 ms)
[ RUN      ] SmallDomain/SelectorOracleTest.MatchesManualSmallDomainEnumeration/GGMixed_447
[       OK ] SmallDomain/SelectorOracleTest.MatchesManualSmallDomainEnumeration/GGMixed_447 (5 ms)
[ RUN      ] SmallDomain/SelectorOracleTest.MatchesManualSmallDomainEnumeration/FF_448
[       OK ] SmallDomain/SelectorOracleTest.MatchesManualSmallDomainEnumeration/FF_448 (0 ms)
[ RUN      ] SmallDomain/SelectorOracleTest.MatchesManualSmallDomainEnumeration/GF_449
[       OK ] SmallDomain/SelectorOracleTest.MatchesManualSmallDomainEnumeration/GF_449 (0 ms)
[ RUN      ] SmallDomain/SelectorOracleTest.MatchesManualSmallDomainEnumeration/GGSame_450
[       OK ] SmallDomain/SelectorOracleTest.MatchesManualSmallDomainEnumeration/GGSame_450 (0 ms)
[ RUN      ] SmallDomain/SelectorOracleTest.MatchesManualSmallDomainEnumeration/GGMixed_451
[       OK ] SmallDomain/SelectorOracleTest.MatchesManualSmallDomainEnumeration/GGMixed_451 (5 ms)
[ RUN      ] SmallDomain/SelectorOracleTest.MatchesManualSmallDomainEnumeration/FF_452
[       OK ] SmallDomain/SelectorOracleTest.MatchesManualSmallDomainEnumeration/FF_452 (0 ms)
[ RUN      ] SmallDomain/SelectorOracleTest.MatchesManualSmallDomainEnumeration/GF_453
[       OK ] SmallDomain/SelectorOracleTest.MatchesManualSmallDomainEnumeration/GF_453 (0 ms)
[ RUN      ] SmallDomain/SelectorOracleTest.MatchesManualSmallDomainEnumeration/GGSame_454
[       OK ] SmallDomain/SelectorOracleTest.MatchesManualSmallDomainEnumeration/GGSame_454 (0 ms)
[ RUN      ] SmallDomain/SelectorOracleTest.MatchesManualSmallDomainEnumeration/GGMixed_455
[       OK ] SmallDomain/SelectorOracleTest.MatchesManualSmallDomainEnumeration/GGMixed_455 (4 ms)
[ RUN      ] SmallDomain/SelectorOracleTest.MatchesManualSmallDomainEnumeration/FF_456
[       OK ] SmallDomain/SelectorOracleTest.MatchesManualSmallDomainEnumeration/FF_456 (0 ms)
[ RUN      ] SmallDomain/SelectorOracleTest.MatchesManualSmallDomainEnumeration/GF_457
[       OK ] SmallDomain/SelectorOracleTest.MatchesManualSmallDomainEnumeration/GF_457 (0 ms)
[ RUN      ] SmallDomain/SelectorOracleTest.MatchesManualSmallDomainEnumeration/GGSame_458
[       OK ] SmallDomain/SelectorOracleTest.MatchesManualSmallDomainEnumeration/GGSame_458 (0 ms)
[ RUN      ] SmallDomain/SelectorOracleTest.MatchesManualSmallDomainEnumeration/GGMixed_459
[       OK ] SmallDomain/SelectorOracleTest.MatchesManualSmallDomainEnumeration/GGMixed_459 (5 ms)
[ RUN      ] SmallDomain/SelectorOracleTest.MatchesManualSmallDomainEnumeration/FF_460
[       OK ] SmallDomain/SelectorOracleTest.MatchesManualSmallDomainEnumeration/FF_460 (0 ms)
[ RUN      ] SmallDomain/SelectorOracleTest.MatchesManualSmallDomainEnumeration/GF_461
[       OK ] SmallDomain/SelectorOracleTest.MatchesManualSmallDomainEnumeration/GF_461 (0 ms)
[ RUN      ] SmallDomain/SelectorOracleTest.MatchesManualSmallDomainEnumeration/GGSame_462
[       OK ] SmallDomain/SelectorOracleTest.MatchesManualSmallDomainEnumeration/GGSame_462 (0 ms)
[ RUN      ] SmallDomain/SelectorOracleTest.MatchesManualSmallDomainEnumeration/GGMixed_463
[       OK ] SmallDomain/SelectorOracleTest.MatchesManualSmallDomainEnumeration/GGMixed_463 (5 ms)
[ RUN      ] SmallDomain/SelectorOracleTest.MatchesManualSmallDomainEnumeration/FF_464
[       OK ] SmallDomain/SelectorOracleTest.MatchesManualSmallDomainEnumeration/FF_464 (0 ms)
[ RUN      ] SmallDomain/SelectorOracleTest.MatchesManualSmallDomainEnumeration/GF_465
[       OK ] SmallDomain/SelectorOracleTest.MatchesManualSmallDomainEnumeration/GF_465 (0 ms)
[ RUN      ] SmallDomain/SelectorOracleTest.MatchesManualSmallDomainEnumeration/GGSame_466
[       OK ] SmallDomain/SelectorOracleTest.MatchesManualSmallDomainEnumeration/GGSame_466 (0 ms)
[ RUN      ] SmallDomain/SelectorOracleTest.MatchesManualSmallDomainEnumeration/GGMixed_467
[       OK ] SmallDomain/SelectorOracleTest.MatchesManualSmallDomainEnumeration/GGMixed_467 (5 ms)
[ RUN      ] SmallDomain/SelectorOracleTest.MatchesManualSmallDomainEnumeration/FF_468
[       OK ] SmallDomain/SelectorOracleTest.MatchesManualSmallDomainEnumeration/FF_468 (0 ms)
[ RUN      ] SmallDomain/SelectorOracleTest.MatchesManualSmallDomainEnumeration/GF_469
[       OK ] SmallDomain/SelectorOracleTest.MatchesManualSmallDomainEnumeration/GF_469 (0 ms)
[ RUN      ] SmallDomain/SelectorOracleTest.MatchesManualSmallDomainEnumeration/GGSame_470
[       OK ] SmallDomain/SelectorOracleTest.MatchesManualSmallDomainEnumeration/GGSame_470 (0 ms)
[ RUN      ] SmallDomain/SelectorOracleTest.MatchesManualSmallDomainEnumeration/GGMixed_471
[       OK ] SmallDomain/SelectorOracleTest.MatchesManualSmallDomainEnumeration/GGMixed_471 (5 ms)
[ RUN      ] SmallDomain/SelectorOracleTest.MatchesManualSmallDomainEnumeration/FF_472
[       OK ] SmallDomain/SelectorOracleTest.MatchesManualSmallDomainEnumeration/FF_472 (0 ms)
[ RUN      ] SmallDomain/SelectorOracleTest.MatchesManualSmallDomainEnumeration/GF_473
[       OK ] SmallDomain/SelectorOracleTest.MatchesManualSmallDomainEnumeration/GF_473 (0 ms)
[ RUN      ] SmallDomain/SelectorOracleTest.MatchesManualSmallDomainEnumeration/GGSame_474
[       OK ] SmallDomain/SelectorOracleTest.MatchesManualSmallDomainEnumeration/GGSame_474 (0 ms)
[ RUN      ] SmallDomain/SelectorOracleTest.MatchesManualSmallDomainEnumeration/GGMixed_475
[       OK ] SmallDomain/SelectorOracleTest.MatchesManualSmallDomainEnumeration/GGMixed_475 (6 ms)
[ RUN      ] SmallDomain/SelectorOracleTest.MatchesManualSmallDomainEnumeration/FF_476
[       OK ] SmallDomain/SelectorOracleTest.MatchesManualSmallDomainEnumeration/FF_476 (0 ms)
[ RUN      ] SmallDomain/SelectorOracleTest.MatchesManualSmallDomainEnumeration/GF_477
[       OK ] SmallDomain/SelectorOracleTest.MatchesManualSmallDomainEnumeration/GF_477 (0 ms)
[ RUN      ] SmallDomain/SelectorOracleTest.MatchesManualSmallDomainEnumeration/GGSame_478
[       OK ] SmallDomain/SelectorOracleTest.MatchesManualSmallDomainEnumeration/GGSame_478 (0 ms)
[ RUN      ] SmallDomain/SelectorOracleTest.MatchesManualSmallDomainEnumeration/GGMixed_479
[       OK ] SmallDomain/SelectorOracleTest.MatchesManualSmallDomainEnumeration/GGMixed_479 (4 ms)
[ RUN      ] SmallDomain/SelectorOracleTest.MatchesManualSmallDomainEnumeration/FF_480
[       OK ] SmallDomain/SelectorOracleTest.MatchesManualSmallDomainEnumeration/FF_480 (0 ms)
[ RUN      ] SmallDomain/SelectorOracleTest.MatchesManualSmallDomainEnumeration/GF_481
[       OK ] SmallDomain/SelectorOracleTest.MatchesManualSmallDomainEnumeration/GF_481 (0 ms)
[ RUN      ] SmallDomain/SelectorOracleTest.MatchesManualSmallDomainEnumeration/GGSame_482
[       OK ] SmallDomain/SelectorOracleTest.MatchesManualSmallDomainEnumeration/GGSame_482 (0 ms)
[ RUN      ] SmallDomain/SelectorOracleTest.MatchesManualSmallDomainEnumeration/GGMixed_483
[       OK ] SmallDomain/SelectorOracleTest.MatchesManualSmallDomainEnumeration/GGMixed_483 (5 ms)
[ RUN      ] SmallDomain/SelectorOracleTest.MatchesManualSmallDomainEnumeration/FF_484
[       OK ] SmallDomain/SelectorOracleTest.MatchesManualSmallDomainEnumeration/FF_484 (0 ms)
[ RUN      ] SmallDomain/SelectorOracleTest.MatchesManualSmallDomainEnumeration/GF_485
[       OK ] SmallDomain/SelectorOracleTest.MatchesManualSmallDomainEnumeration/GF_485 (0 ms)
[ RUN      ] SmallDomain/SelectorOracleTest.MatchesManualSmallDomainEnumeration/GGSame_486
[       OK ] SmallDomain/SelectorOracleTest.MatchesManualSmallDomainEnumeration/GGSame_486 (0 ms)
[ RUN      ] SmallDomain/SelectorOracleTest.MatchesManualSmallDomainEnumeration/GGMixed_487
[       OK ] SmallDomain/SelectorOracleTest.MatchesManualSmallDomainEnumeration/GGMixed_487 (4 ms)
[ RUN      ] SmallDomain/SelectorOracleTest.MatchesManualSmallDomainEnumeration/FF_488
[       OK ] SmallDomain/SelectorOracleTest.MatchesManualSmallDomainEnumeration/FF_488 (0 ms)
[ RUN      ] SmallDomain/SelectorOracleTest.MatchesManualSmallDomainEnumeration/GF_489
[       OK ] SmallDomain/SelectorOracleTest.MatchesManualSmallDomainEnumeration/GF_489 (0 ms)
[ RUN      ] SmallDomain/SelectorOracleTest.MatchesManualSmallDomainEnumeration/GGSame_490
[       OK ] SmallDomain/SelectorOracleTest.MatchesManualSmallDomainEnumeration/GGSame_490 (0 ms)
[ RUN      ] SmallDomain/SelectorOracleTest.MatchesManualSmallDomainEnumeration/GGMixed_491
[       OK ] SmallDomain/SelectorOracleTest.MatchesManualSmallDomainEnumeration/GGMixed_491 (5 ms)
[ RUN      ] SmallDomain/SelectorOracleTest.MatchesManualSmallDomainEnumeration/FF_492
[       OK ] SmallDomain/SelectorOracleTest.MatchesManualSmallDomainEnumeration/FF_492 (0 ms)
[ RUN      ] SmallDomain/SelectorOracleTest.MatchesManualSmallDomainEnumeration/GF_493
[       OK ] SmallDomain/SelectorOracleTest.MatchesManualSmallDomainEnumeration/GF_493 (0 ms)
[ RUN      ] SmallDomain/SelectorOracleTest.MatchesManualSmallDomainEnumeration/GGSame_494
[       OK ] SmallDomain/SelectorOracleTest.MatchesManualSmallDomainEnumeration/GGSame_494 (0 ms)
[ RUN      ] SmallDomain/SelectorOracleTest.MatchesManualSmallDomainEnumeration/GGMixed_495
[       OK ] SmallDomain/SelectorOracleTest.MatchesManualSmallDomainEnumeration/GGMixed_495 (4 ms)
[ RUN      ] SmallDomain/SelectorOracleTest.MatchesManualSmallDomainEnumeration/FF_496
[       OK ] SmallDomain/SelectorOracleTest.MatchesManualSmallDomainEnumeration/FF_496 (0 ms)
[ RUN      ] SmallDomain/SelectorOracleTest.MatchesManualSmallDomainEnumeration/GF_497
[       OK ] SmallDomain/SelectorOracleTest.MatchesManualSmallDomainEnumeration/GF_497 (0 ms)
[ RUN      ] SmallDomain/SelectorOracleTest.MatchesManualSmallDomainEnumeration/GGSame_498
[       OK ] SmallDomain/SelectorOracleTest.MatchesManualSmallDomainEnumeration/GGSame_498 (0 ms)
[ RUN      ] SmallDomain/SelectorOracleTest.MatchesManualSmallDomainEnumeration/GGMixed_499
[       OK ] SmallDomain/SelectorOracleTest.MatchesManualSmallDomainEnumeration/GGMixed_499 (5 ms)
[ RUN      ] SmallDomain/SelectorOracleTest.MatchesManualSmallDomainEnumeration/FF_500
[       OK ] SmallDomain/SelectorOracleTest.MatchesManualSmallDomainEnumeration/FF_500 (0 ms)
[ RUN      ] SmallDomain/SelectorOracleTest.MatchesManualSmallDomainEnumeration/GF_501
[       OK ] SmallDomain/SelectorOracleTest.MatchesManualSmallDomainEnumeration/GF_501 (0 ms)
[ RUN      ] SmallDomain/SelectorOracleTest.MatchesManualSmallDomainEnumeration/GGSame_502
[       OK ] SmallDomain/SelectorOracleTest.MatchesManualSmallDomainEnumeration/GGSame_502 (0 ms)
[ RUN      ] SmallDomain/SelectorOracleTest.MatchesManualSmallDomainEnumeration/GGMixed_503
[       OK ] SmallDomain/SelectorOracleTest.MatchesManualSmallDomainEnumeration/GGMixed_503 (5 ms)
[ RUN      ] SmallDomain/SelectorOracleTest.MatchesManualSmallDomainEnumeration/FF_504
[       OK ] SmallDomain/SelectorOracleTest.MatchesManualSmallDomainEnumeration/FF_504 (0 ms)
[ RUN      ] SmallDomain/SelectorOracleTest.MatchesManualSmallDomainEnumeration/GF_505
[       OK ] SmallDomain/SelectorOracleTest.MatchesManualSmallDomainEnumeration/GF_505 (0 ms)
[ RUN      ] SmallDomain/SelectorOracleTest.MatchesManualSmallDomainEnumeration/GGSame_506
[       OK ] SmallDomain/SelectorOracleTest.MatchesManualSmallDomainEnumeration/GGSame_506 (0 ms)
[ RUN      ] SmallDomain/SelectorOracleTest.MatchesManualSmallDomainEnumeration/GGMixed_507
[       OK ] SmallDomain/SelectorOracleTest.MatchesManualSmallDomainEnumeration/GGMixed_507 (5 ms)
[ RUN      ] SmallDomain/SelectorOracleTest.MatchesManualSmallDomainEnumeration/FF_508
[       OK ] SmallDomain/SelectorOracleTest.MatchesManualSmallDomainEnumeration/FF_508 (0 ms)
[ RUN      ] SmallDomain/SelectorOracleTest.MatchesManualSmallDomainEnumeration/GF_509
[       OK ] SmallDomain/SelectorOracleTest.MatchesManualSmallDomainEnumeration/GF_509 (0 ms)
[ RUN      ] SmallDomain/SelectorOracleTest.MatchesManualSmallDomainEnumeration/GGSame_510
[       OK ] SmallDomain/SelectorOracleTest.MatchesManualSmallDomainEnumeration/GGSame_510 (0 ms)
[ RUN      ] SmallDomain/SelectorOracleTest.MatchesManualSmallDomainEnumeration/GGMixed_511
[       OK ] SmallDomain/SelectorOracleTest.MatchesManualSmallDomainEnumeration/GGMixed_511 (4 ms)
[ RUN      ] SmallDomain/SelectorOracleTest.MatchesManualSmallDomainEnumeration/FF_512
[       OK ] SmallDomain/SelectorOracleTest.MatchesManualSmallDomainEnumeration/FF_512 (0 ms)
[ RUN      ] SmallDomain/SelectorOracleTest.MatchesManualSmallDomainEnumeration/GF_513
[       OK ] SmallDomain/SelectorOracleTest.MatchesManualSmallDomainEnumeration/GF_513 (0 ms)
[ RUN      ] SmallDomain/SelectorOracleTest.MatchesManualSmallDomainEnumeration/GGSame_514
[       OK ] SmallDomain/SelectorOracleTest.MatchesManualSmallDomainEnumeration/GGSame_514 (0 ms)
[ RUN      ] SmallDomain/SelectorOracleTest.MatchesManualSmallDomainEnumeration/GGMixed_515
[       OK ] SmallDomain/SelectorOracleTest.MatchesManualSmallDomainEnumeration/GGMixed_515 (5 ms)
[ RUN      ] SmallDomain/SelectorOracleTest.MatchesManualSmallDomainEnumeration/FF_516
[       OK ] SmallDomain/SelectorOracleTest.MatchesManualSmallDomainEnumeration/FF_516 (0 ms)
[ RUN      ] SmallDomain/SelectorOracleTest.MatchesManualSmallDomainEnumeration/GF_517
[       OK ] SmallDomain/SelectorOracleTest.MatchesManualSmallDomainEnumeration/GF_517 (0 ms)
[ RUN      ] SmallDomain/SelectorOracleTest.MatchesManualSmallDomainEnumeration/GGSame_518
[       OK ] SmallDomain/SelectorOracleTest.MatchesManualSmallDomainEnumeration/GGSame_518 (0 ms)
[ RUN      ] SmallDomain/SelectorOracleTest.MatchesManualSmallDomainEnumeration/GGMixed_519
[       OK ] SmallDomain/SelectorOracleTest.MatchesManualSmallDomainEnumeration/GGMixed_519 (4 ms)
[ RUN      ] SmallDomain/SelectorOracleTest.MatchesManualSmallDomainEnumeration/FF_520
[       OK ] SmallDomain/SelectorOracleTest.MatchesManualSmallDomainEnumeration/FF_520 (0 ms)
[ RUN      ] SmallDomain/SelectorOracleTest.MatchesManualSmallDomainEnumeration/GF_521
[       OK ] SmallDomain/SelectorOracleTest.MatchesManualSmallDomainEnumeration/GF_521 (0 ms)
[ RUN      ] SmallDomain/SelectorOracleTest.MatchesManualSmallDomainEnumeration/GGSame_522
[       OK ] SmallDomain/SelectorOracleTest.MatchesManualSmallDomainEnumeration/GGSame_522 (0 ms)
[ RUN      ] SmallDomain/SelectorOracleTest.MatchesManualSmallDomainEnumeration/GGMixed_523
[       OK ] SmallDomain/SelectorOracleTest.MatchesManualSmallDomainEnumeration/GGMixed_523 (5 ms)
[ RUN      ] SmallDomain/SelectorOracleTest.MatchesManualSmallDomainEnumeration/FF_524
[       OK ] SmallDomain/SelectorOracleTest.MatchesManualSmallDomainEnumeration/FF_524 (0 ms)
[ RUN      ] SmallDomain/SelectorOracleTest.MatchesManualSmallDomainEnumeration/GF_525
[       OK ] SmallDomain/SelectorOracleTest.MatchesManualSmallDomainEnumeration/GF_525 (0 ms)
[ RUN      ] SmallDomain/SelectorOracleTest.MatchesManualSmallDomainEnumeration/GGSame_526
[       OK ] SmallDomain/SelectorOracleTest.MatchesManualSmallDomainEnumeration/GGSame_526 (0 ms)
[ RUN      ] SmallDomain/SelectorOracleTest.MatchesManualSmallDomainEnumeration/GGMixed_527
[       OK ] SmallDomain/SelectorOracleTest.MatchesManualSmallDomainEnumeration/GGMixed_527 (4 ms)
[ RUN      ] SmallDomain/SelectorOracleTest.MatchesManualSmallDomainEnumeration/FF_528
[       OK ] SmallDomain/SelectorOracleTest.MatchesManualSmallDomainEnumeration/FF_528 (0 ms)
[ RUN      ] SmallDomain/SelectorOracleTest.MatchesManualSmallDomainEnumeration/GF_529
[       OK ] SmallDomain/SelectorOracleTest.MatchesManualSmallDomainEnumeration/GF_529 (0 ms)
[ RUN      ] SmallDomain/SelectorOracleTest.MatchesManualSmallDomainEnumeration/GGSame_530
[       OK ] SmallDomain/SelectorOracleTest.MatchesManualSmallDomainEnumeration/GGSame_530 (0 ms)
[ RUN      ] SmallDomain/SelectorOracleTest.MatchesManualSmallDomainEnumeration/GGMixed_531
[       OK ] SmallDomain/SelectorOracleTest.MatchesManualSmallDomainEnumeration/GGMixed_531 (5 ms)
[ RUN      ] SmallDomain/SelectorOracleTest.MatchesManualSmallDomainEnumeration/FF_532
[       OK ] SmallDomain/SelectorOracleTest.MatchesManualSmallDomainEnumeration/FF_532 (0 ms)
[ RUN      ] SmallDomain/SelectorOracleTest.MatchesManualSmallDomainEnumeration/GF_533
[       OK ] SmallDomain/SelectorOracleTest.MatchesManualSmallDomainEnumeration/GF_533 (0 ms)
[ RUN      ] SmallDomain/SelectorOracleTest.MatchesManualSmallDomainEnumeration/GGSame_534
[       OK ] SmallDomain/SelectorOracleTest.MatchesManualSmallDomainEnumeration/GGSame_534 (0 ms)
[ RUN      ] SmallDomain/SelectorOracleTest.MatchesManualSmallDomainEnumeration/GGMixed_535
[       OK ] SmallDomain/SelectorOracleTest.MatchesManualSmallDomainEnumeration/GGMixed_535 (4 ms)
[ RUN      ] SmallDomain/SelectorOracleTest.MatchesManualSmallDomainEnumeration/FF_536
[       OK ] SmallDomain/SelectorOracleTest.MatchesManualSmallDomainEnumeration/FF_536 (0 ms)
[ RUN      ] SmallDomain/SelectorOracleTest.MatchesManualSmallDomainEnumeration/GF_537
[       OK ] SmallDomain/SelectorOracleTest.MatchesManualSmallDomainEnumeration/GF_537 (0 ms)
[ RUN      ] SmallDomain/SelectorOracleTest.MatchesManualSmallDomainEnumeration/GGSame_538
[       OK ] SmallDomain/SelectorOracleTest.MatchesManualSmallDomainEnumeration/GGSame_538 (0 ms)
[ RUN      ] SmallDomain/SelectorOracleTest.MatchesManualSmallDomainEnumeration/GGMixed_539
[       OK ] SmallDomain/SelectorOracleTest.MatchesManualSmallDomainEnumeration/GGMixed_539 (5 ms)
[ RUN      ] SmallDomain/SelectorOracleTest.MatchesManualSmallDomainEnumeration/FF_540
[       OK ] SmallDomain/SelectorOracleTest.MatchesManualSmallDomainEnumeration/FF_540 (0 ms)
[ RUN      ] SmallDomain/SelectorOracleTest.MatchesManualSmallDomainEnumeration/GF_541
[       OK ] SmallDomain/SelectorOracleTest.MatchesManualSmallDomainEnumeration/GF_541 (0 ms)
[ RUN      ] SmallDomain/SelectorOracleTest.MatchesManualSmallDomainEnumeration/GGSame_542
[       OK ] SmallDomain/SelectorOracleTest.MatchesManualSmallDomainEnumeration/GGSame_542 (0 ms)
[ RUN      ] SmallDomain/SelectorOracleTest.MatchesManualSmallDomainEnumeration/GGMixed_543
[       OK ] SmallDomain/SelectorOracleTest.MatchesManualSmallDomainEnumeration/GGMixed_543 (5 ms)
[ RUN      ] SmallDomain/SelectorOracleTest.MatchesManualSmallDomainEnumeration/FF_544
[       OK ] SmallDomain/SelectorOracleTest.MatchesManualSmallDomainEnumeration/FF_544 (0 ms)
[ RUN      ] SmallDomain/SelectorOracleTest.MatchesManualSmallDomainEnumeration/GF_545
[       OK ] SmallDomain/SelectorOracleTest.MatchesManualSmallDomainEnumeration/GF_545 (0 ms)
[ RUN      ] SmallDomain/SelectorOracleTest.MatchesManualSmallDomainEnumeration/GGSame_546
[       OK ] SmallDomain/SelectorOracleTest.MatchesManualSmallDomainEnumeration/GGSame_546 (0 ms)
[ RUN      ] SmallDomain/SelectorOracleTest.MatchesManualSmallDomainEnumeration/GGMixed_547
[       OK ] SmallDomain/SelectorOracleTest.MatchesManualSmallDomainEnumeration/GGMixed_547 (5 ms)
[ RUN      ] SmallDomain/SelectorOracleTest.MatchesManualSmallDomainEnumeration/FF_548
[       OK ] SmallDomain/SelectorOracleTest.MatchesManualSmallDomainEnumeration/FF_548 (0 ms)
[ RUN      ] SmallDomain/SelectorOracleTest.MatchesManualSmallDomainEnumeration/GF_549
[       OK ] SmallDomain/SelectorOracleTest.MatchesManualSmallDomainEnumeration/GF_549 (0 ms)
[ RUN      ] SmallDomain/SelectorOracleTest.MatchesManualSmallDomainEnumeration/GGSame_550
[       OK ] SmallDomain/SelectorOracleTest.MatchesManualSmallDomainEnumeration/GGSame_550 (0 ms)
[ RUN      ] SmallDomain/SelectorOracleTest.MatchesManualSmallDomainEnumeration/GGMixed_551
[       OK ] SmallDomain/SelectorOracleTest.MatchesManualSmallDomainEnumeration/GGMixed_551 (4 ms)
[ RUN      ] SmallDomain/SelectorOracleTest.MatchesManualSmallDomainEnumeration/FF_552
[       OK ] SmallDomain/SelectorOracleTest.MatchesManualSmallDomainEnumeration/FF_552 (0 ms)
[ RUN      ] SmallDomain/SelectorOracleTest.MatchesManualSmallDomainEnumeration/GF_553
[       OK ] SmallDomain/SelectorOracleTest.MatchesManualSmallDomainEnumeration/GF_553 (0 ms)
[ RUN      ] SmallDomain/SelectorOracleTest.MatchesManualSmallDomainEnumeration/GGSame_554
[       OK ] SmallDomain/SelectorOracleTest.MatchesManualSmallDomainEnumeration/GGSame_554 (0 ms)
[ RUN      ] SmallDomain/SelectorOracleTest.MatchesManualSmallDomainEnumeration/GGMixed_555
[       OK ] SmallDomain/SelectorOracleTest.MatchesManualSmallDomainEnumeration/GGMixed_555 (5 ms)
[ RUN      ] SmallDomain/SelectorOracleTest.MatchesManualSmallDomainEnumeration/FF_556
[       OK ] SmallDomain/SelectorOracleTest.MatchesManualSmallDomainEnumeration/FF_556 (0 ms)
[ RUN      ] SmallDomain/SelectorOracleTest.MatchesManualSmallDomainEnumeration/GF_557
[       OK ] SmallDomain/SelectorOracleTest.MatchesManualSmallDomainEnumeration/GF_557 (0 ms)
[ RUN      ] SmallDomain/SelectorOracleTest.MatchesManualSmallDomainEnumeration/GGSame_558
[       OK ] SmallDomain/SelectorOracleTest.MatchesManualSmallDomainEnumeration/GGSame_558 (0 ms)
[ RUN      ] SmallDomain/SelectorOracleTest.MatchesManualSmallDomainEnumeration/GGMixed_559
[       OK ] SmallDomain/SelectorOracleTest.MatchesManualSmallDomainEnumeration/GGMixed_559 (4 ms)
[ RUN      ] SmallDomain/SelectorOracleTest.MatchesManualSmallDomainEnumeration/FF_560
[       OK ] SmallDomain/SelectorOracleTest.MatchesManualSmallDomainEnumeration/FF_560 (0 ms)
[ RUN      ] SmallDomain/SelectorOracleTest.MatchesManualSmallDomainEnumeration/GF_561
[       OK ] SmallDomain/SelectorOracleTest.MatchesManualSmallDomainEnumeration/GF_561 (0 ms)
[ RUN      ] SmallDomain/SelectorOracleTest.MatchesManualSmallDomainEnumeration/GGSame_562
[       OK ] SmallDomain/SelectorOracleTest.MatchesManualSmallDomainEnumeration/GGSame_562 (0 ms)
[ RUN      ] SmallDomain/SelectorOracleTest.MatchesManualSmallDomainEnumeration/GGMixed_563
[       OK ] SmallDomain/SelectorOracleTest.MatchesManualSmallDomainEnumeration/GGMixed_563 (5 ms)
[ RUN      ] SmallDomain/SelectorOracleTest.MatchesManualSmallDomainEnumeration/FF_564
[       OK ] SmallDomain/SelectorOracleTest.MatchesManualSmallDomainEnumeration/FF_564 (0 ms)
[ RUN      ] SmallDomain/SelectorOracleTest.MatchesManualSmallDomainEnumeration/GF_565
[       OK ] SmallDomain/SelectorOracleTest.MatchesManualSmallDomainEnumeration/GF_565 (0 ms)
[ RUN      ] SmallDomain/SelectorOracleTest.MatchesManualSmallDomainEnumeration/GGSame_566
[       OK ] SmallDomain/SelectorOracleTest.MatchesManualSmallDomainEnumeration/GGSame_566 (0 ms)
[ RUN      ] SmallDomain/SelectorOracleTest.MatchesManualSmallDomainEnumeration/GGMixed_567
[       OK ] SmallDomain/SelectorOracleTest.MatchesManualSmallDomainEnumeration/GGMixed_567 (4 ms)
[ RUN      ] SmallDomain/SelectorOracleTest.MatchesManualSmallDomainEnumeration/FF_568
[       OK ] SmallDomain/SelectorOracleTest.MatchesManualSmallDomainEnumeration/FF_568 (0 ms)
[ RUN      ] SmallDomain/SelectorOracleTest.MatchesManualSmallDomainEnumeration/GF_569
[       OK ] SmallDomain/SelectorOracleTest.MatchesManualSmallDomainEnumeration/GF_569 (0 ms)
[ RUN      ] SmallDomain/SelectorOracleTest.MatchesManualSmallDomainEnumeration/GGSame_570
[       OK ] SmallDomain/SelectorOracleTest.MatchesManualSmallDomainEnumeration/GGSame_570 (0 ms)
[ RUN      ] SmallDomain/SelectorOracleTest.MatchesManualSmallDomainEnumeration/GGMixed_571
[       OK ] SmallDomain/SelectorOracleTest.MatchesManualSmallDomainEnumeration/GGMixed_571 (5 ms)
[ RUN      ] SmallDomain/SelectorOracleTest.MatchesManualSmallDomainEnumeration/FF_572
[       OK ] SmallDomain/SelectorOracleTest.MatchesManualSmallDomainEnumeration/FF_572 (0 ms)
[ RUN      ] SmallDomain/SelectorOracleTest.MatchesManualSmallDomainEnumeration/GF_573
[       OK ] SmallDomain/SelectorOracleTest.MatchesManualSmallDomainEnumeration/GF_573 (0 ms)
[ RUN      ] SmallDomain/SelectorOracleTest.MatchesManualSmallDomainEnumeration/GGSame_574
[       OK ] SmallDomain/SelectorOracleTest.MatchesManualSmallDomainEnumeration/GGSame_574 (0 ms)
[ RUN      ] SmallDomain/SelectorOracleTest.MatchesManualSmallDomainEnumeration/GGMixed_575
[       OK ] SmallDomain/SelectorOracleTest.MatchesManualSmallDomainEnumeration/GGMixed_575 (4 ms)
[ RUN      ] SmallDomain/SelectorOracleTest.MatchesManualSmallDomainEnumeration/FF_576
[       OK ] SmallDomain/SelectorOracleTest.MatchesManualSmallDomainEnumeration/FF_576 (0 ms)
[ RUN      ] SmallDomain/SelectorOracleTest.MatchesManualSmallDomainEnumeration/GF_577
[       OK ] SmallDomain/SelectorOracleTest.MatchesManualSmallDomainEnumeration/GF_577 (0 ms)
[ RUN      ] SmallDomain/SelectorOracleTest.MatchesManualSmallDomainEnumeration/GGSame_578
[       OK ] SmallDomain/SelectorOracleTest.MatchesManualSmallDomainEnumeration/GGSame_578 (0 ms)
[ RUN      ] SmallDomain/SelectorOracleTest.MatchesManualSmallDomainEnumeration/GGMixed_579
[       OK ] SmallDomain/SelectorOracleTest.MatchesManualSmallDomainEnumeration/GGMixed_579 (5 ms)
[ RUN      ] SmallDomain/SelectorOracleTest.MatchesManualSmallDomainEnumeration/FF_580
[       OK ] SmallDomain/SelectorOracleTest.MatchesManualSmallDomainEnumeration/FF_580 (0 ms)
[ RUN      ] SmallDomain/SelectorOracleTest.MatchesManualSmallDomainEnumeration/GF_581
[       OK ] SmallDomain/SelectorOracleTest.MatchesManualSmallDomainEnumeration/GF_581 (0 ms)
[ RUN      ] SmallDomain/SelectorOracleTest.MatchesManualSmallDomainEnumeration/GGSame_582
[       OK ] SmallDomain/SelectorOracleTest.MatchesManualSmallDomainEnumeration/GGSame_582 (0 ms)
[ RUN      ] SmallDomain/SelectorOracleTest.MatchesManualSmallDomainEnumeration/GGMixed_583
[       OK ] SmallDomain/SelectorOracleTest.MatchesManualSmallDomainEnumeration/GGMixed_583 (4 ms)
[ RUN      ] SmallDomain/SelectorOracleTest.MatchesManualSmallDomainEnumeration/FF_584
[       OK ] SmallDomain/SelectorOracleTest.MatchesManualSmallDomainEnumeration/FF_584 (0 ms)
[ RUN      ] SmallDomain/SelectorOracleTest.MatchesManualSmallDomainEnumeration/GF_585
[       OK ] SmallDomain/SelectorOracleTest.MatchesManualSmallDomainEnumeration/GF_585 (0 ms)
[ RUN      ] SmallDomain/SelectorOracleTest.MatchesManualSmallDomainEnumeration/GGSame_586
[       OK ] SmallDomain/SelectorOracleTest.MatchesManualSmallDomainEnumeration/GGSame_586 (0 ms)
[ RUN      ] SmallDomain/SelectorOracleTest.MatchesManualSmallDomainEnumeration/GGMixed_587
[       OK ] SmallDomain/SelectorOracleTest.MatchesManualSmallDomainEnumeration/GGMixed_587 (5 ms)
[ RUN      ] SmallDomain/SelectorOracleTest.MatchesManualSmallDomainEnumeration/FF_588
[       OK ] SmallDomain/SelectorOracleTest.MatchesManualSmallDomainEnumeration/FF_588 (0 ms)
[ RUN      ] SmallDomain/SelectorOracleTest.MatchesManualSmallDomainEnumeration/GF_589
[       OK ] SmallDomain/SelectorOracleTest.MatchesManualSmallDomainEnumeration/GF_589 (0 ms)
[ RUN      ] SmallDomain/SelectorOracleTest.MatchesManualSmallDomainEnumeration/GGSame_590
[       OK ] SmallDomain/SelectorOracleTest.MatchesManualSmallDomainEnumeration/GGSame_590 (0 ms)
[ RUN      ] SmallDomain/SelectorOracleTest.MatchesManualSmallDomainEnumeration/GGMixed_591
[       OK ] SmallDomain/SelectorOracleTest.MatchesManualSmallDomainEnumeration/GGMixed_591 (4 ms)
[ RUN      ] SmallDomain/SelectorOracleTest.MatchesManualSmallDomainEnumeration/FF_592
[       OK ] SmallDomain/SelectorOracleTest.MatchesManualSmallDomainEnumeration/FF_592 (0 ms)
[ RUN      ] SmallDomain/SelectorOracleTest.MatchesManualSmallDomainEnumeration/GF_593
[       OK ] SmallDomain/SelectorOracleTest.MatchesManualSmallDomainEnumeration/GF_593 (0 ms)
[ RUN      ] SmallDomain/SelectorOracleTest.MatchesManualSmallDomainEnumeration/GGSame_594
[       OK ] SmallDomain/SelectorOracleTest.MatchesManualSmallDomainEnumeration/GGSame_594 (0 ms)
[ RUN      ] SmallDomain/SelectorOracleTest.MatchesManualSmallDomainEnumeration/GGMixed_595
[       OK ] SmallDomain/SelectorOracleTest.MatchesManualSmallDomainEnumeration/GGMixed_595 (5 ms)
[ RUN      ] SmallDomain/SelectorOracleTest.MatchesManualSmallDomainEnumeration/FF_596
[       OK ] SmallDomain/SelectorOracleTest.MatchesManualSmallDomainEnumeration/FF_596 (0 ms)
[ RUN      ] SmallDomain/SelectorOracleTest.MatchesManualSmallDomainEnumeration/GF_597
[       OK ] SmallDomain/SelectorOracleTest.MatchesManualSmallDomainEnumeration/GF_597 (0 ms)
[ RUN      ] SmallDomain/SelectorOracleTest.MatchesManualSmallDomainEnumeration/GGSame_598
[       OK ] SmallDomain/SelectorOracleTest.MatchesManualSmallDomainEnumeration/GGSame_598 (0 ms)
[ RUN      ] SmallDomain/SelectorOracleTest.MatchesManualSmallDomainEnumeration/GGMixed_599
[       OK ] SmallDomain/SelectorOracleTest.MatchesManualSmallDomainEnumeration/GGMixed_599 (4 ms)
[ RUN      ] SmallDomain/SelectorOracleTest.MatchesManualSmallDomainEnumeration/FF_600
[       OK ] SmallDomain/SelectorOracleTest.MatchesManualSmallDomainEnumeration/FF_600 (0 ms)
[ RUN      ] SmallDomain/SelectorOracleTest.MatchesManualSmallDomainEnumeration/GF_601
[       OK ] SmallDomain/SelectorOracleTest.MatchesManualSmallDomainEnumeration/GF_601 (0 ms)
[ RUN      ] SmallDomain/SelectorOracleTest.MatchesManualSmallDomainEnumeration/GGSame_602
[       OK ] SmallDomain/SelectorOracleTest.MatchesManualSmallDomainEnumeration/GGSame_602 (0 ms)
[ RUN      ] SmallDomain/SelectorOracleTest.MatchesManualSmallDomainEnumeration/GGMixed_603
[       OK ] SmallDomain/SelectorOracleTest.MatchesManualSmallDomainEnumeration/GGMixed_603 (5 ms)
[ RUN      ] SmallDomain/SelectorOracleTest.MatchesManualSmallDomainEnumeration/FF_604
[       OK ] SmallDomain/SelectorOracleTest.MatchesManualSmallDomainEnumeration/FF_604 (0 ms)
[ RUN      ] SmallDomain/SelectorOracleTest.MatchesManualSmallDomainEnumeration/GF_605
[       OK ] SmallDomain/SelectorOracleTest.MatchesManualSmallDomainEnumeration/GF_605 (0 ms)
[ RUN      ] SmallDomain/SelectorOracleTest.MatchesManualSmallDomainEnumeration/GGSame_606
[       OK ] SmallDomain/SelectorOracleTest.MatchesManualSmallDomainEnumeration/GGSame_606 (0 ms)
[ RUN      ] SmallDomain/SelectorOracleTest.MatchesManualSmallDomainEnumeration/GGMixed_607
[       OK ] SmallDomain/SelectorOracleTest.MatchesManualSmallDomainEnumeration/GGMixed_607 (4 ms)
[ RUN      ] SmallDomain/SelectorOracleTest.MatchesManualSmallDomainEnumeration/FF_608
[       OK ] SmallDomain/SelectorOracleTest.MatchesManualSmallDomainEnumeration/FF_608 (0 ms)
[ RUN      ] SmallDomain/SelectorOracleTest.MatchesManualSmallDomainEnumeration/GF_609
[       OK ] SmallDomain/SelectorOracleTest.MatchesManualSmallDomainEnumeration/GF_609 (0 ms)
[ RUN      ] SmallDomain/SelectorOracleTest.MatchesManualSmallDomainEnumeration/GGSame_610
[       OK ] SmallDomain/SelectorOracleTest.MatchesManualSmallDomainEnumeration/GGSame_610 (0 ms)
[ RUN      ] SmallDomain/SelectorOracleTest.MatchesManualSmallDomainEnumeration/GGMixed_611
[       OK ] SmallDomain/SelectorOracleTest.MatchesManualSmallDomainEnumeration/GGMixed_611 (5 ms)
[ RUN      ] SmallDomain/SelectorOracleTest.MatchesManualSmallDomainEnumeration/FF_612
[       OK ] SmallDomain/SelectorOracleTest.MatchesManualSmallDomainEnumeration/FF_612 (0 ms)
[ RUN      ] SmallDomain/SelectorOracleTest.MatchesManualSmallDomainEnumeration/GF_613
[       OK ] SmallDomain/SelectorOracleTest.MatchesManualSmallDomainEnumeration/GF_613 (0 ms)
[ RUN      ] SmallDomain/SelectorOracleTest.MatchesManualSmallDomainEnumeration/GGSame_614
[       OK ] SmallDomain/SelectorOracleTest.MatchesManualSmallDomainEnumeration/GGSame_614 (0 ms)
[ RUN      ] SmallDomain/SelectorOracleTest.MatchesManualSmallDomainEnumeration/GGMixed_615
[       OK ] SmallDomain/SelectorOracleTest.MatchesManualSmallDomainEnumeration/GGMixed_615 (4 ms)
[ RUN      ] SmallDomain/SelectorOracleTest.MatchesManualSmallDomainEnumeration/FF_616
[       OK ] SmallDomain/SelectorOracleTest.MatchesManualSmallDomainEnumeration/FF_616 (0 ms)
[ RUN      ] SmallDomain/SelectorOracleTest.MatchesManualSmallDomainEnumeration/GF_617
[       OK ] SmallDomain/SelectorOracleTest.MatchesManualSmallDomainEnumeration/GF_617 (0 ms)
[ RUN      ] SmallDomain/SelectorOracleTest.MatchesManualSmallDomainEnumeration/GGSame_618
[       OK ] SmallDomain/SelectorOracleTest.MatchesManualSmallDomainEnumeration/GGSame_618 (0 ms)
[ RUN      ] SmallDomain/SelectorOracleTest.MatchesManualSmallDomainEnumeration/GGMixed_619
[       OK ] SmallDomain/SelectorOracleTest.MatchesManualSmallDomainEnumeration/GGMixed_619 (5 ms)
[ RUN      ] SmallDomain/SelectorOracleTest.MatchesManualSmallDomainEnumeration/FF_620
[       OK ] SmallDomain/SelectorOracleTest.MatchesManualSmallDomainEnumeration/FF_620 (0 ms)
[ RUN      ] SmallDomain/SelectorOracleTest.MatchesManualSmallDomainEnumeration/GF_621
[       OK ] SmallDomain/SelectorOracleTest.MatchesManualSmallDomainEnumeration/GF_621 (0 ms)
[ RUN      ] SmallDomain/SelectorOracleTest.MatchesManualSmallDomainEnumeration/GGSame_622
[       OK ] SmallDomain/SelectorOracleTest.MatchesManualSmallDomainEnumeration/GGSame_622 (0 ms)
[ RUN      ] SmallDomain/SelectorOracleTest.MatchesManualSmallDomainEnumeration/GGMixed_623
[       OK ] SmallDomain/SelectorOracleTest.MatchesManualSmallDomainEnumeration/GGMixed_623 (4 ms)
[ RUN      ] SmallDomain/SelectorOracleTest.MatchesManualSmallDomainEnumeration/FF_624
[       OK ] SmallDomain/SelectorOracleTest.MatchesManualSmallDomainEnumeration/FF_624 (0 ms)
[ RUN      ] SmallDomain/SelectorOracleTest.MatchesManualSmallDomainEnumeration/GF_625
[       OK ] SmallDomain/SelectorOracleTest.MatchesManualSmallDomainEnumeration/GF_625 (0 ms)
[ RUN      ] SmallDomain/SelectorOracleTest.MatchesManualSmallDomainEnumeration/GGSame_626
[       OK ] SmallDomain/SelectorOracleTest.MatchesManualSmallDomainEnumeration/GGSame_626 (0 ms)
[ RUN      ] SmallDomain/SelectorOracleTest.MatchesManualSmallDomainEnumeration/GGMixed_627
[       OK ] SmallDomain/SelectorOracleTest.MatchesManualSmallDomainEnumeration/GGMixed_627 (5 ms)
[ RUN      ] SmallDomain/SelectorOracleTest.MatchesManualSmallDomainEnumeration/FF_628
[       OK ] SmallDomain/SelectorOracleTest.MatchesManualSmallDomainEnumeration/FF_628 (0 ms)
[ RUN      ] SmallDomain/SelectorOracleTest.MatchesManualSmallDomainEnumeration/GF_629
[       OK ] SmallDomain/SelectorOracleTest.MatchesManualSmallDomainEnumeration/GF_629 (0 ms)
[ RUN      ] SmallDomain/SelectorOracleTest.MatchesManualSmallDomainEnumeration/GGSame_630
[       OK ] SmallDomain/SelectorOracleTest.MatchesManualSmallDomainEnumeration/GGSame_630 (0 ms)
[ RUN      ] SmallDomain/SelectorOracleTest.MatchesManualSmallDomainEnumeration/GGMixed_631
[       OK ] SmallDomain/SelectorOracleTest.MatchesManualSmallDomainEnumeration/GGMixed_631 (4 ms)
[ RUN      ] SmallDomain/SelectorOracleTest.MatchesManualSmallDomainEnumeration/FF_632
[       OK ] SmallDomain/SelectorOracleTest.MatchesManualSmallDomainEnumeration/FF_632 (0 ms)
[ RUN      ] SmallDomain/SelectorOracleTest.MatchesManualSmallDomainEnumeration/GF_633
[       OK ] SmallDomain/SelectorOracleTest.MatchesManualSmallDomainEnumeration/GF_633 (0 ms)
[ RUN      ] SmallDomain/SelectorOracleTest.MatchesManualSmallDomainEnumeration/GGSame_634
[       OK ] SmallDomain/SelectorOracleTest.MatchesManualSmallDomainEnumeration/GGSame_634 (0 ms)
[ RUN      ] SmallDomain/SelectorOracleTest.MatchesManualSmallDomainEnumeration/GGMixed_635
[       OK ] SmallDomain/SelectorOracleTest.MatchesManualSmallDomainEnumeration/GGMixed_635 (5 ms)
[ RUN      ] SmallDomain/SelectorOracleTest.MatchesManualSmallDomainEnumeration/FF_636
[       OK ] SmallDomain/SelectorOracleTest.MatchesManualSmallDomainEnumeration/FF_636 (0 ms)
[ RUN      ] SmallDomain/SelectorOracleTest.MatchesManualSmallDomainEnumeration/GF_637
[       OK ] SmallDomain/SelectorOracleTest.MatchesManualSmallDomainEnumeration/GF_637 (0 ms)
[ RUN      ] SmallDomain/SelectorOracleTest.MatchesManualSmallDomainEnumeration/GGSame_638
[       OK ] SmallDomain/SelectorOracleTest.MatchesManualSmallDomainEnumeration/GGSame_638 (0 ms)
[ RUN      ] SmallDomain/SelectorOracleTest.MatchesManualSmallDomainEnumeration/GGMixed_639
[       OK ] SmallDomain/SelectorOracleTest.MatchesManualSmallDomainEnumeration/GGMixed_639 (5 ms)
[ RUN      ] SmallDomain/SelectorOracleTest.MatchesManualSmallDomainEnumeration/FF_640
[       OK ] SmallDomain/SelectorOracleTest.MatchesManualSmallDomainEnumeration/FF_640 (0 ms)
[ RUN      ] SmallDomain/SelectorOracleTest.MatchesManualSmallDomainEnumeration/GF_641
[       OK ] SmallDomain/SelectorOracleTest.MatchesManualSmallDomainEnumeration/GF_641 (0 ms)
[ RUN      ] SmallDomain/SelectorOracleTest.MatchesManualSmallDomainEnumeration/GGSame_642
[       OK ] SmallDomain/SelectorOracleTest.MatchesManualSmallDomainEnumeration/GGSame_642 (0 ms)
[ RUN      ] SmallDomain/SelectorOracleTest.MatchesManualSmallDomainEnumeration/GGMixed_643
[       OK ] SmallDomain/SelectorOracleTest.MatchesManualSmallDomainEnumeration/GGMixed_643 (5 ms)
[ RUN      ] SmallDomain/SelectorOracleTest.MatchesManualSmallDomainEnumeration/FF_644
[       OK ] SmallDomain/SelectorOracleTest.MatchesManualSmallDomainEnumeration/FF_644 (0 ms)
[ RUN      ] SmallDomain/SelectorOracleTest.MatchesManualSmallDomainEnumeration/GF_645
[       OK ] SmallDomain/SelectorOracleTest.MatchesManualSmallDomainEnumeration/GF_645 (0 ms)
[ RUN      ] SmallDomain/SelectorOracleTest.MatchesManualSmallDomainEnumeration/GGSame_646
[       OK ] SmallDomain/SelectorOracleTest.MatchesManualSmallDomainEnumeration/GGSame_646 (0 ms)
[ RUN      ] SmallDomain/SelectorOracleTest.MatchesManualSmallDomainEnumeration/GGMixed_647
[       OK ] SmallDomain/SelectorOracleTest.MatchesManualSmallDomainEnumeration/GGMixed_647 (4 ms)
[ RUN      ] SmallDomain/SelectorOracleTest.MatchesManualSmallDomainEnumeration/FF_648
[       OK ] SmallDomain/SelectorOracleTest.MatchesManualSmallDomainEnumeration/FF_648 (0 ms)
[ RUN      ] SmallDomain/SelectorOracleTest.MatchesManualSmallDomainEnumeration/GF_649
[       OK ] SmallDomain/SelectorOracleTest.MatchesManualSmallDomainEnumeration/GF_649 (0 ms)
[ RUN      ] SmallDomain/SelectorOracleTest.MatchesManualSmallDomainEnumeration/GGSame_650
[       OK ] SmallDomain/SelectorOracleTest.MatchesManualSmallDomainEnumeration/GGSame_650 (0 ms)
[ RUN      ] SmallDomain/SelectorOracleTest.MatchesManualSmallDomainEnumeration/GGMixed_651
[       OK ] SmallDomain/SelectorOracleTest.MatchesManualSmallDomainEnumeration/GGMixed_651 (5 ms)
[ RUN      ] SmallDomain/SelectorOracleTest.MatchesManualSmallDomainEnumeration/FF_652
[       OK ] SmallDomain/SelectorOracleTest.MatchesManualSmallDomainEnumeration/FF_652 (0 ms)
[ RUN      ] SmallDomain/SelectorOracleTest.MatchesManualSmallDomainEnumeration/GF_653
[       OK ] SmallDomain/SelectorOracleTest.MatchesManualSmallDomainEnumeration/GF_653 (0 ms)
[ RUN      ] SmallDomain/SelectorOracleTest.MatchesManualSmallDomainEnumeration/GGSame_654
[       OK ] SmallDomain/SelectorOracleTest.MatchesManualSmallDomainEnumeration/GGSame_654 (0 ms)
[ RUN      ] SmallDomain/SelectorOracleTest.MatchesManualSmallDomainEnumeration/GGMixed_655
[       OK ] SmallDomain/SelectorOracleTest.MatchesManualSmallDomainEnumeration/GGMixed_655 (5 ms)
[ RUN      ] SmallDomain/SelectorOracleTest.MatchesManualSmallDomainEnumeration/FF_656
[       OK ] SmallDomain/SelectorOracleTest.MatchesManualSmallDomainEnumeration/FF_656 (0 ms)
[ RUN      ] SmallDomain/SelectorOracleTest.MatchesManualSmallDomainEnumeration/GF_657
[       OK ] SmallDomain/SelectorOracleTest.MatchesManualSmallDomainEnumeration/GF_657 (0 ms)
[ RUN      ] SmallDomain/SelectorOracleTest.MatchesManualSmallDomainEnumeration/GGSame_658
[       OK ] SmallDomain/SelectorOracleTest.MatchesManualSmallDomainEnumeration/GGSame_658 (0 ms)
[ RUN      ] SmallDomain/SelectorOracleTest.MatchesManualSmallDomainEnumeration/GGMixed_659
[       OK ] SmallDomain/SelectorOracleTest.MatchesManualSmallDomainEnumeration/GGMixed_659 (5 ms)
[ RUN      ] SmallDomain/SelectorOracleTest.MatchesManualSmallDomainEnumeration/FF_660
[       OK ] SmallDomain/SelectorOracleTest.MatchesManualSmallDomainEnumeration/FF_660 (0 ms)
[ RUN      ] SmallDomain/SelectorOracleTest.MatchesManualSmallDomainEnumeration/GF_661
[       OK ] SmallDomain/SelectorOracleTest.MatchesManualSmallDomainEnumeration/GF_661 (0 ms)
[ RUN      ] SmallDomain/SelectorOracleTest.MatchesManualSmallDomainEnumeration/GGSame_662
[       OK ] SmallDomain/SelectorOracleTest.MatchesManualSmallDomainEnumeration/GGSame_662 (0 ms)
[ RUN      ] SmallDomain/SelectorOracleTest.MatchesManualSmallDomainEnumeration/GGMixed_663
[       OK ] SmallDomain/SelectorOracleTest.MatchesManualSmallDomainEnumeration/GGMixed_663 (5 ms)
[ RUN      ] SmallDomain/SelectorOracleTest.MatchesManualSmallDomainEnumeration/FF_664
[       OK ] SmallDomain/SelectorOracleTest.MatchesManualSmallDomainEnumeration/FF_664 (0 ms)
[ RUN      ] SmallDomain/SelectorOracleTest.MatchesManualSmallDomainEnumeration/GF_665
[       OK ] SmallDomain/SelectorOracleTest.MatchesManualSmallDomainEnumeration/GF_665 (0 ms)
[ RUN      ] SmallDomain/SelectorOracleTest.MatchesManualSmallDomainEnumeration/GGSame_666
[       OK ] SmallDomain/SelectorOracleTest.MatchesManualSmallDomainEnumeration/GGSame_666 (0 ms)
[ RUN      ] SmallDomain/SelectorOracleTest.MatchesManualSmallDomainEnumeration/GGMixed_667
[       OK ] SmallDomain/SelectorOracleTest.MatchesManualSmallDomainEnumeration/GGMixed_667 (5 ms)
[ RUN      ] SmallDomain/SelectorOracleTest.MatchesManualSmallDomainEnumeration/FF_668
[       OK ] SmallDomain/SelectorOracleTest.MatchesManualSmallDomainEnumeration/FF_668 (0 ms)
[ RUN      ] SmallDomain/SelectorOracleTest.MatchesManualSmallDomainEnumeration/GF_669
[       OK ] SmallDomain/SelectorOracleTest.MatchesManualSmallDomainEnumeration/GF_669 (0 ms)
[ RUN      ] SmallDomain/SelectorOracleTest.MatchesManualSmallDomainEnumeration/GGSame_670
[       OK ] SmallDomain/SelectorOracleTest.MatchesManualSmallDomainEnumeration/GGSame_670 (0 ms)
[ RUN      ] SmallDomain/SelectorOracleTest.MatchesManualSmallDomainEnumeration/GGMixed_671
[       OK ] SmallDomain/SelectorOracleTest.MatchesManualSmallDomainEnumeration/GGMixed_671 (4 ms)
[ RUN      ] SmallDomain/SelectorOracleTest.MatchesManualSmallDomainEnumeration/FF_672
[       OK ] SmallDomain/SelectorOracleTest.MatchesManualSmallDomainEnumeration/FF_672 (0 ms)
[ RUN      ] SmallDomain/SelectorOracleTest.MatchesManualSmallDomainEnumeration/GF_673
[       OK ] SmallDomain/SelectorOracleTest.MatchesManualSmallDomainEnumeration/GF_673 (0 ms)
[ RUN      ] SmallDomain/SelectorOracleTest.MatchesManualSmallDomainEnumeration/GGSame_674
[       OK ] SmallDomain/SelectorOracleTest.MatchesManualSmallDomainEnumeration/GGSame_674 (0 ms)
[ RUN      ] SmallDomain/SelectorOracleTest.MatchesManualSmallDomainEnumeration/GGMixed_675
[       OK ] SmallDomain/SelectorOracleTest.MatchesManualSmallDomainEnumeration/GGMixed_675 (5 ms)
[ RUN      ] SmallDomain/SelectorOracleTest.MatchesManualSmallDomainEnumeration/FF_676
[       OK ] SmallDomain/SelectorOracleTest.MatchesManualSmallDomainEnumeration/FF_676 (0 ms)
[ RUN      ] SmallDomain/SelectorOracleTest.MatchesManualSmallDomainEnumeration/GF_677
[       OK ] SmallDomain/SelectorOracleTest.MatchesManualSmallDomainEnumeration/GF_677 (0 ms)
[ RUN      ] SmallDomain/SelectorOracleTest.MatchesManualSmallDomainEnumeration/GGSame_678
[       OK ] SmallDomain/SelectorOracleTest.MatchesManualSmallDomainEnumeration/GGSame_678 (0 ms)
[ RUN      ] SmallDomain/SelectorOracleTest.MatchesManualSmallDomainEnumeration/GGMixed_679
[       OK ] SmallDomain/SelectorOracleTest.MatchesManualSmallDomainEnumeration/GGMixed_679 (4 ms)
[ RUN      ] SmallDomain/SelectorOracleTest.MatchesManualSmallDomainEnumeration/FF_680
[       OK ] SmallDomain/SelectorOracleTest.MatchesManualSmallDomainEnumeration/FF_680 (0 ms)
[ RUN      ] SmallDomain/SelectorOracleTest.MatchesManualSmallDomainEnumeration/GF_681
[       OK ] SmallDomain/SelectorOracleTest.MatchesManualSmallDomainEnumeration/GF_681 (0 ms)
[ RUN      ] SmallDomain/SelectorOracleTest.MatchesManualSmallDomainEnumeration/GGSame_682
[       OK ] SmallDomain/SelectorOracleTest.MatchesManualSmallDomainEnumeration/GGSame_682 (0 ms)
[ RUN      ] SmallDomain/SelectorOracleTest.MatchesManualSmallDomainEnumeration/GGMixed_683
[       OK ] SmallDomain/SelectorOracleTest.MatchesManualSmallDomainEnumeration/GGMixed_683 (5 ms)
[ RUN      ] SmallDomain/SelectorOracleTest.MatchesManualSmallDomainEnumeration/FF_684
[       OK ] SmallDomain/SelectorOracleTest.MatchesManualSmallDomainEnumeration/FF_684 (0 ms)
[ RUN      ] SmallDomain/SelectorOracleTest.MatchesManualSmallDomainEnumeration/GF_685
[       OK ] SmallDomain/SelectorOracleTest.MatchesManualSmallDomainEnumeration/GF_685 (0 ms)
[ RUN      ] SmallDomain/SelectorOracleTest.MatchesManualSmallDomainEnumeration/GGSame_686
[       OK ] SmallDomain/SelectorOracleTest.MatchesManualSmallDomainEnumeration/GGSame_686 (0 ms)
[ RUN      ] SmallDomain/SelectorOracleTest.MatchesManualSmallDomainEnumeration/GGMixed_687
[       OK ] SmallDomain/SelectorOracleTest.MatchesManualSmallDomainEnumeration/GGMixed_687 (4 ms)
[ RUN      ] SmallDomain/SelectorOracleTest.MatchesManualSmallDomainEnumeration/FF_688
[       OK ] SmallDomain/SelectorOracleTest.MatchesManualSmallDomainEnumeration/FF_688 (0 ms)
[ RUN      ] SmallDomain/SelectorOracleTest.MatchesManualSmallDomainEnumeration/GF_689
[       OK ] SmallDomain/SelectorOracleTest.MatchesManualSmallDomainEnumeration/GF_689 (0 ms)
[ RUN      ] SmallDomain/SelectorOracleTest.MatchesManualSmallDomainEnumeration/GGSame_690
[       OK ] SmallDomain/SelectorOracleTest.MatchesManualSmallDomainEnumeration/GGSame_690 (0 ms)
[ RUN      ] SmallDomain/SelectorOracleTest.MatchesManualSmallDomainEnumeration/GGMixed_691
[       OK ] SmallDomain/SelectorOracleTest.MatchesManualSmallDomainEnumeration/GGMixed_691 (5 ms)
[ RUN      ] SmallDomain/SelectorOracleTest.MatchesManualSmallDomainEnumeration/FF_692
[       OK ] SmallDomain/SelectorOracleTest.MatchesManualSmallDomainEnumeration/FF_692 (0 ms)
[ RUN      ] SmallDomain/SelectorOracleTest.MatchesManualSmallDomainEnumeration/GF_693
[       OK ] SmallDomain/SelectorOracleTest.MatchesManualSmallDomainEnumeration/GF_693 (0 ms)
[ RUN      ] SmallDomain/SelectorOracleTest.MatchesManualSmallDomainEnumeration/GGSame_694
[       OK ] SmallDomain/SelectorOracleTest.MatchesManualSmallDomainEnumeration/GGSame_694 (0 ms)
[ RUN      ] SmallDomain/SelectorOracleTest.MatchesManualSmallDomainEnumeration/GGMixed_695
[       OK ] SmallDomain/SelectorOracleTest.MatchesManualSmallDomainEnumeration/GGMixed_695 (4 ms)
[ RUN      ] SmallDomain/SelectorOracleTest.MatchesManualSmallDomainEnumeration/FF_696
[       OK ] SmallDomain/SelectorOracleTest.MatchesManualSmallDomainEnumeration/FF_696 (0 ms)
[ RUN      ] SmallDomain/SelectorOracleTest.MatchesManualSmallDomainEnumeration/GF_697
[       OK ] SmallDomain/SelectorOracleTest.MatchesManualSmallDomainEnumeration/GF_697 (0 ms)
[ RUN      ] SmallDomain/SelectorOracleTest.MatchesManualSmallDomainEnumeration/GGSame_698
[       OK ] SmallDomain/SelectorOracleTest.MatchesManualSmallDomainEnumeration/GGSame_698 (0 ms)
[ RUN      ] SmallDomain/SelectorOracleTest.MatchesManualSmallDomainEnumeration/GGMixed_699
[       OK ] SmallDomain/SelectorOracleTest.MatchesManualSmallDomainEnumeration/GGMixed_699 (5 ms)
[ RUN      ] SmallDomain/SelectorOracleTest.MatchesManualSmallDomainEnumeration/FF_700
[       OK ] SmallDomain/SelectorOracleTest.MatchesManualSmallDomainEnumeration/FF_700 (0 ms)
[ RUN      ] SmallDomain/SelectorOracleTest.MatchesManualSmallDomainEnumeration/GF_701
[       OK ] SmallDomain/SelectorOracleTest.MatchesManualSmallDomainEnumeration/GF_701 (0 ms)
[ RUN      ] SmallDomain/SelectorOracleTest.MatchesManualSmallDomainEnumeration/GGSame_702
[       OK ] SmallDomain/SelectorOracleTest.MatchesManualSmallDomainEnumeration/GGSame_702 (0 ms)
[ RUN      ] SmallDomain/SelectorOracleTest.MatchesManualSmallDomainEnumeration/GGMixed_703
[       OK ] SmallDomain/SelectorOracleTest.MatchesManualSmallDomainEnumeration/GGMixed_703 (4 ms)
[ RUN      ] SmallDomain/SelectorOracleTest.MatchesManualSmallDomainEnumeration/FF_704
[       OK ] SmallDomain/SelectorOracleTest.MatchesManualSmallDomainEnumeration/FF_704 (0 ms)
[ RUN      ] SmallDomain/SelectorOracleTest.MatchesManualSmallDomainEnumeration/GF_705
[       OK ] SmallDomain/SelectorOracleTest.MatchesManualSmallDomainEnumeration/GF_705 (0 ms)
[ RUN      ] SmallDomain/SelectorOracleTest.MatchesManualSmallDomainEnumeration/GGSame_706
[       OK ] SmallDomain/SelectorOracleTest.MatchesManualSmallDomainEnumeration/GGSame_706 (0 ms)
[ RUN      ] SmallDomain/SelectorOracleTest.MatchesManualSmallDomainEnumeration/GGMixed_707
[       OK ] SmallDomain/SelectorOracleTest.MatchesManualSmallDomainEnumeration/GGMixed_707 (6 ms)
[ RUN      ] SmallDomain/SelectorOracleTest.MatchesManualSmallDomainEnumeration/FF_708
[       OK ] SmallDomain/SelectorOracleTest.MatchesManualSmallDomainEnumeration/FF_708 (0 ms)
[ RUN      ] SmallDomain/SelectorOracleTest.MatchesManualSmallDomainEnumeration/GF_709
[       OK ] SmallDomain/SelectorOracleTest.MatchesManualSmallDomainEnumeration/GF_709 (0 ms)
[ RUN      ] SmallDomain/SelectorOracleTest.MatchesManualSmallDomainEnumeration/GGSame_710
[       OK ] SmallDomain/SelectorOracleTest.MatchesManualSmallDomainEnumeration/GGSame_710 (0 ms)
[ RUN      ] SmallDomain/SelectorOracleTest.MatchesManualSmallDomainEnumeration/GGMixed_711
[       OK ] SmallDomain/SelectorOracleTest.MatchesManualSmallDomainEnumeration/GGMixed_711 (5 ms)
[ RUN      ] SmallDomain/SelectorOracleTest.MatchesManualSmallDomainEnumeration/FF_712
[       OK ] SmallDomain/SelectorOracleTest.MatchesManualSmallDomainEnumeration/FF_712 (0 ms)
[ RUN      ] SmallDomain/SelectorOracleTest.MatchesManualSmallDomainEnumeration/GF_713
[       OK ] SmallDomain/SelectorOracleTest.MatchesManualSmallDomainEnumeration/GF_713 (0 ms)
[ RUN      ] SmallDomain/SelectorOracleTest.MatchesManualSmallDomainEnumeration/GGSame_714
[       OK ] SmallDomain/SelectorOracleTest.MatchesManualSmallDomainEnumeration/GGSame_714 (0 ms)
[ RUN      ] SmallDomain/SelectorOracleTest.MatchesManualSmallDomainEnumeration/GGMixed_715
[       OK ] SmallDomain/SelectorOracleTest.MatchesManualSmallDomainEnumeration/GGMixed_715 (6 ms)
[ RUN      ] SmallDomain/SelectorOracleTest.MatchesManualSmallDomainEnumeration/FF_716
[       OK ] SmallDomain/SelectorOracleTest.MatchesManualSmallDomainEnumeration/FF_716 (0 ms)
[ RUN      ] SmallDomain/SelectorOracleTest.MatchesManualSmallDomainEnumeration/GF_717
[       OK ] SmallDomain/SelectorOracleTest.MatchesManualSmallDomainEnumeration/GF_717 (0 ms)
[ RUN      ] SmallDomain/SelectorOracleTest.MatchesManualSmallDomainEnumeration/GGSame_718
[       OK ] SmallDomain/SelectorOracleTest.MatchesManualSmallDomainEnumeration/GGSame_718 (0 ms)
[ RUN      ] SmallDomain/SelectorOracleTest.MatchesManualSmallDomainEnumeration/GGMixed_719
[       OK ] SmallDomain/SelectorOracleTest.MatchesManualSmallDomainEnumeration/GGMixed_719 (4 ms)
[ RUN      ] SmallDomain/SelectorOracleTest.MatchesManualSmallDomainEnumeration/FF_720
[       OK ] SmallDomain/SelectorOracleTest.MatchesManualSmallDomainEnumeration/FF_720 (0 ms)
[ RUN      ] SmallDomain/SelectorOracleTest.MatchesManualSmallDomainEnumeration/GF_721
[       OK ] SmallDomain/SelectorOracleTest.MatchesManualSmallDomainEnumeration/GF_721 (0 ms)
[ RUN      ] SmallDomain/SelectorOracleTest.MatchesManualSmallDomainEnumeration/GGSame_722
[       OK ] SmallDomain/SelectorOracleTest.MatchesManualSmallDomainEnumeration/GGSame_722 (0 ms)
[ RUN      ] SmallDomain/SelectorOracleTest.MatchesManualSmallDomainEnumeration/GGMixed_723
[       OK ] SmallDomain/SelectorOracleTest.MatchesManualSmallDomainEnumeration/GGMixed_723 (5 ms)
[ RUN      ] SmallDomain/SelectorOracleTest.MatchesManualSmallDomainEnumeration/FF_724
[       OK ] SmallDomain/SelectorOracleTest.MatchesManualSmallDomainEnumeration/FF_724 (0 ms)
[ RUN      ] SmallDomain/SelectorOracleTest.MatchesManualSmallDomainEnumeration/GF_725
[       OK ] SmallDomain/SelectorOracleTest.MatchesManualSmallDomainEnumeration/GF_725 (0 ms)
[ RUN      ] SmallDomain/SelectorOracleTest.MatchesManualSmallDomainEnumeration/GGSame_726
[       OK ] SmallDomain/SelectorOracleTest.MatchesManualSmallDomainEnumeration/GGSame_726 (0 ms)
[ RUN      ] SmallDomain/SelectorOracleTest.MatchesManualSmallDomainEnumeration/GGMixed_727
[       OK ] SmallDomain/SelectorOracleTest.MatchesManualSmallDomainEnumeration/GGMixed_727 (5 ms)
[ RUN      ] SmallDomain/SelectorOracleTest.MatchesManualSmallDomainEnumeration/FF_728
[       OK ] SmallDomain/SelectorOracleTest.MatchesManualSmallDomainEnumeration/FF_728 (0 ms)
[ RUN      ] SmallDomain/SelectorOracleTest.MatchesManualSmallDomainEnumeration/GF_729
[       OK ] SmallDomain/SelectorOracleTest.MatchesManualSmallDomainEnumeration/GF_729 (0 ms)
[ RUN      ] SmallDomain/SelectorOracleTest.MatchesManualSmallDomainEnumeration/GGSame_730
[       OK ] SmallDomain/SelectorOracleTest.MatchesManualSmallDomainEnumeration/GGSame_730 (0 ms)
[ RUN      ] SmallDomain/SelectorOracleTest.MatchesManualSmallDomainEnumeration/GGMixed_731
[       OK ] SmallDomain/SelectorOracleTest.MatchesManualSmallDomainEnumeration/GGMixed_731 (6 ms)
[ RUN      ] SmallDomain/SelectorOracleTest.MatchesManualSmallDomainEnumeration/FF_732
[       OK ] SmallDomain/SelectorOracleTest.MatchesManualSmallDomainEnumeration/FF_732 (0 ms)
[ RUN      ] SmallDomain/SelectorOracleTest.MatchesManualSmallDomainEnumeration/GF_733
[       OK ] SmallDomain/SelectorOracleTest.MatchesManualSmallDomainEnumeration/GF_733 (0 ms)
[ RUN      ] SmallDomain/SelectorOracleTest.MatchesManualSmallDomainEnumeration/GGSame_734
[       OK ] SmallDomain/SelectorOracleTest.MatchesManualSmallDomainEnumeration/GGSame_734 (0 ms)
[ RUN      ] SmallDomain/SelectorOracleTest.MatchesManualSmallDomainEnumeration/GGMixed_735
[       OK ] SmallDomain/SelectorOracleTest.MatchesManualSmallDomainEnumeration/GGMixed_735 (5 ms)
[ RUN      ] SmallDomain/SelectorOracleTest.MatchesManualSmallDomainEnumeration/FF_736
[       OK ] SmallDomain/SelectorOracleTest.MatchesManualSmallDomainEnumeration/FF_736 (0 ms)
[ RUN      ] SmallDomain/SelectorOracleTest.MatchesManualSmallDomainEnumeration/GF_737
[       OK ] SmallDomain/SelectorOracleTest.MatchesManualSmallDomainEnumeration/GF_737 (0 ms)
[ RUN      ] SmallDomain/SelectorOracleTest.MatchesManualSmallDomainEnumeration/GGSame_738
[       OK ] SmallDomain/SelectorOracleTest.MatchesManualSmallDomainEnumeration/GGSame_738 (0 ms)
[ RUN      ] SmallDomain/SelectorOracleTest.MatchesManualSmallDomainEnumeration/GGMixed_739
[       OK ] SmallDomain/SelectorOracleTest.MatchesManualSmallDomainEnumeration/GGMixed_739 (5 ms)
[ RUN      ] SmallDomain/SelectorOracleTest.MatchesManualSmallDomainEnumeration/FF_740
[       OK ] SmallDomain/SelectorOracleTest.MatchesManualSmallDomainEnumeration/FF_740 (0 ms)
[ RUN      ] SmallDomain/SelectorOracleTest.MatchesManualSmallDomainEnumeration/GF_741
[       OK ] SmallDomain/SelectorOracleTest.MatchesManualSmallDomainEnumeration/GF_741 (0 ms)
[ RUN      ] SmallDomain/SelectorOracleTest.MatchesManualSmallDomainEnumeration/GGSame_742
[       OK ] SmallDomain/SelectorOracleTest.MatchesManualSmallDomainEnumeration/GGSame_742 (0 ms)
[ RUN      ] SmallDomain/SelectorOracleTest.MatchesManualSmallDomainEnumeration/GGMixed_743
[       OK ] SmallDomain/SelectorOracleTest.MatchesManualSmallDomainEnumeration/GGMixed_743 (5 ms)
[ RUN      ] SmallDomain/SelectorOracleTest.MatchesManualSmallDomainEnumeration/FF_744
[       OK ] SmallDomain/SelectorOracleTest.MatchesManualSmallDomainEnumeration/FF_744 (0 ms)
[ RUN      ] SmallDomain/SelectorOracleTest.MatchesManualSmallDomainEnumeration/GF_745
[       OK ] SmallDomain/SelectorOracleTest.MatchesManualSmallDomainEnumeration/GF_745 (0 ms)
[ RUN      ] SmallDomain/SelectorOracleTest.MatchesManualSmallDomainEnumeration/GGSame_746
[       OK ] SmallDomain/SelectorOracleTest.MatchesManualSmallDomainEnumeration/GGSame_746 (0 ms)
[ RUN      ] SmallDomain/SelectorOracleTest.MatchesManualSmallDomainEnumeration/GGMixed_747
[       OK ] SmallDomain/SelectorOracleTest.MatchesManualSmallDomainEnumeration/GGMixed_747 (5 ms)
[ RUN      ] SmallDomain/SelectorOracleTest.MatchesManualSmallDomainEnumeration/FF_748
[       OK ] SmallDomain/SelectorOracleTest.MatchesManualSmallDomainEnumeration/FF_748 (0 ms)
[ RUN      ] SmallDomain/SelectorOracleTest.MatchesManualSmallDomainEnumeration/GF_749
[       OK ] SmallDomain/SelectorOracleTest.MatchesManualSmallDomainEnumeration/GF_749 (0 ms)
[ RUN      ] SmallDomain/SelectorOracleTest.MatchesManualSmallDomainEnumeration/GGSame_750
[       OK ] SmallDomain/SelectorOracleTest.MatchesManualSmallDomainEnumeration/GGSame_750 (0 ms)
[ RUN      ] SmallDomain/SelectorOracleTest.MatchesManualSmallDomainEnumeration/GGMixed_751
[       OK ] SmallDomain/SelectorOracleTest.MatchesManualSmallDomainEnumeration/GGMixed_751 (5 ms)
[ RUN      ] SmallDomain/SelectorOracleTest.MatchesManualSmallDomainEnumeration/FF_752
[       OK ] SmallDomain/SelectorOracleTest.MatchesManualSmallDomainEnumeration/FF_752 (0 ms)
[ RUN      ] SmallDomain/SelectorOracleTest.MatchesManualSmallDomainEnumeration/GF_753
[       OK ] SmallDomain/SelectorOracleTest.MatchesManualSmallDomainEnumeration/GF_753 (0 ms)
[ RUN      ] SmallDomain/SelectorOracleTest.MatchesManualSmallDomainEnumeration/GGSame_754
[       OK ] SmallDomain/SelectorOracleTest.MatchesManualSmallDomainEnumeration/GGSame_754 (0 ms)
[ RUN      ] SmallDomain/SelectorOracleTest.MatchesManualSmallDomainEnumeration/GGMixed_755
[       OK ] SmallDomain/SelectorOracleTest.MatchesManualSmallDomainEnumeration/GGMixed_755 (5 ms)
[ RUN      ] SmallDomain/SelectorOracleTest.MatchesManualSmallDomainEnumeration/FF_756
[       OK ] SmallDomain/SelectorOracleTest.MatchesManualSmallDomainEnumeration/FF_756 (0 ms)
[ RUN      ] SmallDomain/SelectorOracleTest.MatchesManualSmallDomainEnumeration/GF_757
[       OK ] SmallDomain/SelectorOracleTest.MatchesManualSmallDomainEnumeration/GF_757 (0 ms)
[ RUN      ] SmallDomain/SelectorOracleTest.MatchesManualSmallDomainEnumeration/GGSame_758
[       OK ] SmallDomain/SelectorOracleTest.MatchesManualSmallDomainEnumeration/GGSame_758 (0 ms)
[ RUN      ] SmallDomain/SelectorOracleTest.MatchesManualSmallDomainEnumeration/GGMixed_759
[       OK ] SmallDomain/SelectorOracleTest.MatchesManualSmallDomainEnumeration/GGMixed_759 (5 ms)
[ RUN      ] SmallDomain/SelectorOracleTest.MatchesManualSmallDomainEnumeration/FF_760
[       OK ] SmallDomain/SelectorOracleTest.MatchesManualSmallDomainEnumeration/FF_760 (0 ms)
[ RUN      ] SmallDomain/SelectorOracleTest.MatchesManualSmallDomainEnumeration/GF_761
[       OK ] SmallDomain/SelectorOracleTest.MatchesManualSmallDomainEnumeration/GF_761 (0 ms)
[ RUN      ] SmallDomain/SelectorOracleTest.MatchesManualSmallDomainEnumeration/GGSame_762
[       OK ] SmallDomain/SelectorOracleTest.MatchesManualSmallDomainEnumeration/GGSame_762 (0 ms)
[ RUN      ] SmallDomain/SelectorOracleTest.MatchesManualSmallDomainEnumeration/GGMixed_763
[       OK ] SmallDomain/SelectorOracleTest.MatchesManualSmallDomainEnumeration/GGMixed_763 (6 ms)
[ RUN      ] SmallDomain/SelectorOracleTest.MatchesManualSmallDomainEnumeration/FF_764
[       OK ] SmallDomain/SelectorOracleTest.MatchesManualSmallDomainEnumeration/FF_764 (0 ms)
[ RUN      ] SmallDomain/SelectorOracleTest.MatchesManualSmallDomainEnumeration/GF_765
[       OK ] SmallDomain/SelectorOracleTest.MatchesManualSmallDomainEnumeration/GF_765 (0 ms)
[ RUN      ] SmallDomain/SelectorOracleTest.MatchesManualSmallDomainEnumeration/GGSame_766
[       OK ] SmallDomain/SelectorOracleTest.MatchesManualSmallDomainEnumeration/GGSame_766 (0 ms)
[ RUN      ] SmallDomain/SelectorOracleTest.MatchesManualSmallDomainEnumeration/GGMixed_767
[       OK ] SmallDomain/SelectorOracleTest.MatchesManualSmallDomainEnumeration/GGMixed_767 (4 ms)
[ RUN      ] SmallDomain/SelectorOracleTest.MatchesManualSmallDomainEnumeration/FF_768
[       OK ] SmallDomain/SelectorOracleTest.MatchesManualSmallDomainEnumeration/FF_768 (0 ms)
[ RUN      ] SmallDomain/SelectorOracleTest.MatchesManualSmallDomainEnumeration/GF_769
[       OK ] SmallDomain/SelectorOracleTest.MatchesManualSmallDomainEnumeration/GF_769 (0 ms)
[ RUN      ] SmallDomain/SelectorOracleTest.MatchesManualSmallDomainEnumeration/GGSame_770
[       OK ] SmallDomain/SelectorOracleTest.MatchesManualSmallDomainEnumeration/GGSame_770 (0 ms)
[ RUN      ] SmallDomain/SelectorOracleTest.MatchesManualSmallDomainEnumeration/GGMixed_771
[       OK ] SmallDomain/SelectorOracleTest.MatchesManualSmallDomainEnumeration/GGMixed_771 (6 ms)
[ RUN      ] SmallDomain/SelectorOracleTest.MatchesManualSmallDomainEnumeration/FF_772
[       OK ] SmallDomain/SelectorOracleTest.MatchesManualSmallDomainEnumeration/FF_772 (0 ms)
[ RUN      ] SmallDomain/SelectorOracleTest.MatchesManualSmallDomainEnumeration/GF_773
[       OK ] SmallDomain/SelectorOracleTest.MatchesManualSmallDomainEnumeration/GF_773 (0 ms)
[ RUN      ] SmallDomain/SelectorOracleTest.MatchesManualSmallDomainEnumeration/GGSame_774
[       OK ] SmallDomain/SelectorOracleTest.MatchesManualSmallDomainEnumeration/GGSame_774 (0 ms)
[ RUN      ] SmallDomain/SelectorOracleTest.MatchesManualSmallDomainEnumeration/GGMixed_775
[       OK ] SmallDomain/SelectorOracleTest.MatchesManualSmallDomainEnumeration/GGMixed_775 (5 ms)
[ RUN      ] SmallDomain/SelectorOracleTest.MatchesManualSmallDomainEnumeration/FF_776
[       OK ] SmallDomain/SelectorOracleTest.MatchesManualSmallDomainEnumeration/FF_776 (0 ms)
[ RUN      ] SmallDomain/SelectorOracleTest.MatchesManualSmallDomainEnumeration/GF_777
[       OK ] SmallDomain/SelectorOracleTest.MatchesManualSmallDomainEnumeration/GF_777 (0 ms)
[ RUN      ] SmallDomain/SelectorOracleTest.MatchesManualSmallDomainEnumeration/GGSame_778
[       OK ] SmallDomain/SelectorOracleTest.MatchesManualSmallDomainEnumeration/GGSame_778 (0 ms)
[ RUN      ] SmallDomain/SelectorOracleTest.MatchesManualSmallDomainEnumeration/GGMixed_779
[       OK ] SmallDomain/SelectorOracleTest.MatchesManualSmallDomainEnumeration/GGMixed_779 (6 ms)
[ RUN      ] SmallDomain/SelectorOracleTest.MatchesManualSmallDomainEnumeration/FF_780
[       OK ] SmallDomain/SelectorOracleTest.MatchesManualSmallDomainEnumeration/FF_780 (0 ms)
[ RUN      ] SmallDomain/SelectorOracleTest.MatchesManualSmallDomainEnumeration/GF_781
[       OK ] SmallDomain/SelectorOracleTest.MatchesManualSmallDomainEnumeration/GF_781 (0 ms)
[ RUN      ] SmallDomain/SelectorOracleTest.MatchesManualSmallDomainEnumeration/GGSame_782
[       OK ] SmallDomain/SelectorOracleTest.MatchesManualSmallDomainEnumeration/GGSame_782 (0 ms)
[ RUN      ] SmallDomain/SelectorOracleTest.MatchesManualSmallDomainEnumeration/GGMixed_783
[       OK ] SmallDomain/SelectorOracleTest.MatchesManualSmallDomainEnumeration/GGMixed_783 (5 ms)
[ RUN      ] SmallDomain/SelectorOracleTest.MatchesManualSmallDomainEnumeration/FF_784
[       OK ] SmallDomain/SelectorOracleTest.MatchesManualSmallDomainEnumeration/FF_784 (0 ms)
[ RUN      ] SmallDomain/SelectorOracleTest.MatchesManualSmallDomainEnumeration/GF_785
[       OK ] SmallDomain/SelectorOracleTest.MatchesManualSmallDomainEnumeration/GF_785 (0 ms)
[ RUN      ] SmallDomain/SelectorOracleTest.MatchesManualSmallDomainEnumeration/GGSame_786
[       OK ] SmallDomain/SelectorOracleTest.MatchesManualSmallDomainEnumeration/GGSame_786 (0 ms)
[ RUN      ] SmallDomain/SelectorOracleTest.MatchesManualSmallDomainEnumeration/GGMixed_787
[       OK ] SmallDomain/SelectorOracleTest.MatchesManualSmallDomainEnumeration/GGMixed_787 (5 ms)
[ RUN      ] SmallDomain/SelectorOracleTest.MatchesManualSmallDomainEnumeration/FF_788
[       OK ] SmallDomain/SelectorOracleTest.MatchesManualSmallDomainEnumeration/FF_788 (0 ms)
[ RUN      ] SmallDomain/SelectorOracleTest.MatchesManualSmallDomainEnumeration/GF_789
[       OK ] SmallDomain/SelectorOracleTest.MatchesManualSmallDomainEnumeration/GF_789 (0 ms)
[ RUN      ] SmallDomain/SelectorOracleTest.MatchesManualSmallDomainEnumeration/GGSame_790
[       OK ] SmallDomain/SelectorOracleTest.MatchesManualSmallDomainEnumeration/GGSame_790 (0 ms)
[ RUN      ] SmallDomain/SelectorOracleTest.MatchesManualSmallDomainEnumeration/GGMixed_791
[       OK ] SmallDomain/SelectorOracleTest.MatchesManualSmallDomainEnumeration/GGMixed_791 (5 ms)
[ RUN      ] SmallDomain/SelectorOracleTest.MatchesManualSmallDomainEnumeration/FF_792
[       OK ] SmallDomain/SelectorOracleTest.MatchesManualSmallDomainEnumeration/FF_792 (0 ms)
[ RUN      ] SmallDomain/SelectorOracleTest.MatchesManualSmallDomainEnumeration/GF_793
[       OK ] SmallDomain/SelectorOracleTest.MatchesManualSmallDomainEnumeration/GF_793 (0 ms)
[ RUN      ] SmallDomain/SelectorOracleTest.MatchesManualSmallDomainEnumeration/GGSame_794
[       OK ] SmallDomain/SelectorOracleTest.MatchesManualSmallDomainEnumeration/GGSame_794 (0 ms)
[ RUN      ] SmallDomain/SelectorOracleTest.MatchesManualSmallDomainEnumeration/GGMixed_795
[       OK ] SmallDomain/SelectorOracleTest.MatchesManualSmallDomainEnumeration/GGMixed_795 (6 ms)
[ RUN      ] SmallDomain/SelectorOracleTest.MatchesManualSmallDomainEnumeration/FF_796
[       OK ] SmallDomain/SelectorOracleTest.MatchesManualSmallDomainEnumeration/FF_796 (0 ms)
[ RUN      ] SmallDomain/SelectorOracleTest.MatchesManualSmallDomainEnumeration/GF_797
[       OK ] SmallDomain/SelectorOracleTest.MatchesManualSmallDomainEnumeration/GF_797 (0 ms)
[ RUN      ] SmallDomain/SelectorOracleTest.MatchesManualSmallDomainEnumeration/GGSame_798
[       OK ] SmallDomain/SelectorOracleTest.MatchesManualSmallDomainEnumeration/GGSame_798 (0 ms)
[ RUN      ] SmallDomain/SelectorOracleTest.MatchesManualSmallDomainEnumeration/GGMixed_799
[       OK ] SmallDomain/SelectorOracleTest.MatchesManualSmallDomainEnumeration/GGMixed_799 (5 ms)
[ RUN      ] SmallDomain/SelectorOracleTest.MatchesManualSmallDomainEnumeration/FF_800
[       OK ] SmallDomain/SelectorOracleTest.MatchesManualSmallDomainEnumeration/FF_800 (0 ms)
[ RUN      ] SmallDomain/SelectorOracleTest.MatchesManualSmallDomainEnumeration/GF_801
[       OK ] SmallDomain/SelectorOracleTest.MatchesManualSmallDomainEnumeration/GF_801 (0 ms)
[ RUN      ] SmallDomain/SelectorOracleTest.MatchesManualSmallDomainEnumeration/GGSame_802
[       OK ] SmallDomain/SelectorOracleTest.MatchesManualSmallDomainEnumeration/GGSame_802 (0 ms)
[ RUN      ] SmallDomain/SelectorOracleTest.MatchesManualSmallDomainEnumeration/GGMixed_803
[       OK ] SmallDomain/SelectorOracleTest.MatchesManualSmallDomainEnumeration/GGMixed_803 (6 ms)
[ RUN      ] SmallDomain/SelectorOracleTest.MatchesManualSmallDomainEnumeration/FF_804
[       OK ] SmallDomain/SelectorOracleTest.MatchesManualSmallDomainEnumeration/FF_804 (0 ms)
[ RUN      ] SmallDomain/SelectorOracleTest.MatchesManualSmallDomainEnumeration/GF_805
[       OK ] SmallDomain/SelectorOracleTest.MatchesManualSmallDomainEnumeration/GF_805 (0 ms)
[ RUN      ] SmallDomain/SelectorOracleTest.MatchesManualSmallDomainEnumeration/GGSame_806
[       OK ] SmallDomain/SelectorOracleTest.MatchesManualSmallDomainEnumeration/GGSame_806 (0 ms)
[ RUN      ] SmallDomain/SelectorOracleTest.MatchesManualSmallDomainEnumeration/GGMixed_807
[       OK ] SmallDomain/SelectorOracleTest.MatchesManualSmallDomainEnumeration/GGMixed_807 (5 ms)
[ RUN      ] SmallDomain/SelectorOracleTest.MatchesManualSmallDomainEnumeration/FF_808
[       OK ] SmallDomain/SelectorOracleTest.MatchesManualSmallDomainEnumeration/FF_808 (0 ms)
[ RUN      ] SmallDomain/SelectorOracleTest.MatchesManualSmallDomainEnumeration/GF_809
[       OK ] SmallDomain/SelectorOracleTest.MatchesManualSmallDomainEnumeration/GF_809 (0 ms)
[ RUN      ] SmallDomain/SelectorOracleTest.MatchesManualSmallDomainEnumeration/GGSame_810
[       OK ] SmallDomain/SelectorOracleTest.MatchesManualSmallDomainEnumeration/GGSame_810 (0 ms)
[ RUN      ] SmallDomain/SelectorOracleTest.MatchesManualSmallDomainEnumeration/GGMixed_811
[       OK ] SmallDomain/SelectorOracleTest.MatchesManualSmallDomainEnumeration/GGMixed_811 (6 ms)
[ RUN      ] SmallDomain/SelectorOracleTest.MatchesManualSmallDomainEnumeration/FF_812
[       OK ] SmallDomain/SelectorOracleTest.MatchesManualSmallDomainEnumeration/FF_812 (0 ms)
[ RUN      ] SmallDomain/SelectorOracleTest.MatchesManualSmallDomainEnumeration/GF_813
[       OK ] SmallDomain/SelectorOracleTest.MatchesManualSmallDomainEnumeration/GF_813 (0 ms)
[ RUN      ] SmallDomain/SelectorOracleTest.MatchesManualSmallDomainEnumeration/GGSame_814
[       OK ] SmallDomain/SelectorOracleTest.MatchesManualSmallDomainEnumeration/GGSame_814 (0 ms)
[ RUN      ] SmallDomain/SelectorOracleTest.MatchesManualSmallDomainEnumeration/GGMixed_815
[       OK ] SmallDomain/SelectorOracleTest.MatchesManualSmallDomainEnumeration/GGMixed_815 (4 ms)
[ RUN      ] SmallDomain/SelectorOracleTest.MatchesManualSmallDomainEnumeration/FF_816
[       OK ] SmallDomain/SelectorOracleTest.MatchesManualSmallDomainEnumeration/FF_816 (0 ms)
[ RUN      ] SmallDomain/SelectorOracleTest.MatchesManualSmallDomainEnumeration/GF_817
[       OK ] SmallDomain/SelectorOracleTest.MatchesManualSmallDomainEnumeration/GF_817 (0 ms)
[ RUN      ] SmallDomain/SelectorOracleTest.MatchesManualSmallDomainEnumeration/GGSame_818
[       OK ] SmallDomain/SelectorOracleTest.MatchesManualSmallDomainEnumeration/GGSame_818 (0 ms)
[ RUN      ] SmallDomain/SelectorOracleTest.MatchesManualSmallDomainEnumeration/GGMixed_819
[       OK ] SmallDomain/SelectorOracleTest.MatchesManualSmallDomainEnumeration/GGMixed_819 (5 ms)
[ RUN      ] SmallDomain/SelectorOracleTest.MatchesManualSmallDomainEnumeration/FF_820
[       OK ] SmallDomain/SelectorOracleTest.MatchesManualSmallDomainEnumeration/FF_820 (0 ms)
[ RUN      ] SmallDomain/SelectorOracleTest.MatchesManualSmallDomainEnumeration/GF_821
[       OK ] SmallDomain/SelectorOracleTest.MatchesManualSmallDomainEnumeration/GF_821 (0 ms)
[ RUN      ] SmallDomain/SelectorOracleTest.MatchesManualSmallDomainEnumeration/GGSame_822
[       OK ] SmallDomain/SelectorOracleTest.MatchesManualSmallDomainEnumeration/GGSame_822 (0 ms)
[ RUN      ] SmallDomain/SelectorOracleTest.MatchesManualSmallDomainEnumeration/GGMixed_823
[       OK ] SmallDomain/SelectorOracleTest.MatchesManualSmallDomainEnumeration/GGMixed_823 (5 ms)
[ RUN      ] SmallDomain/SelectorOracleTest.MatchesManualSmallDomainEnumeration/FF_824
[       OK ] SmallDomain/SelectorOracleTest.MatchesManualSmallDomainEnumeration/FF_824 (0 ms)
[ RUN      ] SmallDomain/SelectorOracleTest.MatchesManualSmallDomainEnumeration/GF_825
[       OK ] SmallDomain/SelectorOracleTest.MatchesManualSmallDomainEnumeration/GF_825 (0 ms)
[ RUN      ] SmallDomain/SelectorOracleTest.MatchesManualSmallDomainEnumeration/GGSame_826
[       OK ] SmallDomain/SelectorOracleTest.MatchesManualSmallDomainEnumeration/GGSame_826 (0 ms)
[ RUN      ] SmallDomain/SelectorOracleTest.MatchesManualSmallDomainEnumeration/GGMixed_827
[       OK ] SmallDomain/SelectorOracleTest.MatchesManualSmallDomainEnumeration/GGMixed_827 (5 ms)
[ RUN      ] SmallDomain/SelectorOracleTest.MatchesManualSmallDomainEnumeration/FF_828
[       OK ] SmallDomain/SelectorOracleTest.MatchesManualSmallDomainEnumeration/FF_828 (0 ms)
[ RUN      ] SmallDomain/SelectorOracleTest.MatchesManualSmallDomainEnumeration/GF_829
[       OK ] SmallDomain/SelectorOracleTest.MatchesManualSmallDomainEnumeration/GF_829 (0 ms)
[ RUN      ] SmallDomain/SelectorOracleTest.MatchesManualSmallDomainEnumeration/GGSame_830
[       OK ] SmallDomain/SelectorOracleTest.MatchesManualSmallDomainEnumeration/GGSame_830 (0 ms)
[ RUN      ] SmallDomain/SelectorOracleTest.MatchesManualSmallDomainEnumeration/GGMixed_831
[       OK ] SmallDomain/SelectorOracleTest.MatchesManualSmallDomainEnumeration/GGMixed_831 (5 ms)
[ RUN      ] SmallDomain/SelectorOracleTest.MatchesManualSmallDomainEnumeration/FF_832
[       OK ] SmallDomain/SelectorOracleTest.MatchesManualSmallDomainEnumeration/FF_832 (0 ms)
[ RUN      ] SmallDomain/SelectorOracleTest.MatchesManualSmallDomainEnumeration/GF_833
[       OK ] SmallDomain/SelectorOracleTest.MatchesManualSmallDomainEnumeration/GF_833 (0 ms)
[ RUN      ] SmallDomain/SelectorOracleTest.MatchesManualSmallDomainEnumeration/GGSame_834
[       OK ] SmallDomain/SelectorOracleTest.MatchesManualSmallDomainEnumeration/GGSame_834 (0 ms)
[ RUN      ] SmallDomain/SelectorOracleTest.MatchesManualSmallDomainEnumeration/GGMixed_835
[       OK ] SmallDomain/SelectorOracleTest.MatchesManualSmallDomainEnumeration/GGMixed_835 (5 ms)
[ RUN      ] SmallDomain/SelectorOracleTest.MatchesManualSmallDomainEnumeration/FF_836
[       OK ] SmallDomain/SelectorOracleTest.MatchesManualSmallDomainEnumeration/FF_836 (0 ms)
[ RUN      ] SmallDomain/SelectorOracleTest.MatchesManualSmallDomainEnumeration/GF_837
[       OK ] SmallDomain/SelectorOracleTest.MatchesManualSmallDomainEnumeration/GF_837 (0 ms)
[ RUN      ] SmallDomain/SelectorOracleTest.MatchesManualSmallDomainEnumeration/GGSame_838
[       OK ] SmallDomain/SelectorOracleTest.MatchesManualSmallDomainEnumeration/GGSame_838 (0 ms)
[ RUN      ] SmallDomain/SelectorOracleTest.MatchesManualSmallDomainEnumeration/GGMixed_839
[       OK ] SmallDomain/SelectorOracleTest.MatchesManualSmallDomainEnumeration/GGMixed_839 (5 ms)
[ RUN      ] SmallDomain/SelectorOracleTest.MatchesManualSmallDomainEnumeration/FF_840
[       OK ] SmallDomain/SelectorOracleTest.MatchesManualSmallDomainEnumeration/FF_840 (0 ms)
[ RUN      ] SmallDomain/SelectorOracleTest.MatchesManualSmallDomainEnumeration/GF_841
[       OK ] SmallDomain/SelectorOracleTest.MatchesManualSmallDomainEnumeration/GF_841 (0 ms)
[ RUN      ] SmallDomain/SelectorOracleTest.MatchesManualSmallDomainEnumeration/GGSame_842
[       OK ] SmallDomain/SelectorOracleTest.MatchesManualSmallDomainEnumeration/GGSame_842 (0 ms)
[ RUN      ] SmallDomain/SelectorOracleTest.MatchesManualSmallDomainEnumeration/GGMixed_843
[       OK ] SmallDomain/SelectorOracleTest.MatchesManualSmallDomainEnumeration/GGMixed_843 (5 ms)
[ RUN      ] SmallDomain/SelectorOracleTest.MatchesManualSmallDomainEnumeration/FF_844
[       OK ] SmallDomain/SelectorOracleTest.MatchesManualSmallDomainEnumeration/FF_844 (0 ms)
[ RUN      ] SmallDomain/SelectorOracleTest.MatchesManualSmallDomainEnumeration/GF_845
[       OK ] SmallDomain/SelectorOracleTest.MatchesManualSmallDomainEnumeration/GF_845 (0 ms)
[ RUN      ] SmallDomain/SelectorOracleTest.MatchesManualSmallDomainEnumeration/GGSame_846
[       OK ] SmallDomain/SelectorOracleTest.MatchesManualSmallDomainEnumeration/GGSame_846 (0 ms)
[ RUN      ] SmallDomain/SelectorOracleTest.MatchesManualSmallDomainEnumeration/GGMixed_847
[       OK ] SmallDomain/SelectorOracleTest.MatchesManualSmallDomainEnumeration/GGMixed_847 (5 ms)
[ RUN      ] SmallDomain/SelectorOracleTest.MatchesManualSmallDomainEnumeration/FF_848
[       OK ] SmallDomain/SelectorOracleTest.MatchesManualSmallDomainEnumeration/FF_848 (0 ms)
[ RUN      ] SmallDomain/SelectorOracleTest.MatchesManualSmallDomainEnumeration/GF_849
[       OK ] SmallDomain/SelectorOracleTest.MatchesManualSmallDomainEnumeration/GF_849 (0 ms)
[ RUN      ] SmallDomain/SelectorOracleTest.MatchesManualSmallDomainEnumeration/GGSame_850
[       OK ] SmallDomain/SelectorOracleTest.MatchesManualSmallDomainEnumeration/GGSame_850 (0 ms)
[ RUN      ] SmallDomain/SelectorOracleTest.MatchesManualSmallDomainEnumeration/GGMixed_851
[       OK ] SmallDomain/SelectorOracleTest.MatchesManualSmallDomainEnumeration/GGMixed_851 (6 ms)
[ RUN      ] SmallDomain/SelectorOracleTest.MatchesManualSmallDomainEnumeration/FF_852
[       OK ] SmallDomain/SelectorOracleTest.MatchesManualSmallDomainEnumeration/FF_852 (0 ms)
[ RUN      ] SmallDomain/SelectorOracleTest.MatchesManualSmallDomainEnumeration/GF_853
[       OK ] SmallDomain/SelectorOracleTest.MatchesManualSmallDomainEnumeration/GF_853 (0 ms)
[ RUN      ] SmallDomain/SelectorOracleTest.MatchesManualSmallDomainEnumeration/GGSame_854
[       OK ] SmallDomain/SelectorOracleTest.MatchesManualSmallDomainEnumeration/GGSame_854 (0 ms)
[ RUN      ] SmallDomain/SelectorOracleTest.MatchesManualSmallDomainEnumeration/GGMixed_855
[       OK ] SmallDomain/SelectorOracleTest.MatchesManualSmallDomainEnumeration/GGMixed_855 (5 ms)
[ RUN      ] SmallDomain/SelectorOracleTest.MatchesManualSmallDomainEnumeration/FF_856
[       OK ] SmallDomain/SelectorOracleTest.MatchesManualSmallDomainEnumeration/FF_856 (0 ms)
[ RUN      ] SmallDomain/SelectorOracleTest.MatchesManualSmallDomainEnumeration/GF_857
[       OK ] SmallDomain/SelectorOracleTest.MatchesManualSmallDomainEnumeration/GF_857 (0 ms)
[ RUN      ] SmallDomain/SelectorOracleTest.MatchesManualSmallDomainEnumeration/GGSame_858
[       OK ] SmallDomain/SelectorOracleTest.MatchesManualSmallDomainEnumeration/GGSame_858 (0 ms)
[ RUN      ] SmallDomain/SelectorOracleTest.MatchesManualSmallDomainEnumeration/GGMixed_859
[       OK ] SmallDomain/SelectorOracleTest.MatchesManualSmallDomainEnumeration/GGMixed_859 (5 ms)
[ RUN      ] SmallDomain/SelectorOracleTest.MatchesManualSmallDomainEnumeration/FF_860
[       OK ] SmallDomain/SelectorOracleTest.MatchesManualSmallDomainEnumeration/FF_860 (0 ms)
[ RUN      ] SmallDomain/SelectorOracleTest.MatchesManualSmallDomainEnumeration/GF_861
[       OK ] SmallDomain/SelectorOracleTest.MatchesManualSmallDomainEnumeration/GF_861 (0 ms)
[ RUN      ] SmallDomain/SelectorOracleTest.MatchesManualSmallDomainEnumeration/GGSame_862
[       OK ] SmallDomain/SelectorOracleTest.MatchesManualSmallDomainEnumeration/GGSame_862 (0 ms)
[ RUN      ] SmallDomain/SelectorOracleTest.MatchesManualSmallDomainEnumeration/GGMixed_863
[       OK ] SmallDomain/SelectorOracleTest.MatchesManualSmallDomainEnumeration/GGMixed_863 (4 ms)
[ RUN      ] SmallDomain/SelectorOracleTest.MatchesManualSmallDomainEnumeration/FF_864
[       OK ] SmallDomain/SelectorOracleTest.MatchesManualSmallDomainEnumeration/FF_864 (0 ms)
[ RUN      ] SmallDomain/SelectorOracleTest.MatchesManualSmallDomainEnumeration/GF_865
[       OK ] SmallDomain/SelectorOracleTest.MatchesManualSmallDomainEnumeration/GF_865 (0 ms)
[ RUN      ] SmallDomain/SelectorOracleTest.MatchesManualSmallDomainEnumeration/GGSame_866
[       OK ] SmallDomain/SelectorOracleTest.MatchesManualSmallDomainEnumeration/GGSame_866 (0 ms)
[ RUN      ] SmallDomain/SelectorOracleTest.MatchesManualSmallDomainEnumeration/GGMixed_867
[       OK ] SmallDomain/SelectorOracleTest.MatchesManualSmallDomainEnumeration/GGMixed_867 (5 ms)
[ RUN      ] SmallDomain/SelectorOracleTest.MatchesManualSmallDomainEnumeration/FF_868
[       OK ] SmallDomain/SelectorOracleTest.MatchesManualSmallDomainEnumeration/FF_868 (0 ms)
[ RUN      ] SmallDomain/SelectorOracleTest.MatchesManualSmallDomainEnumeration/GF_869
[       OK ] SmallDomain/SelectorOracleTest.MatchesManualSmallDomainEnumeration/GF_869 (0 ms)
[ RUN      ] SmallDomain/SelectorOracleTest.MatchesManualSmallDomainEnumeration/GGSame_870
[       OK ] SmallDomain/SelectorOracleTest.MatchesManualSmallDomainEnumeration/GGSame_870 (0 ms)
[ RUN      ] SmallDomain/SelectorOracleTest.MatchesManualSmallDomainEnumeration/GGMixed_871
[       OK ] SmallDomain/SelectorOracleTest.MatchesManualSmallDomainEnumeration/GGMixed_871 (5 ms)
[ RUN      ] SmallDomain/SelectorOracleTest.MatchesManualSmallDomainEnumeration/FF_872
[       OK ] SmallDomain/SelectorOracleTest.MatchesManualSmallDomainEnumeration/FF_872 (0 ms)
[ RUN      ] SmallDomain/SelectorOracleTest.MatchesManualSmallDomainEnumeration/GF_873
[       OK ] SmallDomain/SelectorOracleTest.MatchesManualSmallDomainEnumeration/GF_873 (0 ms)
[ RUN      ] SmallDomain/SelectorOracleTest.MatchesManualSmallDomainEnumeration/GGSame_874
[       OK ] SmallDomain/SelectorOracleTest.MatchesManualSmallDomainEnumeration/GGSame_874 (0 ms)
[ RUN      ] SmallDomain/SelectorOracleTest.MatchesManualSmallDomainEnumeration/GGMixed_875
[       OK ] SmallDomain/SelectorOracleTest.MatchesManualSmallDomainEnumeration/GGMixed_875 (5 ms)
[ RUN      ] SmallDomain/SelectorOracleTest.MatchesManualSmallDomainEnumeration/FF_876
[       OK ] SmallDomain/SelectorOracleTest.MatchesManualSmallDomainEnumeration/FF_876 (0 ms)
[ RUN      ] SmallDomain/SelectorOracleTest.MatchesManualSmallDomainEnumeration/GF_877
[       OK ] SmallDomain/SelectorOracleTest.MatchesManualSmallDomainEnumeration/GF_877 (0 ms)
[ RUN      ] SmallDomain/SelectorOracleTest.MatchesManualSmallDomainEnumeration/GGSame_878
[       OK ] SmallDomain/SelectorOracleTest.MatchesManualSmallDomainEnumeration/GGSame_878 (0 ms)
[ RUN      ] SmallDomain/SelectorOracleTest.MatchesManualSmallDomainEnumeration/GGMixed_879
[       OK ] SmallDomain/SelectorOracleTest.MatchesManualSmallDomainEnumeration/GGMixed_879 (5 ms)
[ RUN      ] SmallDomain/SelectorOracleTest.MatchesManualSmallDomainEnumeration/FF_880
[       OK ] SmallDomain/SelectorOracleTest.MatchesManualSmallDomainEnumeration/FF_880 (0 ms)
[ RUN      ] SmallDomain/SelectorOracleTest.MatchesManualSmallDomainEnumeration/GF_881
[       OK ] SmallDomain/SelectorOracleTest.MatchesManualSmallDomainEnumeration/GF_881 (0 ms)
[ RUN      ] SmallDomain/SelectorOracleTest.MatchesManualSmallDomainEnumeration/GGSame_882
[       OK ] SmallDomain/SelectorOracleTest.MatchesManualSmallDomainEnumeration/GGSame_882 (0 ms)
[ RUN      ] SmallDomain/SelectorOracleTest.MatchesManualSmallDomainEnumeration/GGMixed_883
[       OK ] SmallDomain/SelectorOracleTest.MatchesManualSmallDomainEnumeration/GGMixed_883 (5 ms)
[ RUN      ] SmallDomain/SelectorOracleTest.MatchesManualSmallDomainEnumeration/FF_884
[       OK ] SmallDomain/SelectorOracleTest.MatchesManualSmallDomainEnumeration/FF_884 (0 ms)
[ RUN      ] SmallDomain/SelectorOracleTest.MatchesManualSmallDomainEnumeration/GF_885
[       OK ] SmallDomain/SelectorOracleTest.MatchesManualSmallDomainEnumeration/GF_885 (0 ms)
[ RUN      ] SmallDomain/SelectorOracleTest.MatchesManualSmallDomainEnumeration/GGSame_886
[       OK ] SmallDomain/SelectorOracleTest.MatchesManualSmallDomainEnumeration/GGSame_886 (0 ms)
[ RUN      ] SmallDomain/SelectorOracleTest.MatchesManualSmallDomainEnumeration/GGMixed_887
[       OK ] SmallDomain/SelectorOracleTest.MatchesManualSmallDomainEnumeration/GGMixed_887 (5 ms)
[ RUN      ] SmallDomain/SelectorOracleTest.MatchesManualSmallDomainEnumeration/FF_888
[       OK ] SmallDomain/SelectorOracleTest.MatchesManualSmallDomainEnumeration/FF_888 (0 ms)
[ RUN      ] SmallDomain/SelectorOracleTest.MatchesManualSmallDomainEnumeration/GF_889
[       OK ] SmallDomain/SelectorOracleTest.MatchesManualSmallDomainEnumeration/GF_889 (0 ms)
[ RUN      ] SmallDomain/SelectorOracleTest.MatchesManualSmallDomainEnumeration/GGSame_890
[       OK ] SmallDomain/SelectorOracleTest.MatchesManualSmallDomainEnumeration/GGSame_890 (0 ms)
[ RUN      ] SmallDomain/SelectorOracleTest.MatchesManualSmallDomainEnumeration/GGMixed_891
[       OK ] SmallDomain/SelectorOracleTest.MatchesManualSmallDomainEnumeration/GGMixed_891 (5 ms)
[ RUN      ] SmallDomain/SelectorOracleTest.MatchesManualSmallDomainEnumeration/FF_892
[       OK ] SmallDomain/SelectorOracleTest.MatchesManualSmallDomainEnumeration/FF_892 (0 ms)
[ RUN      ] SmallDomain/SelectorOracleTest.MatchesManualSmallDomainEnumeration/GF_893
[       OK ] SmallDomain/SelectorOracleTest.MatchesManualSmallDomainEnumeration/GF_893 (0 ms)
[ RUN      ] SmallDomain/SelectorOracleTest.MatchesManualSmallDomainEnumeration/GGSame_894
[       OK ] SmallDomain/SelectorOracleTest.MatchesManualSmallDomainEnumeration/GGSame_894 (0 ms)
[ RUN      ] SmallDomain/SelectorOracleTest.MatchesManualSmallDomainEnumeration/GGMixed_895
[       OK ] SmallDomain/SelectorOracleTest.MatchesManualSmallDomainEnumeration/GGMixed_895 (5 ms)
[ RUN      ] SmallDomain/SelectorOracleTest.MatchesManualSmallDomainEnumeration/FF_896
[       OK ] SmallDomain/SelectorOracleTest.MatchesManualSmallDomainEnumeration/FF_896 (0 ms)
[ RUN      ] SmallDomain/SelectorOracleTest.MatchesManualSmallDomainEnumeration/GF_897
[       OK ] SmallDomain/SelectorOracleTest.MatchesManualSmallDomainEnumeration/GF_897 (0 ms)
[ RUN      ] SmallDomain/SelectorOracleTest.MatchesManualSmallDomainEnumeration/GGSame_898
[       OK ] SmallDomain/SelectorOracleTest.MatchesManualSmallDomainEnumeration/GGSame_898 (0 ms)
[ RUN      ] SmallDomain/SelectorOracleTest.MatchesManualSmallDomainEnumeration/GGMixed_899
[       OK ] SmallDomain/SelectorOracleTest.MatchesManualSmallDomainEnumeration/GGMixed_899 (5 ms)
[ RUN      ] SmallDomain/SelectorOracleTest.MatchesManualSmallDomainEnumeration/FF_900
[       OK ] SmallDomain/SelectorOracleTest.MatchesManualSmallDomainEnumeration/FF_900 (0 ms)
[ RUN      ] SmallDomain/SelectorOracleTest.MatchesManualSmallDomainEnumeration/GF_901
[       OK ] SmallDomain/SelectorOracleTest.MatchesManualSmallDomainEnumeration/GF_901 (0 ms)
[ RUN      ] SmallDomain/SelectorOracleTest.MatchesManualSmallDomainEnumeration/GGSame_902
[       OK ] SmallDomain/SelectorOracleTest.MatchesManualSmallDomainEnumeration/GGSame_902 (0 ms)
[ RUN      ] SmallDomain/SelectorOracleTest.MatchesManualSmallDomainEnumeration/GGMixed_903
[       OK ] SmallDomain/SelectorOracleTest.MatchesManualSmallDomainEnumeration/GGMixed_903 (5 ms)
[ RUN      ] SmallDomain/SelectorOracleTest.MatchesManualSmallDomainEnumeration/FF_904
[       OK ] SmallDomain/SelectorOracleTest.MatchesManualSmallDomainEnumeration/FF_904 (0 ms)
[ RUN      ] SmallDomain/SelectorOracleTest.MatchesManualSmallDomainEnumeration/GF_905
[       OK ] SmallDomain/SelectorOracleTest.MatchesManualSmallDomainEnumeration/GF_905 (0 ms)
[ RUN      ] SmallDomain/SelectorOracleTest.MatchesManualSmallDomainEnumeration/GGSame_906
[       OK ] SmallDomain/SelectorOracleTest.MatchesManualSmallDomainEnumeration/GGSame_906 (0 ms)
[ RUN      ] SmallDomain/SelectorOracleTest.MatchesManualSmallDomainEnumeration/GGMixed_907
[       OK ] SmallDomain/SelectorOracleTest.MatchesManualSmallDomainEnumeration/GGMixed_907 (5 ms)
[ RUN      ] SmallDomain/SelectorOracleTest.MatchesManualSmallDomainEnumeration/FF_908
[       OK ] SmallDomain/SelectorOracleTest.MatchesManualSmallDomainEnumeration/FF_908 (0 ms)
[ RUN      ] SmallDomain/SelectorOracleTest.MatchesManualSmallDomainEnumeration/GF_909
[       OK ] SmallDomain/SelectorOracleTest.MatchesManualSmallDomainEnumeration/GF_909 (0 ms)
[ RUN      ] SmallDomain/SelectorOracleTest.MatchesManualSmallDomainEnumeration/GGSame_910
[       OK ] SmallDomain/SelectorOracleTest.MatchesManualSmallDomainEnumeration/GGSame_910 (0 ms)
[ RUN      ] SmallDomain/SelectorOracleTest.MatchesManualSmallDomainEnumeration/GGMixed_911
[       OK ] SmallDomain/SelectorOracleTest.MatchesManualSmallDomainEnumeration/GGMixed_911 (4 ms)
[ RUN      ] SmallDomain/SelectorOracleTest.MatchesManualSmallDomainEnumeration/FF_912
[       OK ] SmallDomain/SelectorOracleTest.MatchesManualSmallDomainEnumeration/FF_912 (0 ms)
[ RUN      ] SmallDomain/SelectorOracleTest.MatchesManualSmallDomainEnumeration/GF_913
[       OK ] SmallDomain/SelectorOracleTest.MatchesManualSmallDomainEnumeration/GF_913 (0 ms)
[ RUN      ] SmallDomain/SelectorOracleTest.MatchesManualSmallDomainEnumeration/GGSame_914
[       OK ] SmallDomain/SelectorOracleTest.MatchesManualSmallDomainEnumeration/GGSame_914 (0 ms)
[ RUN      ] SmallDomain/SelectorOracleTest.MatchesManualSmallDomainEnumeration/GGMixed_915
[       OK ] SmallDomain/SelectorOracleTest.MatchesManualSmallDomainEnumeration/GGMixed_915 (5 ms)
[ RUN      ] SmallDomain/SelectorOracleTest.MatchesManualSmallDomainEnumeration/FF_916
[       OK ] SmallDomain/SelectorOracleTest.MatchesManualSmallDomainEnumeration/FF_916 (0 ms)
[ RUN      ] SmallDomain/SelectorOracleTest.MatchesManualSmallDomainEnumeration/GF_917
[       OK ] SmallDomain/SelectorOracleTest.MatchesManualSmallDomainEnumeration/GF_917 (0 ms)
[ RUN      ] SmallDomain/SelectorOracleTest.MatchesManualSmallDomainEnumeration/GGSame_918
[       OK ] SmallDomain/SelectorOracleTest.MatchesManualSmallDomainEnumeration/GGSame_918 (0 ms)
[ RUN      ] SmallDomain/SelectorOracleTest.MatchesManualSmallDomainEnumeration/GGMixed_919
[       OK ] SmallDomain/SelectorOracleTest.MatchesManualSmallDomainEnumeration/GGMixed_919 (5 ms)
[ RUN      ] SmallDomain/SelectorOracleTest.MatchesManualSmallDomainEnumeration/FF_920
[       OK ] SmallDomain/SelectorOracleTest.MatchesManualSmallDomainEnumeration/FF_920 (0 ms)
[ RUN      ] SmallDomain/SelectorOracleTest.MatchesManualSmallDomainEnumeration/GF_921
[       OK ] SmallDomain/SelectorOracleTest.MatchesManualSmallDomainEnumeration/GF_921 (0 ms)
[ RUN      ] SmallDomain/SelectorOracleTest.MatchesManualSmallDomainEnumeration/GGSame_922
[       OK ] SmallDomain/SelectorOracleTest.MatchesManualSmallDomainEnumeration/GGSame_922 (0 ms)
[ RUN      ] SmallDomain/SelectorOracleTest.MatchesManualSmallDomainEnumeration/GGMixed_923
[       OK ] SmallDomain/SelectorOracleTest.MatchesManualSmallDomainEnumeration/GGMixed_923 (6 ms)
[ RUN      ] SmallDomain/SelectorOracleTest.MatchesManualSmallDomainEnumeration/FF_924
[       OK ] SmallDomain/SelectorOracleTest.MatchesManualSmallDomainEnumeration/FF_924 (0 ms)
[ RUN      ] SmallDomain/SelectorOracleTest.MatchesManualSmallDomainEnumeration/GF_925
[       OK ] SmallDomain/SelectorOracleTest.MatchesManualSmallDomainEnumeration/GF_925 (0 ms)
[ RUN      ] SmallDomain/SelectorOracleTest.MatchesManualSmallDomainEnumeration/GGSame_926
[       OK ] SmallDomain/SelectorOracleTest.MatchesManualSmallDomainEnumeration/GGSame_926 (0 ms)
[ RUN      ] SmallDomain/SelectorOracleTest.MatchesManualSmallDomainEnumeration/GGMixed_927
[       OK ] SmallDomain/SelectorOracleTest.MatchesManualSmallDomainEnumeration/GGMixed_927 (5 ms)
[ RUN      ] SmallDomain/SelectorOracleTest.MatchesManualSmallDomainEnumeration/FF_928
[       OK ] SmallDomain/SelectorOracleTest.MatchesManualSmallDomainEnumeration/FF_928 (0 ms)
[ RUN      ] SmallDomain/SelectorOracleTest.MatchesManualSmallDomainEnumeration/GF_929
[       OK ] SmallDomain/SelectorOracleTest.MatchesManualSmallDomainEnumeration/GF_929 (0 ms)
[ RUN      ] SmallDomain/SelectorOracleTest.MatchesManualSmallDomainEnumeration/GGSame_930
[       OK ] SmallDomain/SelectorOracleTest.MatchesManualSmallDomainEnumeration/GGSame_930 (0 ms)
[ RUN      ] SmallDomain/SelectorOracleTest.MatchesManualSmallDomainEnumeration/GGMixed_931
[       OK ] SmallDomain/SelectorOracleTest.MatchesManualSmallDomainEnumeration/GGMixed_931 (6 ms)
[ RUN      ] SmallDomain/SelectorOracleTest.MatchesManualSmallDomainEnumeration/FF_932
[       OK ] SmallDomain/SelectorOracleTest.MatchesManualSmallDomainEnumeration/FF_932 (0 ms)
[ RUN      ] SmallDomain/SelectorOracleTest.MatchesManualSmallDomainEnumeration/GF_933
[       OK ] SmallDomain/SelectorOracleTest.MatchesManualSmallDomainEnumeration/GF_933 (0 ms)
[ RUN      ] SmallDomain/SelectorOracleTest.MatchesManualSmallDomainEnumeration/GGSame_934
[       OK ] SmallDomain/SelectorOracleTest.MatchesManualSmallDomainEnumeration/GGSame_934 (0 ms)
[ RUN      ] SmallDomain/SelectorOracleTest.MatchesManualSmallDomainEnumeration/GGMixed_935
[       OK ] SmallDomain/SelectorOracleTest.MatchesManualSmallDomainEnumeration/GGMixed_935 (5 ms)
[ RUN      ] SmallDomain/SelectorOracleTest.MatchesManualSmallDomainEnumeration/FF_936
[       OK ] SmallDomain/SelectorOracleTest.MatchesManualSmallDomainEnumeration/FF_936 (0 ms)
[ RUN      ] SmallDomain/SelectorOracleTest.MatchesManualSmallDomainEnumeration/GF_937
[       OK ] SmallDomain/SelectorOracleTest.MatchesManualSmallDomainEnumeration/GF_937 (0 ms)
[ RUN      ] SmallDomain/SelectorOracleTest.MatchesManualSmallDomainEnumeration/GGSame_938
[       OK ] SmallDomain/SelectorOracleTest.MatchesManualSmallDomainEnumeration/GGSame_938 (0 ms)
[ RUN      ] SmallDomain/SelectorOracleTest.MatchesManualSmallDomainEnumeration/GGMixed_939
[       OK ] SmallDomain/SelectorOracleTest.MatchesManualSmallDomainEnumeration/GGMixed_939 (6 ms)
[ RUN      ] SmallDomain/SelectorOracleTest.MatchesManualSmallDomainEnumeration/FF_940
[       OK ] SmallDomain/SelectorOracleTest.MatchesManualSmallDomainEnumeration/FF_940 (0 ms)
[ RUN      ] SmallDomain/SelectorOracleTest.MatchesManualSmallDomainEnumeration/GF_941
[       OK ] SmallDomain/SelectorOracleTest.MatchesManualSmallDomainEnumeration/GF_941 (0 ms)
[ RUN      ] SmallDomain/SelectorOracleTest.MatchesManualSmallDomainEnumeration/GGSame_942
[       OK ] SmallDomain/SelectorOracleTest.MatchesManualSmallDomainEnumeration/GGSame_942 (0 ms)
[ RUN      ] SmallDomain/SelectorOracleTest.MatchesManualSmallDomainEnumeration/GGMixed_943
[       OK ] SmallDomain/SelectorOracleTest.MatchesManualSmallDomainEnumeration/GGMixed_943 (5 ms)
[ RUN      ] SmallDomain/SelectorOracleTest.MatchesManualSmallDomainEnumeration/FF_944
[       OK ] SmallDomain/SelectorOracleTest.MatchesManualSmallDomainEnumeration/FF_944 (0 ms)
[ RUN      ] SmallDomain/SelectorOracleTest.MatchesManualSmallDomainEnumeration/GF_945
[       OK ] SmallDomain/SelectorOracleTest.MatchesManualSmallDomainEnumeration/GF_945 (0 ms)
[ RUN      ] SmallDomain/SelectorOracleTest.MatchesManualSmallDomainEnumeration/GGSame_946
[       OK ] SmallDomain/SelectorOracleTest.MatchesManualSmallDomainEnumeration/GGSame_946 (0 ms)
[ RUN      ] SmallDomain/SelectorOracleTest.MatchesManualSmallDomainEnumeration/GGMixed_947
[       OK ] SmallDomain/SelectorOracleTest.MatchesManualSmallDomainEnumeration/GGMixed_947 (6 ms)
[ RUN      ] SmallDomain/SelectorOracleTest.MatchesManualSmallDomainEnumeration/FF_948
[       OK ] SmallDomain/SelectorOracleTest.MatchesManualSmallDomainEnumeration/FF_948 (0 ms)
[ RUN      ] SmallDomain/SelectorOracleTest.MatchesManualSmallDomainEnumeration/GF_949
[       OK ] SmallDomain/SelectorOracleTest.MatchesManualSmallDomainEnumeration/GF_949 (0 ms)
[ RUN      ] SmallDomain/SelectorOracleTest.MatchesManualSmallDomainEnumeration/GGSame_950
[       OK ] SmallDomain/SelectorOracleTest.MatchesManualSmallDomainEnumeration/GGSame_950 (0 ms)
[ RUN      ] SmallDomain/SelectorOracleTest.MatchesManualSmallDomainEnumeration/GGMixed_951
[       OK ] SmallDomain/SelectorOracleTest.MatchesManualSmallDomainEnumeration/GGMixed_951 (5 ms)
[ RUN      ] SmallDomain/SelectorOracleTest.MatchesManualSmallDomainEnumeration/FF_952
[       OK ] SmallDomain/SelectorOracleTest.MatchesManualSmallDomainEnumeration/FF_952 (0 ms)
[ RUN      ] SmallDomain/SelectorOracleTest.MatchesManualSmallDomainEnumeration/GF_953
[       OK ] SmallDomain/SelectorOracleTest.MatchesManualSmallDomainEnumeration/GF_953 (0 ms)
[ RUN      ] SmallDomain/SelectorOracleTest.MatchesManualSmallDomainEnumeration/GGSame_954
[       OK ] SmallDomain/SelectorOracleTest.MatchesManualSmallDomainEnumeration/GGSame_954 (0 ms)
[ RUN      ] SmallDomain/SelectorOracleTest.MatchesManualSmallDomainEnumeration/GGMixed_955
[       OK ] SmallDomain/SelectorOracleTest.MatchesManualSmallDomainEnumeration/GGMixed_955 (5 ms)
[ RUN      ] SmallDomain/SelectorOracleTest.MatchesManualSmallDomainEnumeration/FF_956
[       OK ] SmallDomain/SelectorOracleTest.MatchesManualSmallDomainEnumeration/FF_956 (0 ms)
[ RUN      ] SmallDomain/SelectorOracleTest.MatchesManualSmallDomainEnumeration/GF_957
[       OK ] SmallDomain/SelectorOracleTest.MatchesManualSmallDomainEnumeration/GF_957 (0 ms)
[ RUN      ] SmallDomain/SelectorOracleTest.MatchesManualSmallDomainEnumeration/GGSame_958
[       OK ] SmallDomain/SelectorOracleTest.MatchesManualSmallDomainEnumeration/GGSame_958 (0 ms)
[ RUN      ] SmallDomain/SelectorOracleTest.MatchesManualSmallDomainEnumeration/GGMixed_959
[       OK ] SmallDomain/SelectorOracleTest.MatchesManualSmallDomainEnumeration/GGMixed_959 (4 ms)
[ RUN      ] SmallDomain/SelectorOracleTest.MatchesManualSmallDomainEnumeration/FF_960
[       OK ] SmallDomain/SelectorOracleTest.MatchesManualSmallDomainEnumeration/FF_960 (0 ms)
[ RUN      ] SmallDomain/SelectorOracleTest.MatchesManualSmallDomainEnumeration/GF_961
[       OK ] SmallDomain/SelectorOracleTest.MatchesManualSmallDomainEnumeration/GF_961 (0 ms)
[ RUN      ] SmallDomain/SelectorOracleTest.MatchesManualSmallDomainEnumeration/GGSame_962
[       OK ] SmallDomain/SelectorOracleTest.MatchesManualSmallDomainEnumeration/GGSame_962 (0 ms)
[ RUN      ] SmallDomain/SelectorOracleTest.MatchesManualSmallDomainEnumeration/GGMixed_963
[       OK ] SmallDomain/SelectorOracleTest.MatchesManualSmallDomainEnumeration/GGMixed_963 (6 ms)
[ RUN      ] SmallDomain/SelectorOracleTest.MatchesManualSmallDomainEnumeration/FF_964
[       OK ] SmallDomain/SelectorOracleTest.MatchesManualSmallDomainEnumeration/FF_964 (0 ms)
[ RUN      ] SmallDomain/SelectorOracleTest.MatchesManualSmallDomainEnumeration/GF_965
[       OK ] SmallDomain/SelectorOracleTest.MatchesManualSmallDomainEnumeration/GF_965 (0 ms)
[ RUN      ] SmallDomain/SelectorOracleTest.MatchesManualSmallDomainEnumeration/GGSame_966
[       OK ] SmallDomain/SelectorOracleTest.MatchesManualSmallDomainEnumeration/GGSame_966 (0 ms)
[ RUN      ] SmallDomain/SelectorOracleTest.MatchesManualSmallDomainEnumeration/GGMixed_967
[       OK ] SmallDomain/SelectorOracleTest.MatchesManualSmallDomainEnumeration/GGMixed_967 (5 ms)
[ RUN      ] SmallDomain/SelectorOracleTest.MatchesManualSmallDomainEnumeration/FF_968
[       OK ] SmallDomain/SelectorOracleTest.MatchesManualSmallDomainEnumeration/FF_968 (0 ms)
[ RUN      ] SmallDomain/SelectorOracleTest.MatchesManualSmallDomainEnumeration/GF_969
[       OK ] SmallDomain/SelectorOracleTest.MatchesManualSmallDomainEnumeration/GF_969 (0 ms)
[ RUN      ] SmallDomain/SelectorOracleTest.MatchesManualSmallDomainEnumeration/GGSame_970
[       OK ] SmallDomain/SelectorOracleTest.MatchesManualSmallDomainEnumeration/GGSame_970 (0 ms)
[ RUN      ] SmallDomain/SelectorOracleTest.MatchesManualSmallDomainEnumeration/GGMixed_971
[       OK ] SmallDomain/SelectorOracleTest.MatchesManualSmallDomainEnumeration/GGMixed_971 (6 ms)
[ RUN      ] SmallDomain/SelectorOracleTest.MatchesManualSmallDomainEnumeration/FF_972
[       OK ] SmallDomain/SelectorOracleTest.MatchesManualSmallDomainEnumeration/FF_972 (0 ms)
[ RUN      ] SmallDomain/SelectorOracleTest.MatchesManualSmallDomainEnumeration/GF_973
[       OK ] SmallDomain/SelectorOracleTest.MatchesManualSmallDomainEnumeration/GF_973 (0 ms)
[ RUN      ] SmallDomain/SelectorOracleTest.MatchesManualSmallDomainEnumeration/GGSame_974
[       OK ] SmallDomain/SelectorOracleTest.MatchesManualSmallDomainEnumeration/GGSame_974 (0 ms)
[ RUN      ] SmallDomain/SelectorOracleTest.MatchesManualSmallDomainEnumeration/GGMixed_975
[       OK ] SmallDomain/SelectorOracleTest.MatchesManualSmallDomainEnumeration/GGMixed_975 (5 ms)
[ RUN      ] SmallDomain/SelectorOracleTest.MatchesManualSmallDomainEnumeration/FF_976
[       OK ] SmallDomain/SelectorOracleTest.MatchesManualSmallDomainEnumeration/FF_976 (0 ms)
[ RUN      ] SmallDomain/SelectorOracleTest.MatchesManualSmallDomainEnumeration/GF_977
[       OK ] SmallDomain/SelectorOracleTest.MatchesManualSmallDomainEnumeration/GF_977 (0 ms)
[ RUN      ] SmallDomain/SelectorOracleTest.MatchesManualSmallDomainEnumeration/GGSame_978
[       OK ] SmallDomain/SelectorOracleTest.MatchesManualSmallDomainEnumeration/GGSame_978 (0 ms)
[ RUN      ] SmallDomain/SelectorOracleTest.MatchesManualSmallDomainEnumeration/GGMixed_979
[       OK ] SmallDomain/SelectorOracleTest.MatchesManualSmallDomainEnumeration/GGMixed_979 (6 ms)
[ RUN      ] SmallDomain/SelectorOracleTest.MatchesManualSmallDomainEnumeration/FF_980
[       OK ] SmallDomain/SelectorOracleTest.MatchesManualSmallDomainEnumeration/FF_980 (0 ms)
[ RUN      ] SmallDomain/SelectorOracleTest.MatchesManualSmallDomainEnumeration/GF_981
[       OK ] SmallDomain/SelectorOracleTest.MatchesManualSmallDomainEnumeration/GF_981 (0 ms)
[ RUN      ] SmallDomain/SelectorOracleTest.MatchesManualSmallDomainEnumeration/GGSame_982
[       OK ] SmallDomain/SelectorOracleTest.MatchesManualSmallDomainEnumeration/GGSame_982 (0 ms)
[ RUN      ] SmallDomain/SelectorOracleTest.MatchesManualSmallDomainEnumeration/GGMixed_983
[       OK ] SmallDomain/SelectorOracleTest.MatchesManualSmallDomainEnumeration/GGMixed_983 (5 ms)
[ RUN      ] SmallDomain/SelectorOracleTest.MatchesManualSmallDomainEnumeration/FF_984
[       OK ] SmallDomain/SelectorOracleTest.MatchesManualSmallDomainEnumeration/FF_984 (0 ms)
[ RUN      ] SmallDomain/SelectorOracleTest.MatchesManualSmallDomainEnumeration/GF_985
[       OK ] SmallDomain/SelectorOracleTest.MatchesManualSmallDomainEnumeration/GF_985 (0 ms)
[ RUN      ] SmallDomain/SelectorOracleTest.MatchesManualSmallDomainEnumeration/GGSame_986
[       OK ] SmallDomain/SelectorOracleTest.MatchesManualSmallDomainEnumeration/GGSame_986 (0 ms)
[ RUN      ] SmallDomain/SelectorOracleTest.MatchesManualSmallDomainEnumeration/GGMixed_987
[       OK ] SmallDomain/SelectorOracleTest.MatchesManualSmallDomainEnumeration/GGMixed_987 (5 ms)
[ RUN      ] SmallDomain/SelectorOracleTest.MatchesManualSmallDomainEnumeration/FF_988
[       OK ] SmallDomain/SelectorOracleTest.MatchesManualSmallDomainEnumeration/FF_988 (0 ms)
[ RUN      ] SmallDomain/SelectorOracleTest.MatchesManualSmallDomainEnumeration/GF_989
[       OK ] SmallDomain/SelectorOracleTest.MatchesManualSmallDomainEnumeration/GF_989 (0 ms)
[ RUN      ] SmallDomain/SelectorOracleTest.MatchesManualSmallDomainEnumeration/GGSame_990
[       OK ] SmallDomain/SelectorOracleTest.MatchesManualSmallDomainEnumeration/GGSame_990 (0 ms)
[ RUN      ] SmallDomain/SelectorOracleTest.MatchesManualSmallDomainEnumeration/GGMixed_991
[       OK ] SmallDomain/SelectorOracleTest.MatchesManualSmallDomainEnumeration/GGMixed_991 (5 ms)
[ RUN      ] SmallDomain/SelectorOracleTest.MatchesManualSmallDomainEnumeration/FF_992
[       OK ] SmallDomain/SelectorOracleTest.MatchesManualSmallDomainEnumeration/FF_992 (0 ms)
[ RUN      ] SmallDomain/SelectorOracleTest.MatchesManualSmallDomainEnumeration/GF_993
[       OK ] SmallDomain/SelectorOracleTest.MatchesManualSmallDomainEnumeration/GF_993 (0 ms)
[ RUN      ] SmallDomain/SelectorOracleTest.MatchesManualSmallDomainEnumeration/GGSame_994
[       OK ] SmallDomain/SelectorOracleTest.MatchesManualSmallDomainEnumeration/GGSame_994 (0 ms)
[ RUN      ] SmallDomain/SelectorOracleTest.MatchesManualSmallDomainEnumeration/GGMixed_995
[       OK ] SmallDomain/SelectorOracleTest.MatchesManualSmallDomainEnumeration/GGMixed_995 (6 ms)
[ RUN      ] SmallDomain/SelectorOracleTest.MatchesManualSmallDomainEnumeration/FF_996
[       OK ] SmallDomain/SelectorOracleTest.MatchesManualSmallDomainEnumeration/FF_996 (0 ms)
[ RUN      ] SmallDomain/SelectorOracleTest.MatchesManualSmallDomainEnumeration/GF_997
[       OK ] SmallDomain/SelectorOracleTest.MatchesManualSmallDomainEnumeration/GF_997 (0 ms)
[ RUN      ] SmallDomain/SelectorOracleTest.MatchesManualSmallDomainEnumeration/GGSame_998
[       OK ] SmallDomain/SelectorOracleTest.MatchesManualSmallDomainEnumeration/GGSame_998 (0 ms)
[ RUN      ] SmallDomain/SelectorOracleTest.MatchesManualSmallDomainEnumeration/GGMixed_999
[       OK ] SmallDomain/SelectorOracleTest.MatchesManualSmallDomainEnumeration/GGMixed_999 (5 ms)
[ RUN      ] SmallDomain/SelectorOracleTest.MatchesManualSmallDomainEnumeration/FF_1000
[       OK ] SmallDomain/SelectorOracleTest.MatchesManualSmallDomainEnumeration/FF_1000 (0 ms)
[ RUN      ] SmallDomain/SelectorOracleTest.MatchesManualSmallDomainEnumeration/GF_1001
[       OK ] SmallDomain/SelectorOracleTest.MatchesManualSmallDomainEnumeration/GF_1001 (0 ms)
[ RUN      ] SmallDomain/SelectorOracleTest.MatchesManualSmallDomainEnumeration/GGSame_1002
[       OK ] SmallDomain/SelectorOracleTest.MatchesManualSmallDomainEnumeration/GGSame_1002 (0 ms)
[ RUN      ] SmallDomain/SelectorOracleTest.MatchesManualSmallDomainEnumeration/GGMixed_1003
[       OK ] SmallDomain/SelectorOracleTest.MatchesManualSmallDomainEnumeration/GGMixed_1003 (5 ms)
[ RUN      ] SmallDomain/SelectorOracleTest.MatchesManualSmallDomainEnumeration/FF_1004
[       OK ] SmallDomain/SelectorOracleTest.MatchesManualSmallDomainEnumeration/FF_1004 (0 ms)
[ RUN      ] SmallDomain/SelectorOracleTest.MatchesManualSmallDomainEnumeration/GF_1005
[       OK ] SmallDomain/SelectorOracleTest.MatchesManualSmallDomainEnumeration/GF_1005 (0 ms)
[ RUN      ] SmallDomain/SelectorOracleTest.MatchesManualSmallDomainEnumeration/GGSame_1006
[       OK ] SmallDomain/SelectorOracleTest.MatchesManualSmallDomainEnumeration/GGSame_1006 (0 ms)
[ RUN      ] SmallDomain/SelectorOracleTest.MatchesManualSmallDomainEnumeration/GGMixed_1007
[       OK ] SmallDomain/SelectorOracleTest.MatchesManualSmallDomainEnumeration/GGMixed_1007 (4 ms)
[ RUN      ] SmallDomain/SelectorOracleTest.MatchesManualSmallDomainEnumeration/FF_1008
[       OK ] SmallDomain/SelectorOracleTest.MatchesManualSmallDomainEnumeration/FF_1008 (0 ms)
[ RUN      ] SmallDomain/SelectorOracleTest.MatchesManualSmallDomainEnumeration/GF_1009
[       OK ] SmallDomain/SelectorOracleTest.MatchesManualSmallDomainEnumeration/GF_1009 (0 ms)
[ RUN      ] SmallDomain/SelectorOracleTest.MatchesManualSmallDomainEnumeration/GGSame_1010
[       OK ] SmallDomain/SelectorOracleTest.MatchesManualSmallDomainEnumeration/GGSame_1010 (0 ms)
[ RUN      ] SmallDomain/SelectorOracleTest.MatchesManualSmallDomainEnumeration/GGMixed_1011
[       OK ] SmallDomain/SelectorOracleTest.MatchesManualSmallDomainEnumeration/GGMixed_1011 (6 ms)
[ RUN      ] SmallDomain/SelectorOracleTest.MatchesManualSmallDomainEnumeration/FF_1012
[       OK ] SmallDomain/SelectorOracleTest.MatchesManualSmallDomainEnumeration/FF_1012 (0 ms)
[ RUN      ] SmallDomain/SelectorOracleTest.MatchesManualSmallDomainEnumeration/GF_1013
[       OK ] SmallDomain/SelectorOracleTest.MatchesManualSmallDomainEnumeration/GF_1013 (0 ms)
[ RUN      ] SmallDomain/SelectorOracleTest.MatchesManualSmallDomainEnumeration/GGSame_1014
[       OK ] SmallDomain/SelectorOracleTest.MatchesManualSmallDomainEnumeration/GGSame_1014 (0 ms)
[ RUN      ] SmallDomain/SelectorOracleTest.MatchesManualSmallDomainEnumeration/GGMixed_1015
[       OK ] SmallDomain/SelectorOracleTest.MatchesManualSmallDomainEnumeration/GGMixed_1015 (5 ms)
[ RUN      ] SmallDomain/SelectorOracleTest.MatchesManualSmallDomainEnumeration/FF_1016
[       OK ] SmallDomain/SelectorOracleTest.MatchesManualSmallDomainEnumeration/FF_1016 (0 ms)
[ RUN      ] SmallDomain/SelectorOracleTest.MatchesManualSmallDomainEnumeration/GF_1017
[       OK ] SmallDomain/SelectorOracleTest.MatchesManualSmallDomainEnumeration/GF_1017 (0 ms)
[ RUN      ] SmallDomain/SelectorOracleTest.MatchesManualSmallDomainEnumeration/GGSame_1018
[       OK ] SmallDomain/SelectorOracleTest.MatchesManualSmallDomainEnumeration/GGSame_1018 (0 ms)
[ RUN      ] SmallDomain/SelectorOracleTest.MatchesManualSmallDomainEnumeration/GGMixed_1019
[       OK ] SmallDomain/SelectorOracleTest.MatchesManualSmallDomainEnumeration/GGMixed_1019 (6 ms)
[ RUN      ] SmallDomain/SelectorOracleTest.MatchesManualSmallDomainEnumeration/FF_1020
[       OK ] SmallDomain/SelectorOracleTest.MatchesManualSmallDomainEnumeration/FF_1020 (0 ms)
[ RUN      ] SmallDomain/SelectorOracleTest.MatchesManualSmallDomainEnumeration/GF_1021
[       OK ] SmallDomain/SelectorOracleTest.MatchesManualSmallDomainEnumeration/GF_1021 (0 ms)
[ RUN      ] SmallDomain/SelectorOracleTest.MatchesManualSmallDomainEnumeration/GGSame_1022
[       OK ] SmallDomain/SelectorOracleTest.MatchesManualSmallDomainEnumeration/GGSame_1022 (0 ms)
[ RUN      ] SmallDomain/SelectorOracleTest.MatchesManualSmallDomainEnumeration/GGMixed_1023
[       OK ] SmallDomain/SelectorOracleTest.MatchesManualSmallDomainEnumeration/GGMixed_1023 (5 ms)
[ RUN      ] SmallDomain/SelectorOracleTest.MatchesManualSmallDomainEnumeration/FF_1024
[       OK ] SmallDomain/SelectorOracleTest.MatchesManualSmallDomainEnumeration/FF_1024 (0 ms)
[ RUN      ] SmallDomain/SelectorOracleTest.MatchesManualSmallDomainEnumeration/GF_1025
[       OK ] SmallDomain/SelectorOracleTest.MatchesManualSmallDomainEnumeration/GF_1025 (0 ms)
[ RUN      ] SmallDomain/SelectorOracleTest.MatchesManualSmallDomainEnumeration/GGSame_1026
[       OK ] SmallDomain/SelectorOracleTest.MatchesManualSmallDomainEnumeration/GGSame_1026 (0 ms)
[ RUN      ] SmallDomain/SelectorOracleTest.MatchesManualSmallDomainEnumeration/GGMixed_1027
[       OK ] SmallDomain/SelectorOracleTest.MatchesManualSmallDomainEnumeration/GGMixed_1027 (6 ms)
[ RUN      ] SmallDomain/SelectorOracleTest.MatchesManualSmallDomainEnumeration/FF_1028
[       OK ] SmallDomain/SelectorOracleTest.MatchesManualSmallDomainEnumeration/FF_1028 (0 ms)
[ RUN      ] SmallDomain/SelectorOracleTest.MatchesManualSmallDomainEnumeration/GF_1029
[       OK ] SmallDomain/SelectorOracleTest.MatchesManualSmallDomainEnumeration/GF_1029 (0 ms)
[ RUN      ] SmallDomain/SelectorOracleTest.MatchesManualSmallDomainEnumeration/GGSame_1030
[       OK ] SmallDomain/SelectorOracleTest.MatchesManualSmallDomainEnumeration/GGSame_1030 (0 ms)
[ RUN      ] SmallDomain/SelectorOracleTest.MatchesManualSmallDomainEnumeration/GGMixed_1031
[       OK ] SmallDomain/SelectorOracleTest.MatchesManualSmallDomainEnumeration/GGMixed_1031 (5 ms)
[ RUN      ] SmallDomain/SelectorOracleTest.MatchesManualSmallDomainEnumeration/FF_1032
[       OK ] SmallDomain/SelectorOracleTest.MatchesManualSmallDomainEnumeration/FF_1032 (0 ms)
[ RUN      ] SmallDomain/SelectorOracleTest.MatchesManualSmallDomainEnumeration/GF_1033
[       OK ] SmallDomain/SelectorOracleTest.MatchesManualSmallDomainEnumeration/GF_1033 (0 ms)
[ RUN      ] SmallDomain/SelectorOracleTest.MatchesManualSmallDomainEnumeration/GGSame_1034
[       OK ] SmallDomain/SelectorOracleTest.MatchesManualSmallDomainEnumeration/GGSame_1034 (0 ms)
[ RUN      ] SmallDomain/SelectorOracleTest.MatchesManualSmallDomainEnumeration/GGMixed_1035
[       OK ] SmallDomain/SelectorOracleTest.MatchesManualSmallDomainEnumeration/GGMixed_1035 (5 ms)
[ RUN      ] SmallDomain/SelectorOracleTest.MatchesManualSmallDomainEnumeration/FF_1036
[       OK ] SmallDomain/SelectorOracleTest.MatchesManualSmallDomainEnumeration/FF_1036 (0 ms)
[ RUN      ] SmallDomain/SelectorOracleTest.MatchesManualSmallDomainEnumeration/GF_1037
[       OK ] SmallDomain/SelectorOracleTest.MatchesManualSmallDomainEnumeration/GF_1037 (0 ms)
[ RUN      ] SmallDomain/SelectorOracleTest.MatchesManualSmallDomainEnumeration/GGSame_1038
[       OK ] SmallDomain/SelectorOracleTest.MatchesManualSmallDomainEnumeration/GGSame_1038 (0 ms)
[ RUN      ] SmallDomain/SelectorOracleTest.MatchesManualSmallDomainEnumeration/GGMixed_1039
[       OK ] SmallDomain/SelectorOracleTest.MatchesManualSmallDomainEnumeration/GGMixed_1039 (5 ms)
[ RUN      ] SmallDomain/SelectorOracleTest.MatchesManualSmallDomainEnumeration/FF_1040
[       OK ] SmallDomain/SelectorOracleTest.MatchesManualSmallDomainEnumeration/FF_1040 (0 ms)
[ RUN      ] SmallDomain/SelectorOracleTest.MatchesManualSmallDomainEnumeration/GF_1041
[       OK ] SmallDomain/SelectorOracleTest.MatchesManualSmallDomainEnumeration/GF_1041 (0 ms)
[ RUN      ] SmallDomain/SelectorOracleTest.MatchesManualSmallDomainEnumeration/GGSame_1042
[       OK ] SmallDomain/SelectorOracleTest.MatchesManualSmallDomainEnumeration/GGSame_1042 (0 ms)
[ RUN      ] SmallDomain/SelectorOracleTest.MatchesManualSmallDomainEnumeration/GGMixed_1043
[       OK ] SmallDomain/SelectorOracleTest.MatchesManualSmallDomainEnumeration/GGMixed_1043 (6 ms)
[ RUN      ] SmallDomain/SelectorOracleTest.MatchesManualSmallDomainEnumeration/FF_1044
[       OK ] SmallDomain/SelectorOracleTest.MatchesManualSmallDomainEnumeration/FF_1044 (0 ms)
[ RUN      ] SmallDomain/SelectorOracleTest.MatchesManualSmallDomainEnumeration/GF_1045
[       OK ] SmallDomain/SelectorOracleTest.MatchesManualSmallDomainEnumeration/GF_1045 (0 ms)
[ RUN      ] SmallDomain/SelectorOracleTest.MatchesManualSmallDomainEnumeration/GGSame_1046
[       OK ] SmallDomain/SelectorOracleTest.MatchesManualSmallDomainEnumeration/GGSame_1046 (0 ms)
[ RUN      ] SmallDomain/SelectorOracleTest.MatchesManualSmallDomainEnumeration/GGMixed_1047
[       OK ] SmallDomain/SelectorOracleTest.MatchesManualSmallDomainEnumeration/GGMixed_1047 (5 ms)
[ RUN      ] SmallDomain/SelectorOracleTest.MatchesManualSmallDomainEnumeration/FF_1048
[       OK ] SmallDomain/SelectorOracleTest.MatchesManualSmallDomainEnumeration/FF_1048 (0 ms)
[ RUN      ] SmallDomain/SelectorOracleTest.MatchesManualSmallDomainEnumeration/GF_1049
[       OK ] SmallDomain/SelectorOracleTest.MatchesManualSmallDomainEnumeration/GF_1049 (0 ms)
[ RUN      ] SmallDomain/SelectorOracleTest.MatchesManualSmallDomainEnumeration/GGSame_1050
[       OK ] SmallDomain/SelectorOracleTest.MatchesManualSmallDomainEnumeration/GGSame_1050 (0 ms)
[ RUN      ] SmallDomain/SelectorOracleTest.MatchesManualSmallDomainEnumeration/GGMixed_1051
[       OK ] SmallDomain/SelectorOracleTest.MatchesManualSmallDomainEnumeration/GGMixed_1051 (6 ms)
[ RUN      ] SmallDomain/SelectorOracleTest.MatchesManualSmallDomainEnumeration/FF_1052
[       OK ] SmallDomain/SelectorOracleTest.MatchesManualSmallDomainEnumeration/FF_1052 (0 ms)
[ RUN      ] SmallDomain/SelectorOracleTest.MatchesManualSmallDomainEnumeration/GF_1053
[       OK ] SmallDomain/SelectorOracleTest.MatchesManualSmallDomainEnumeration/GF_1053 (0 ms)
[ RUN      ] SmallDomain/SelectorOracleTest.MatchesManualSmallDomainEnumeration/GGSame_1054
[       OK ] SmallDomain/SelectorOracleTest.MatchesManualSmallDomainEnumeration/GGSame_1054 (0 ms)
[ RUN      ] SmallDomain/SelectorOracleTest.MatchesManualSmallDomainEnumeration/GGMixed_1055
[       OK ] SmallDomain/SelectorOracleTest.MatchesManualSmallDomainEnumeration/GGMixed_1055 (4 ms)
[ RUN      ] SmallDomain/SelectorOracleTest.MatchesManualSmallDomainEnumeration/FF_1056
[       OK ] SmallDomain/SelectorOracleTest.MatchesManualSmallDomainEnumeration/FF_1056 (0 ms)
[ RUN      ] SmallDomain/SelectorOracleTest.MatchesManualSmallDomainEnumeration/GF_1057
[       OK ] SmallDomain/SelectorOracleTest.MatchesManualSmallDomainEnumeration/GF_1057 (0 ms)
[ RUN      ] SmallDomain/SelectorOracleTest.MatchesManualSmallDomainEnumeration/GGSame_1058
[       OK ] SmallDomain/SelectorOracleTest.MatchesManualSmallDomainEnumeration/GGSame_1058 (0 ms)
[ RUN      ] SmallDomain/SelectorOracleTest.MatchesManualSmallDomainEnumeration/GGMixed_1059
[       OK ] SmallDomain/SelectorOracleTest.MatchesManualSmallDomainEnumeration/GGMixed_1059 (6 ms)
[ RUN      ] SmallDomain/SelectorOracleTest.MatchesManualSmallDomainEnumeration/FF_1060
[       OK ] SmallDomain/SelectorOracleTest.MatchesManualSmallDomainEnumeration/FF_1060 (0 ms)
[ RUN      ] SmallDomain/SelectorOracleTest.MatchesManualSmallDomainEnumeration/GF_1061
[       OK ] SmallDomain/SelectorOracleTest.MatchesManualSmallDomainEnumeration/GF_1061 (0 ms)
[ RUN      ] SmallDomain/SelectorOracleTest.MatchesManualSmallDomainEnumeration/GGSame_1062
[       OK ] SmallDomain/SelectorOracleTest.MatchesManualSmallDomainEnumeration/GGSame_1062 (0 ms)
[ RUN      ] SmallDomain/SelectorOracleTest.MatchesManualSmallDomainEnumeration/GGMixed_1063
[       OK ] SmallDomain/SelectorOracleTest.MatchesManualSmallDomainEnumeration/GGMixed_1063 (5 ms)
[ RUN      ] SmallDomain/SelectorOracleTest.MatchesManualSmallDomainEnumeration/FF_1064
[       OK ] SmallDomain/SelectorOracleTest.MatchesManualSmallDomainEnumeration/FF_1064 (0 ms)
[ RUN      ] SmallDomain/SelectorOracleTest.MatchesManualSmallDomainEnumeration/GF_1065
[       OK ] SmallDomain/SelectorOracleTest.MatchesManualSmallDomainEnumeration/GF_1065 (0 ms)
[ RUN      ] SmallDomain/SelectorOracleTest.MatchesManualSmallDomainEnumeration/GGSame_1066
[       OK ] SmallDomain/SelectorOracleTest.MatchesManualSmallDomainEnumeration/GGSame_1066 (0 ms)
[ RUN      ] SmallDomain/SelectorOracleTest.MatchesManualSmallDomainEnumeration/GGMixed_1067
[       OK ] SmallDomain/SelectorOracleTest.MatchesManualSmallDomainEnumeration/GGMixed_1067 (5 ms)
[ RUN      ] SmallDomain/SelectorOracleTest.MatchesManualSmallDomainEnumeration/FF_1068
[       OK ] SmallDomain/SelectorOracleTest.MatchesManualSmallDomainEnumeration/FF_1068 (0 ms)
[ RUN      ] SmallDomain/SelectorOracleTest.MatchesManualSmallDomainEnumeration/GF_1069
[       OK ] SmallDomain/SelectorOracleTest.MatchesManualSmallDomainEnumeration/GF_1069 (0 ms)
[ RUN      ] SmallDomain/SelectorOracleTest.MatchesManualSmallDomainEnumeration/GGSame_1070
[       OK ] SmallDomain/SelectorOracleTest.MatchesManualSmallDomainEnumeration/GGSame_1070 (0 ms)
[ RUN      ] SmallDomain/SelectorOracleTest.MatchesManualSmallDomainEnumeration/GGMixed_1071
[       OK ] SmallDomain/SelectorOracleTest.MatchesManualSmallDomainEnumeration/GGMixed_1071 (5 ms)
[ RUN      ] SmallDomain/SelectorOracleTest.MatchesManualSmallDomainEnumeration/FF_1072
[       OK ] SmallDomain/SelectorOracleTest.MatchesManualSmallDomainEnumeration/FF_1072 (0 ms)
[ RUN      ] SmallDomain/SelectorOracleTest.MatchesManualSmallDomainEnumeration/GF_1073
[       OK ] SmallDomain/SelectorOracleTest.MatchesManualSmallDomainEnumeration/GF_1073 (0 ms)
[ RUN      ] SmallDomain/SelectorOracleTest.MatchesManualSmallDomainEnumeration/GGSame_1074
[       OK ] SmallDomain/SelectorOracleTest.MatchesManualSmallDomainEnumeration/GGSame_1074 (0 ms)
[ RUN      ] SmallDomain/SelectorOracleTest.MatchesManualSmallDomainEnumeration/GGMixed_1075
[       OK ] SmallDomain/SelectorOracleTest.MatchesManualSmallDomainEnumeration/GGMixed_1075 (6 ms)
[ RUN      ] SmallDomain/SelectorOracleTest.MatchesManualSmallDomainEnumeration/FF_1076
[       OK ] SmallDomain/SelectorOracleTest.MatchesManualSmallDomainEnumeration/FF_1076 (0 ms)
[ RUN      ] SmallDomain/SelectorOracleTest.MatchesManualSmallDomainEnumeration/GF_1077
[       OK ] SmallDomain/SelectorOracleTest.MatchesManualSmallDomainEnumeration/GF_1077 (0 ms)
[ RUN      ] SmallDomain/SelectorOracleTest.MatchesManualSmallDomainEnumeration/GGSame_1078
[       OK ] SmallDomain/SelectorOracleTest.MatchesManualSmallDomainEnumeration/GGSame_1078 (0 ms)
[ RUN      ] SmallDomain/SelectorOracleTest.MatchesManualSmallDomainEnumeration/GGMixed_1079
[       OK ] SmallDomain/SelectorOracleTest.MatchesManualSmallDomainEnumeration/GGMixed_1079 (5 ms)
[ RUN      ] SmallDomain/SelectorOracleTest.MatchesManualSmallDomainEnumeration/FF_1080
[       OK ] SmallDomain/SelectorOracleTest.MatchesManualSmallDomainEnumeration/FF_1080 (0 ms)
[ RUN      ] SmallDomain/SelectorOracleTest.MatchesManualSmallDomainEnumeration/GF_1081
[       OK ] SmallDomain/SelectorOracleTest.MatchesManualSmallDomainEnumeration/GF_1081 (0 ms)
[ RUN      ] SmallDomain/SelectorOracleTest.MatchesManualSmallDomainEnumeration/GGSame_1082
[       OK ] SmallDomain/SelectorOracleTest.MatchesManualSmallDomainEnumeration/GGSame_1082 (0 ms)
[ RUN      ] SmallDomain/SelectorOracleTest.MatchesManualSmallDomainEnumeration/GGMixed_1083
[       OK ] SmallDomain/SelectorOracleTest.MatchesManualSmallDomainEnumeration/GGMixed_1083 (6 ms)
[ RUN      ] SmallDomain/SelectorOracleTest.MatchesManualSmallDomainEnumeration/FF_1084
[       OK ] SmallDomain/SelectorOracleTest.MatchesManualSmallDomainEnumeration/FF_1084 (0 ms)
[ RUN      ] SmallDomain/SelectorOracleTest.MatchesManualSmallDomainEnumeration/GF_1085
[       OK ] SmallDomain/SelectorOracleTest.MatchesManualSmallDomainEnumeration/GF_1085 (0 ms)
[ RUN      ] SmallDomain/SelectorOracleTest.MatchesManualSmallDomainEnumeration/GGSame_1086
[       OK ] SmallDomain/SelectorOracleTest.MatchesManualSmallDomainEnumeration/GGSame_1086 (0 ms)
[ RUN      ] SmallDomain/SelectorOracleTest.MatchesManualSmallDomainEnumeration/GGMixed_1087
[       OK ] SmallDomain/SelectorOracleTest.MatchesManualSmallDomainEnumeration/GGMixed_1087 (5 ms)
[ RUN      ] SmallDomain/SelectorOracleTest.MatchesManualSmallDomainEnumeration/FF_1088
[       OK ] SmallDomain/SelectorOracleTest.MatchesManualSmallDomainEnumeration/FF_1088 (0 ms)
[ RUN      ] SmallDomain/SelectorOracleTest.MatchesManualSmallDomainEnumeration/GF_1089
[       OK ] SmallDomain/SelectorOracleTest.MatchesManualSmallDomainEnumeration/GF_1089 (0 ms)
[ RUN      ] SmallDomain/SelectorOracleTest.MatchesManualSmallDomainEnumeration/GGSame_1090
[       OK ] SmallDomain/SelectorOracleTest.MatchesManualSmallDomainEnumeration/GGSame_1090 (0 ms)
[ RUN      ] SmallDomain/SelectorOracleTest.MatchesManualSmallDomainEnumeration/GGMixed_1091
[       OK ] SmallDomain/SelectorOracleTest.MatchesManualSmallDomainEnumeration/GGMixed_1091 (6 ms)
[ RUN      ] SmallDomain/SelectorOracleTest.MatchesManualSmallDomainEnumeration/FF_1092
[       OK ] SmallDomain/SelectorOracleTest.MatchesManualSmallDomainEnumeration/FF_1092 (0 ms)
[ RUN      ] SmallDomain/SelectorOracleTest.MatchesManualSmallDomainEnumeration/GF_1093
[       OK ] SmallDomain/SelectorOracleTest.MatchesManualSmallDomainEnumeration/GF_1093 (0 ms)
[ RUN      ] SmallDomain/SelectorOracleTest.MatchesManualSmallDomainEnumeration/GGSame_1094
[       OK ] SmallDomain/SelectorOracleTest.MatchesManualSmallDomainEnumeration/GGSame_1094 (0 ms)
[ RUN      ] SmallDomain/SelectorOracleTest.MatchesManualSmallDomainEnumeration/GGMixed_1095
[       OK ] SmallDomain/SelectorOracleTest.MatchesManualSmallDomainEnumeration/GGMixed_1095 (5 ms)
[ RUN      ] SmallDomain/SelectorOracleTest.MatchesManualSmallDomainEnumeration/FF_1096
[       OK ] SmallDomain/SelectorOracleTest.MatchesManualSmallDomainEnumeration/FF_1096 (0 ms)
[ RUN      ] SmallDomain/SelectorOracleTest.MatchesManualSmallDomainEnumeration/GF_1097
[       OK ] SmallDomain/SelectorOracleTest.MatchesManualSmallDomainEnumeration/GF_1097 (0 ms)
[ RUN      ] SmallDomain/SelectorOracleTest.MatchesManualSmallDomainEnumeration/GGSame_1098
[       OK ] SmallDomain/SelectorOracleTest.MatchesManualSmallDomainEnumeration/GGSame_1098 (0 ms)
[ RUN      ] SmallDomain/SelectorOracleTest.MatchesManualSmallDomainEnumeration/GGMixed_1099
[       OK ] SmallDomain/SelectorOracleTest.MatchesManualSmallDomainEnumeration/GGMixed_1099 (6 ms)
[ RUN      ] SmallDomain/SelectorOracleTest.MatchesManualSmallDomainEnumeration/FF_1100
[       OK ] SmallDomain/SelectorOracleTest.MatchesManualSmallDomainEnumeration/FF_1100 (0 ms)
[ RUN      ] SmallDomain/SelectorOracleTest.MatchesManualSmallDomainEnumeration/GF_1101
[       OK ] SmallDomain/SelectorOracleTest.MatchesManualSmallDomainEnumeration/GF_1101 (0 ms)
[ RUN      ] SmallDomain/SelectorOracleTest.MatchesManualSmallDomainEnumeration/GGSame_1102
[       OK ] SmallDomain/SelectorOracleTest.MatchesManualSmallDomainEnumeration/GGSame_1102 (0 ms)
[ RUN      ] SmallDomain/SelectorOracleTest.MatchesManualSmallDomainEnumeration/GGMixed_1103
[       OK ] SmallDomain/SelectorOracleTest.MatchesManualSmallDomainEnumeration/GGMixed_1103 (4 ms)
[ RUN      ] SmallDomain/SelectorOracleTest.MatchesManualSmallDomainEnumeration/FF_1104
[       OK ] SmallDomain/SelectorOracleTest.MatchesManualSmallDomainEnumeration/FF_1104 (0 ms)
[ RUN      ] SmallDomain/SelectorOracleTest.MatchesManualSmallDomainEnumeration/GF_1105
[       OK ] SmallDomain/SelectorOracleTest.MatchesManualSmallDomainEnumeration/GF_1105 (0 ms)
[ RUN      ] SmallDomain/SelectorOracleTest.MatchesManualSmallDomainEnumeration/GGSame_1106
[       OK ] SmallDomain/SelectorOracleTest.MatchesManualSmallDomainEnumeration/GGSame_1106 (0 ms)
[ RUN      ] SmallDomain/SelectorOracleTest.MatchesManualSmallDomainEnumeration/GGMixed_1107
[       OK ] SmallDomain/SelectorOracleTest.MatchesManualSmallDomainEnumeration/GGMixed_1107 (6 ms)
[ RUN      ] SmallDomain/SelectorOracleTest.MatchesManualSmallDomainEnumeration/FF_1108
[       OK ] SmallDomain/SelectorOracleTest.MatchesManualSmallDomainEnumeration/FF_1108 (0 ms)
[ RUN      ] SmallDomain/SelectorOracleTest.MatchesManualSmallDomainEnumeration/GF_1109
[       OK ] SmallDomain/SelectorOracleTest.MatchesManualSmallDomainEnumeration/GF_1109 (0 ms)
[ RUN      ] SmallDomain/SelectorOracleTest.MatchesManualSmallDomainEnumeration/GGSame_1110
[       OK ] SmallDomain/SelectorOracleTest.MatchesManualSmallDomainEnumeration/GGSame_1110 (0 ms)
[ RUN      ] SmallDomain/SelectorOracleTest.MatchesManualSmallDomainEnumeration/GGMixed_1111
[       OK ] SmallDomain/SelectorOracleTest.MatchesManualSmallDomainEnumeration/GGMixed_1111 (5 ms)
[ RUN      ] SmallDomain/SelectorOracleTest.MatchesManualSmallDomainEnumeration/FF_1112
[       OK ] SmallDomain/SelectorOracleTest.MatchesManualSmallDomainEnumeration/FF_1112 (0 ms)
[ RUN      ] SmallDomain/SelectorOracleTest.MatchesManualSmallDomainEnumeration/GF_1113
[       OK ] SmallDomain/SelectorOracleTest.MatchesManualSmallDomainEnumeration/GF_1113 (0 ms)
[ RUN      ] SmallDomain/SelectorOracleTest.MatchesManualSmallDomainEnumeration/GGSame_1114
[       OK ] SmallDomain/SelectorOracleTest.MatchesManualSmallDomainEnumeration/GGSame_1114 (0 ms)
[ RUN      ] SmallDomain/SelectorOracleTest.MatchesManualSmallDomainEnumeration/GGMixed_1115
[       OK ] SmallDomain/SelectorOracleTest.MatchesManualSmallDomainEnumeration/GGMixed_1115 (6 ms)
[ RUN      ] SmallDomain/SelectorOracleTest.MatchesManualSmallDomainEnumeration/FF_1116
[       OK ] SmallDomain/SelectorOracleTest.MatchesManualSmallDomainEnumeration/FF_1116 (0 ms)
[ RUN      ] SmallDomain/SelectorOracleTest.MatchesManualSmallDomainEnumeration/GF_1117
[       OK ] SmallDomain/SelectorOracleTest.MatchesManualSmallDomainEnumeration/GF_1117 (0 ms)
[ RUN      ] SmallDomain/SelectorOracleTest.MatchesManualSmallDomainEnumeration/GGSame_1118
[       OK ] SmallDomain/SelectorOracleTest.MatchesManualSmallDomainEnumeration/GGSame_1118 (0 ms)
[ RUN      ] SmallDomain/SelectorOracleTest.MatchesManualSmallDomainEnumeration/GGMixed_1119
[       OK ] SmallDomain/SelectorOracleTest.MatchesManualSmallDomainEnumeration/GGMixed_1119 (5 ms)
[ RUN      ] SmallDomain/SelectorOracleTest.MatchesManualSmallDomainEnumeration/FF_1120
[       OK ] SmallDomain/SelectorOracleTest.MatchesManualSmallDomainEnumeration/FF_1120 (0 ms)
[ RUN      ] SmallDomain/SelectorOracleTest.MatchesManualSmallDomainEnumeration/GF_1121
[       OK ] SmallDomain/SelectorOracleTest.MatchesManualSmallDomainEnumeration/GF_1121 (0 ms)
[ RUN      ] SmallDomain/SelectorOracleTest.MatchesManualSmallDomainEnumeration/GGSame_1122
[       OK ] SmallDomain/SelectorOracleTest.MatchesManualSmallDomainEnumeration/GGSame_1122 (0 ms)
[ RUN      ] SmallDomain/SelectorOracleTest.MatchesManualSmallDomainEnumeration/GGMixed_1123
[       OK ] SmallDomain/SelectorOracleTest.MatchesManualSmallDomainEnumeration/GGMixed_1123 (6 ms)
[ RUN      ] SmallDomain/SelectorOracleTest.MatchesManualSmallDomainEnumeration/FF_1124
[       OK ] SmallDomain/SelectorOracleTest.MatchesManualSmallDomainEnumeration/FF_1124 (0 ms)
[ RUN      ] SmallDomain/SelectorOracleTest.MatchesManualSmallDomainEnumeration/GF_1125
[       OK ] SmallDomain/SelectorOracleTest.MatchesManualSmallDomainEnumeration/GF_1125 (0 ms)
[ RUN      ] SmallDomain/SelectorOracleTest.MatchesManualSmallDomainEnumeration/GGSame_1126
[       OK ] SmallDomain/SelectorOracleTest.MatchesManualSmallDomainEnumeration/GGSame_1126 (0 ms)
[ RUN      ] SmallDomain/SelectorOracleTest.MatchesManualSmallDomainEnumeration/GGMixed_1127
[       OK ] SmallDomain/SelectorOracleTest.MatchesManualSmallDomainEnumeration/GGMixed_1127 (5 ms)
[ RUN      ] SmallDomain/SelectorOracleTest.MatchesManualSmallDomainEnumeration/FF_1128
[       OK ] SmallDomain/SelectorOracleTest.MatchesManualSmallDomainEnumeration/FF_1128 (0 ms)
[ RUN      ] SmallDomain/SelectorOracleTest.MatchesManualSmallDomainEnumeration/GF_1129
[       OK ] SmallDomain/SelectorOracleTest.MatchesManualSmallDomainEnumeration/GF_1129 (0 ms)
[ RUN      ] SmallDomain/SelectorOracleTest.MatchesManualSmallDomainEnumeration/GGSame_1130
[       OK ] SmallDomain/SelectorOracleTest.MatchesManualSmallDomainEnumeration/GGSame_1130 (0 ms)
[ RUN      ] SmallDomain/SelectorOracleTest.MatchesManualSmallDomainEnumeration/GGMixed_1131
[       OK ] SmallDomain/SelectorOracleTest.MatchesManualSmallDomainEnumeration/GGMixed_1131 (6 ms)
[ RUN      ] SmallDomain/SelectorOracleTest.MatchesManualSmallDomainEnumeration/FF_1132
[       OK ] SmallDomain/SelectorOracleTest.MatchesManualSmallDomainEnumeration/FF_1132 (0 ms)
[ RUN      ] SmallDomain/SelectorOracleTest.MatchesManualSmallDomainEnumeration/GF_1133
[       OK ] SmallDomain/SelectorOracleTest.MatchesManualSmallDomainEnumeration/GF_1133 (0 ms)
[ RUN      ] SmallDomain/SelectorOracleTest.MatchesManualSmallDomainEnumeration/GGSame_1134
[       OK ] SmallDomain/SelectorOracleTest.MatchesManualSmallDomainEnumeration/GGSame_1134 (0 ms)
[ RUN      ] SmallDomain/SelectorOracleTest.MatchesManualSmallDomainEnumeration/GGMixed_1135
[       OK ] SmallDomain/SelectorOracleTest.MatchesManualSmallDomainEnumeration/GGMixed_1135 (5 ms)
[ RUN      ] SmallDomain/SelectorOracleTest.MatchesManualSmallDomainEnumeration/FF_1136
[       OK ] SmallDomain/SelectorOracleTest.MatchesManualSmallDomainEnumeration/FF_1136 (0 ms)
[ RUN      ] SmallDomain/SelectorOracleTest.MatchesManualSmallDomainEnumeration/GF_1137
[       OK ] SmallDomain/SelectorOracleTest.MatchesManualSmallDomainEnumeration/GF_1137 (0 ms)
[ RUN      ] SmallDomain/SelectorOracleTest.MatchesManualSmallDomainEnumeration/GGSame_1138
[       OK ] SmallDomain/SelectorOracleTest.MatchesManualSmallDomainEnumeration/GGSame_1138 (0 ms)
[ RUN      ] SmallDomain/SelectorOracleTest.MatchesManualSmallDomainEnumeration/GGMixed_1139
[       OK ] SmallDomain/SelectorOracleTest.MatchesManualSmallDomainEnumeration/GGMixed_1139 (6 ms)
[ RUN      ] SmallDomain/SelectorOracleTest.MatchesManualSmallDomainEnumeration/FF_1140
[       OK ] SmallDomain/SelectorOracleTest.MatchesManualSmallDomainEnumeration/FF_1140 (0 ms)
[ RUN      ] SmallDomain/SelectorOracleTest.MatchesManualSmallDomainEnumeration/GF_1141
[       OK ] SmallDomain/SelectorOracleTest.MatchesManualSmallDomainEnumeration/GF_1141 (0 ms)
[ RUN      ] SmallDomain/SelectorOracleTest.MatchesManualSmallDomainEnumeration/GGSame_1142
[       OK ] SmallDomain/SelectorOracleTest.MatchesManualSmallDomainEnumeration/GGSame_1142 (0 ms)
[ RUN      ] SmallDomain/SelectorOracleTest.MatchesManualSmallDomainEnumeration/GGMixed_1143
[       OK ] SmallDomain/SelectorOracleTest.MatchesManualSmallDomainEnumeration/GGMixed_1143 (5 ms)
[ RUN      ] SmallDomain/SelectorOracleTest.MatchesManualSmallDomainEnumeration/FF_1144
[       OK ] SmallDomain/SelectorOracleTest.MatchesManualSmallDomainEnumeration/FF_1144 (0 ms)
[ RUN      ] SmallDomain/SelectorOracleTest.MatchesManualSmallDomainEnumeration/GF_1145
[       OK ] SmallDomain/SelectorOracleTest.MatchesManualSmallDomainEnumeration/GF_1145 (0 ms)
[ RUN      ] SmallDomain/SelectorOracleTest.MatchesManualSmallDomainEnumeration/GGSame_1146
[       OK ] SmallDomain/SelectorOracleTest.MatchesManualSmallDomainEnumeration/GGSame_1146 (0 ms)
[ RUN      ] SmallDomain/SelectorOracleTest.MatchesManualSmallDomainEnumeration/GGMixed_1147
[       OK ] SmallDomain/SelectorOracleTest.MatchesManualSmallDomainEnumeration/GGMixed_1147 (5 ms)
[ RUN      ] SmallDomain/SelectorOracleTest.MatchesManualSmallDomainEnumeration/FF_1148
[       OK ] SmallDomain/SelectorOracleTest.MatchesManualSmallDomainEnumeration/FF_1148 (0 ms)
[ RUN      ] SmallDomain/SelectorOracleTest.MatchesManualSmallDomainEnumeration/GF_1149
[       OK ] SmallDomain/SelectorOracleTest.MatchesManualSmallDomainEnumeration/GF_1149 (0 ms)
[ RUN      ] SmallDomain/SelectorOracleTest.MatchesManualSmallDomainEnumeration/GGSame_1150
[       OK ] SmallDomain/SelectorOracleTest.MatchesManualSmallDomainEnumeration/GGSame_1150 (0 ms)
[ RUN      ] SmallDomain/SelectorOracleTest.MatchesManualSmallDomainEnumeration/GGMixed_1151
[       OK ] SmallDomain/SelectorOracleTest.MatchesManualSmallDomainEnumeration/GGMixed_1151 (4 ms)
[ RUN      ] SmallDomain/SelectorOracleTest.MatchesManualSmallDomainEnumeration/FF_1152
[       OK ] SmallDomain/SelectorOracleTest.MatchesManualSmallDomainEnumeration/FF_1152 (0 ms)
[ RUN      ] SmallDomain/SelectorOracleTest.MatchesManualSmallDomainEnumeration/GF_1153
[       OK ] SmallDomain/SelectorOracleTest.MatchesManualSmallDomainEnumeration/GF_1153 (0 ms)
[ RUN      ] SmallDomain/SelectorOracleTest.MatchesManualSmallDomainEnumeration/GGSame_1154
[       OK ] SmallDomain/SelectorOracleTest.MatchesManualSmallDomainEnumeration/GGSame_1154 (0 ms)
[ RUN      ] SmallDomain/SelectorOracleTest.MatchesManualSmallDomainEnumeration/GGMixed_1155
[       OK ] SmallDomain/SelectorOracleTest.MatchesManualSmallDomainEnumeration/GGMixed_1155 (6 ms)
[ RUN      ] SmallDomain/SelectorOracleTest.MatchesManualSmallDomainEnumeration/FF_1156
[       OK ] SmallDomain/SelectorOracleTest.MatchesManualSmallDomainEnumeration/FF_1156 (0 ms)
[ RUN      ] SmallDomain/SelectorOracleTest.MatchesManualSmallDomainEnumeration/GF_1157
[       OK ] SmallDomain/SelectorOracleTest.MatchesManualSmallDomainEnumeration/GF_1157 (0 ms)
[ RUN      ] SmallDomain/SelectorOracleTest.MatchesManualSmallDomainEnumeration/GGSame_1158
[       OK ] SmallDomain/SelectorOracleTest.MatchesManualSmallDomainEnumeration/GGSame_1158 (0 ms)
[ RUN      ] SmallDomain/SelectorOracleTest.MatchesManualSmallDomainEnumeration/GGMixed_1159
[       OK ] SmallDomain/SelectorOracleTest.MatchesManualSmallDomainEnumeration/GGMixed_1159 (5 ms)
[ RUN      ] SmallDomain/SelectorOracleTest.MatchesManualSmallDomainEnumeration/FF_1160
[       OK ] SmallDomain/SelectorOracleTest.MatchesManualSmallDomainEnumeration/FF_1160 (0 ms)
[ RUN      ] SmallDomain/SelectorOracleTest.MatchesManualSmallDomainEnumeration/GF_1161
[       OK ] SmallDomain/SelectorOracleTest.MatchesManualSmallDomainEnumeration/GF_1161 (0 ms)
[ RUN      ] SmallDomain/SelectorOracleTest.MatchesManualSmallDomainEnumeration/GGSame_1162
[       OK ] SmallDomain/SelectorOracleTest.MatchesManualSmallDomainEnumeration/GGSame_1162 (0 ms)
[ RUN      ] SmallDomain/SelectorOracleTest.MatchesManualSmallDomainEnumeration/GGMixed_1163
[       OK ] SmallDomain/SelectorOracleTest.MatchesManualSmallDomainEnumeration/GGMixed_1163 (6 ms)
[ RUN      ] SmallDomain/SelectorOracleTest.MatchesManualSmallDomainEnumeration/FF_1164
[       OK ] SmallDomain/SelectorOracleTest.MatchesManualSmallDomainEnumeration/FF_1164 (0 ms)
[ RUN      ] SmallDomain/SelectorOracleTest.MatchesManualSmallDomainEnumeration/GF_1165
[       OK ] SmallDomain/SelectorOracleTest.MatchesManualSmallDomainEnumeration/GF_1165 (0 ms)
[ RUN      ] SmallDomain/SelectorOracleTest.MatchesManualSmallDomainEnumeration/GGSame_1166
[       OK ] SmallDomain/SelectorOracleTest.MatchesManualSmallDomainEnumeration/GGSame_1166 (0 ms)
[ RUN      ] SmallDomain/SelectorOracleTest.MatchesManualSmallDomainEnumeration/GGMixed_1167
[       OK ] SmallDomain/SelectorOracleTest.MatchesManualSmallDomainEnumeration/GGMixed_1167 (5 ms)
[ RUN      ] SmallDomain/SelectorOracleTest.MatchesManualSmallDomainEnumeration/FF_1168
[       OK ] SmallDomain/SelectorOracleTest.MatchesManualSmallDomainEnumeration/FF_1168 (0 ms)
[ RUN      ] SmallDomain/SelectorOracleTest.MatchesManualSmallDomainEnumeration/GF_1169
[       OK ] SmallDomain/SelectorOracleTest.MatchesManualSmallDomainEnumeration/GF_1169 (0 ms)
[ RUN      ] SmallDomain/SelectorOracleTest.MatchesManualSmallDomainEnumeration/GGSame_1170
[       OK ] SmallDomain/SelectorOracleTest.MatchesManualSmallDomainEnumeration/GGSame_1170 (0 ms)
[ RUN      ] SmallDomain/SelectorOracleTest.MatchesManualSmallDomainEnumeration/GGMixed_1171
[       OK ] SmallDomain/SelectorOracleTest.MatchesManualSmallDomainEnumeration/GGMixed_1171 (6 ms)
[ RUN      ] SmallDomain/SelectorOracleTest.MatchesManualSmallDomainEnumeration/FF_1172
[       OK ] SmallDomain/SelectorOracleTest.MatchesManualSmallDomainEnumeration/FF_1172 (0 ms)
[ RUN      ] SmallDomain/SelectorOracleTest.MatchesManualSmallDomainEnumeration/GF_1173
[       OK ] SmallDomain/SelectorOracleTest.MatchesManualSmallDomainEnumeration/GF_1173 (0 ms)
[ RUN      ] SmallDomain/SelectorOracleTest.MatchesManualSmallDomainEnumeration/GGSame_1174
[       OK ] SmallDomain/SelectorOracleTest.MatchesManualSmallDomainEnumeration/GGSame_1174 (0 ms)
[ RUN      ] SmallDomain/SelectorOracleTest.MatchesManualSmallDomainEnumeration/GGMixed_1175
[       OK ] SmallDomain/SelectorOracleTest.MatchesManualSmallDomainEnumeration/GGMixed_1175 (5 ms)
[ RUN      ] SmallDomain/SelectorOracleTest.MatchesManualSmallDomainEnumeration/FF_1176
[       OK ] SmallDomain/SelectorOracleTest.MatchesManualSmallDomainEnumeration/FF_1176 (0 ms)
[ RUN      ] SmallDomain/SelectorOracleTest.MatchesManualSmallDomainEnumeration/GF_1177
[       OK ] SmallDomain/SelectorOracleTest.MatchesManualSmallDomainEnumeration/GF_1177 (0 ms)
[ RUN      ] SmallDomain/SelectorOracleTest.MatchesManualSmallDomainEnumeration/GGSame_1178
[       OK ] SmallDomain/SelectorOracleTest.MatchesManualSmallDomainEnumeration/GGSame_1178 (0 ms)
[ RUN      ] SmallDomain/SelectorOracleTest.MatchesManualSmallDomainEnumeration/GGMixed_1179
[       OK ] SmallDomain/SelectorOracleTest.MatchesManualSmallDomainEnumeration/GGMixed_1179 (5 ms)
[ RUN      ] SmallDomain/SelectorOracleTest.MatchesManualSmallDomainEnumeration/FF_1180
[       OK ] SmallDomain/SelectorOracleTest.MatchesManualSmallDomainEnumeration/FF_1180 (0 ms)
[ RUN      ] SmallDomain/SelectorOracleTest.MatchesManualSmallDomainEnumeration/GF_1181
[       OK ] SmallDomain/SelectorOracleTest.MatchesManualSmallDomainEnumeration/GF_1181 (0 ms)
[ RUN      ] SmallDomain/SelectorOracleTest.MatchesManualSmallDomainEnumeration/GGSame_1182
[       OK ] SmallDomain/SelectorOracleTest.MatchesManualSmallDomainEnumeration/GGSame_1182 (0 ms)
[ RUN      ] SmallDomain/SelectorOracleTest.MatchesManualSmallDomainEnumeration/GGMixed_1183
[       OK ] SmallDomain/SelectorOracleTest.MatchesManualSmallDomainEnumeration/GGMixed_1183 (5 ms)
[ RUN      ] SmallDomain/SelectorOracleTest.MatchesManualSmallDomainEnumeration/FF_1184
[       OK ] SmallDomain/SelectorOracleTest.MatchesManualSmallDomainEnumeration/FF_1184 (0 ms)
[ RUN      ] SmallDomain/SelectorOracleTest.MatchesManualSmallDomainEnumeration/GF_1185
[       OK ] SmallDomain/SelectorOracleTest.MatchesManualSmallDomainEnumeration/GF_1185 (0 ms)
[ RUN      ] SmallDomain/SelectorOracleTest.MatchesManualSmallDomainEnumeration/GGSame_1186
[       OK ] SmallDomain/SelectorOracleTest.MatchesManualSmallDomainEnumeration/GGSame_1186 (0 ms)
[ RUN      ] SmallDomain/SelectorOracleTest.MatchesManualSmallDomainEnumeration/GGMixed_1187
[       OK ] SmallDomain/SelectorOracleTest.MatchesManualSmallDomainEnumeration/GGMixed_1187 (5 ms)
[ RUN      ] SmallDomain/SelectorOracleTest.MatchesManualSmallDomainEnumeration/FF_1188
[       OK ] SmallDomain/SelectorOracleTest.MatchesManualSmallDomainEnumeration/FF_1188 (0 ms)
[ RUN      ] SmallDomain/SelectorOracleTest.MatchesManualSmallDomainEnumeration/GF_1189
[       OK ] SmallDomain/SelectorOracleTest.MatchesManualSmallDomainEnumeration/GF_1189 (0 ms)
[ RUN      ] SmallDomain/SelectorOracleTest.MatchesManualSmallDomainEnumeration/GGSame_1190
[       OK ] SmallDomain/SelectorOracleTest.MatchesManualSmallDomainEnumeration/GGSame_1190 (0 ms)
[ RUN      ] SmallDomain/SelectorOracleTest.MatchesManualSmallDomainEnumeration/GGMixed_1191
[       OK ] SmallDomain/SelectorOracleTest.MatchesManualSmallDomainEnumeration/GGMixed_1191 (4 ms)
[ RUN      ] SmallDomain/SelectorOracleTest.MatchesManualSmallDomainEnumeration/FF_1192
[       OK ] SmallDomain/SelectorOracleTest.MatchesManualSmallDomainEnumeration/FF_1192 (0 ms)
[ RUN      ] SmallDomain/SelectorOracleTest.MatchesManualSmallDomainEnumeration/GF_1193
[       OK ] SmallDomain/SelectorOracleTest.MatchesManualSmallDomainEnumeration/GF_1193 (0 ms)
[ RUN      ] SmallDomain/SelectorOracleTest.MatchesManualSmallDomainEnumeration/GGSame_1194
[       OK ] SmallDomain/SelectorOracleTest.MatchesManualSmallDomainEnumeration/GGSame_1194 (0 ms)
[ RUN      ] SmallDomain/SelectorOracleTest.MatchesManualSmallDomainEnumeration/GGMixed_1195
[       OK ] SmallDomain/SelectorOracleTest.MatchesManualSmallDomainEnumeration/GGMixed_1195 (5 ms)
[ RUN      ] SmallDomain/SelectorOracleTest.MatchesManualSmallDomainEnumeration/FF_1196
[       OK ] SmallDomain/SelectorOracleTest.MatchesManualSmallDomainEnumeration/FF_1196 (0 ms)
[ RUN      ] SmallDomain/SelectorOracleTest.MatchesManualSmallDomainEnumeration/GF_1197
[       OK ] SmallDomain/SelectorOracleTest.MatchesManualSmallDomainEnumeration/GF_1197 (0 ms)
[ RUN      ] SmallDomain/SelectorOracleTest.MatchesManualSmallDomainEnumeration/GGSame_1198
[       OK ] SmallDomain/SelectorOracleTest.MatchesManualSmallDomainEnumeration/GGSame_1198 (0 ms)
[ RUN      ] SmallDomain/SelectorOracleTest.MatchesManualSmallDomainEnumeration/GGMixed_1199
[       OK ] SmallDomain/SelectorOracleTest.MatchesManualSmallDomainEnumeration/GGMixed_1199 (4 ms)
[ RUN      ] SmallDomain/SelectorOracleTest.MatchesManualSmallDomainEnumeration/FF_1200
[       OK ] SmallDomain/SelectorOracleTest.MatchesManualSmallDomainEnumeration/FF_1200 (0 ms)
[ RUN      ] SmallDomain/SelectorOracleTest.MatchesManualSmallDomainEnumeration/GF_1201
[       OK ] SmallDomain/SelectorOracleTest.MatchesManualSmallDomainEnumeration/GF_1201 (0 ms)
[ RUN      ] SmallDomain/SelectorOracleTest.MatchesManualSmallDomainEnumeration/GGSame_1202
[       OK ] SmallDomain/SelectorOracleTest.MatchesManualSmallDomainEnumeration/GGSame_1202 (0 ms)
[ RUN      ] SmallDomain/SelectorOracleTest.MatchesManualSmallDomainEnumeration/GGMixed_1203
[       OK ] SmallDomain/SelectorOracleTest.MatchesManualSmallDomainEnumeration/GGMixed_1203 (5 ms)
[ RUN      ] SmallDomain/SelectorOracleTest.MatchesManualSmallDomainEnumeration/FF_1204
[       OK ] SmallDomain/SelectorOracleTest.MatchesManualSmallDomainEnumeration/FF_1204 (0 ms)
[ RUN      ] SmallDomain/SelectorOracleTest.MatchesManualSmallDomainEnumeration/GF_1205
[       OK ] SmallDomain/SelectorOracleTest.MatchesManualSmallDomainEnumeration/GF_1205 (0 ms)
[ RUN      ] SmallDomain/SelectorOracleTest.MatchesManualSmallDomainEnumeration/GGSame_1206
[       OK ] SmallDomain/SelectorOracleTest.MatchesManualSmallDomainEnumeration/GGSame_1206 (0 ms)
[ RUN      ] SmallDomain/SelectorOracleTest.MatchesManualSmallDomainEnumeration/GGMixed_1207
[       OK ] SmallDomain/SelectorOracleTest.MatchesManualSmallDomainEnumeration/GGMixed_1207 (4 ms)
[ RUN      ] SmallDomain/SelectorOracleTest.MatchesManualSmallDomainEnumeration/FF_1208
[       OK ] SmallDomain/SelectorOracleTest.MatchesManualSmallDomainEnumeration/FF_1208 (0 ms)
[ RUN      ] SmallDomain/SelectorOracleTest.MatchesManualSmallDomainEnumeration/GF_1209
[       OK ] SmallDomain/SelectorOracleTest.MatchesManualSmallDomainEnumeration/GF_1209 (0 ms)
[ RUN      ] SmallDomain/SelectorOracleTest.MatchesManualSmallDomainEnumeration/GGSame_1210
[       OK ] SmallDomain/SelectorOracleTest.MatchesManualSmallDomainEnumeration/GGSame_1210 (0 ms)
[ RUN      ] SmallDomain/SelectorOracleTest.MatchesManualSmallDomainEnumeration/GGMixed_1211
[       OK ] SmallDomain/SelectorOracleTest.MatchesManualSmallDomainEnumeration/GGMixed_1211 (5 ms)
[ RUN      ] SmallDomain/SelectorOracleTest.MatchesManualSmallDomainEnumeration/FF_1212
[       OK ] SmallDomain/SelectorOracleTest.MatchesManualSmallDomainEnumeration/FF_1212 (0 ms)
[ RUN      ] SmallDomain/SelectorOracleTest.MatchesManualSmallDomainEnumeration/GF_1213
[       OK ] SmallDomain/SelectorOracleTest.MatchesManualSmallDomainEnumeration/GF_1213 (0 ms)
[ RUN      ] SmallDomain/SelectorOracleTest.MatchesManualSmallDomainEnumeration/GGSame_1214
[       OK ] SmallDomain/SelectorOracleTest.MatchesManualSmallDomainEnumeration/GGSame_1214 (0 ms)
[ RUN      ] SmallDomain/SelectorOracleTest.MatchesManualSmallDomainEnumeration/GGMixed_1215
[       OK ] SmallDomain/SelectorOracleTest.MatchesManualSmallDomainEnumeration/GGMixed_1215 (4 ms)
[ RUN      ] SmallDomain/SelectorOracleTest.MatchesManualSmallDomainEnumeration/FF_1216
[       OK ] SmallDomain/SelectorOracleTest.MatchesManualSmallDomainEnumeration/FF_1216 (0 ms)
[ RUN      ] SmallDomain/SelectorOracleTest.MatchesManualSmallDomainEnumeration/GF_1217
[       OK ] SmallDomain/SelectorOracleTest.MatchesManualSmallDomainEnumeration/GF_1217 (0 ms)
[ RUN      ] SmallDomain/SelectorOracleTest.MatchesManualSmallDomainEnumeration/GGSame_1218
[       OK ] SmallDomain/SelectorOracleTest.MatchesManualSmallDomainEnumeration/GGSame_1218 (0 ms)
[ RUN      ] SmallDomain/SelectorOracleTest.MatchesManualSmallDomainEnumeration/GGMixed_1219
[       OK ] SmallDomain/SelectorOracleTest.MatchesManualSmallDomainEnumeration/GGMixed_1219 (5 ms)
[ RUN      ] SmallDomain/SelectorOracleTest.MatchesManualSmallDomainEnumeration/FF_1220
[       OK ] SmallDomain/SelectorOracleTest.MatchesManualSmallDomainEnumeration/FF_1220 (0 ms)
[ RUN      ] SmallDomain/SelectorOracleTest.MatchesManualSmallDomainEnumeration/GF_1221
[       OK ] SmallDomain/SelectorOracleTest.MatchesManualSmallDomainEnumeration/GF_1221 (0 ms)
[ RUN      ] SmallDomain/SelectorOracleTest.MatchesManualSmallDomainEnumeration/GGSame_1222
[       OK ] SmallDomain/SelectorOracleTest.MatchesManualSmallDomainEnumeration/GGSame_1222 (0 ms)
[ RUN      ] SmallDomain/SelectorOracleTest.MatchesManualSmallDomainEnumeration/GGMixed_1223
[       OK ] SmallDomain/SelectorOracleTest.MatchesManualSmallDomainEnumeration/GGMixed_1223 (5 ms)
[ RUN      ] SmallDomain/SelectorOracleTest.MatchesManualSmallDomainEnumeration/FF_1224
[       OK ] SmallDomain/SelectorOracleTest.MatchesManualSmallDomainEnumeration/FF_1224 (0 ms)
[ RUN      ] SmallDomain/SelectorOracleTest.MatchesManualSmallDomainEnumeration/GF_1225
[       OK ] SmallDomain/SelectorOracleTest.MatchesManualSmallDomainEnumeration/GF_1225 (0 ms)
[ RUN      ] SmallDomain/SelectorOracleTest.MatchesManualSmallDomainEnumeration/GGSame_1226
[       OK ] SmallDomain/SelectorOracleTest.MatchesManualSmallDomainEnumeration/GGSame_1226 (0 ms)
[ RUN      ] SmallDomain/SelectorOracleTest.MatchesManualSmallDomainEnumeration/GGMixed_1227
[       OK ] SmallDomain/SelectorOracleTest.MatchesManualSmallDomainEnumeration/GGMixed_1227 (5 ms)
[ RUN      ] SmallDomain/SelectorOracleTest.MatchesManualSmallDomainEnumeration/FF_1228
[       OK ] SmallDomain/SelectorOracleTest.MatchesManualSmallDomainEnumeration/FF_1228 (0 ms)
[ RUN      ] SmallDomain/SelectorOracleTest.MatchesManualSmallDomainEnumeration/GF_1229
[       OK ] SmallDomain/SelectorOracleTest.MatchesManualSmallDomainEnumeration/GF_1229 (0 ms)
[ RUN      ] SmallDomain/SelectorOracleTest.MatchesManualSmallDomainEnumeration/GGSame_1230
[       OK ] SmallDomain/SelectorOracleTest.MatchesManualSmallDomainEnumeration/GGSame_1230 (0 ms)
[ RUN      ] SmallDomain/SelectorOracleTest.MatchesManualSmallDomainEnumeration/GGMixed_1231
[       OK ] SmallDomain/SelectorOracleTest.MatchesManualSmallDomainEnumeration/GGMixed_1231 (6 ms)
[ RUN      ] SmallDomain/SelectorOracleTest.MatchesManualSmallDomainEnumeration/FF_1232
[       OK ] SmallDomain/SelectorOracleTest.MatchesManualSmallDomainEnumeration/FF_1232 (0 ms)
[ RUN      ] SmallDomain/SelectorOracleTest.MatchesManualSmallDomainEnumeration/GF_1233
[       OK ] SmallDomain/SelectorOracleTest.MatchesManualSmallDomainEnumeration/GF_1233 (0 ms)
[ RUN      ] SmallDomain/SelectorOracleTest.MatchesManualSmallDomainEnumeration/GGSame_1234
[       OK ] SmallDomain/SelectorOracleTest.MatchesManualSmallDomainEnumeration/GGSame_1234 (0 ms)
[ RUN      ] SmallDomain/SelectorOracleTest.MatchesManualSmallDomainEnumeration/GGMixed_1235
[       OK ] SmallDomain/SelectorOracleTest.MatchesManualSmallDomainEnumeration/GGMixed_1235 (5 ms)
[ RUN      ] SmallDomain/SelectorOracleTest.MatchesManualSmallDomainEnumeration/FF_1236
[       OK ] SmallDomain/SelectorOracleTest.MatchesManualSmallDomainEnumeration/FF_1236 (0 ms)
[ RUN      ] SmallDomain/SelectorOracleTest.MatchesManualSmallDomainEnumeration/GF_1237
[       OK ] SmallDomain/SelectorOracleTest.MatchesManualSmallDomainEnumeration/GF_1237 (0 ms)
[ RUN      ] SmallDomain/SelectorOracleTest.MatchesManualSmallDomainEnumeration/GGSame_1238
[       OK ] SmallDomain/SelectorOracleTest.MatchesManualSmallDomainEnumeration/GGSame_1238 (0 ms)
[ RUN      ] SmallDomain/SelectorOracleTest.MatchesManualSmallDomainEnumeration/GGMixed_1239
[       OK ] SmallDomain/SelectorOracleTest.MatchesManualSmallDomainEnumeration/GGMixed_1239 (5 ms)
[ RUN      ] SmallDomain/SelectorOracleTest.MatchesManualSmallDomainEnumeration/FF_1240
[       OK ] SmallDomain/SelectorOracleTest.MatchesManualSmallDomainEnumeration/FF_1240 (0 ms)
[ RUN      ] SmallDomain/SelectorOracleTest.MatchesManualSmallDomainEnumeration/GF_1241
[       OK ] SmallDomain/SelectorOracleTest.MatchesManualSmallDomainEnumeration/GF_1241 (0 ms)
[ RUN      ] SmallDomain/SelectorOracleTest.MatchesManualSmallDomainEnumeration/GGSame_1242
[       OK ] SmallDomain/SelectorOracleTest.MatchesManualSmallDomainEnumeration/GGSame_1242 (0 ms)
[ RUN      ] SmallDomain/SelectorOracleTest.MatchesManualSmallDomainEnumeration/GGMixed_1243
[       OK ] SmallDomain/SelectorOracleTest.MatchesManualSmallDomainEnumeration/GGMixed_1243 (6 ms)
[ RUN      ] SmallDomain/SelectorOracleTest.MatchesManualSmallDomainEnumeration/FF_1244
[       OK ] SmallDomain/SelectorOracleTest.MatchesManualSmallDomainEnumeration/FF_1244 (0 ms)
[ RUN      ] SmallDomain/SelectorOracleTest.MatchesManualSmallDomainEnumeration/GF_1245
[       OK ] SmallDomain/SelectorOracleTest.MatchesManualSmallDomainEnumeration/GF_1245 (0 ms)
[ RUN      ] SmallDomain/SelectorOracleTest.MatchesManualSmallDomainEnumeration/GGSame_1246
[       OK ] SmallDomain/SelectorOracleTest.MatchesManualSmallDomainEnumeration/GGSame_1246 (0 ms)
[ RUN      ] SmallDomain/SelectorOracleTest.MatchesManualSmallDomainEnumeration/GGMixed_1247
[       OK ] SmallDomain/SelectorOracleTest.MatchesManualSmallDomainEnumeration/GGMixed_1247 (4 ms)
[ RUN      ] SmallDomain/SelectorOracleTest.MatchesManualSmallDomainEnumeration/FF_1248
[       OK ] SmallDomain/SelectorOracleTest.MatchesManualSmallDomainEnumeration/FF_1248 (0 ms)
[ RUN      ] SmallDomain/SelectorOracleTest.MatchesManualSmallDomainEnumeration/GF_1249
[       OK ] SmallDomain/SelectorOracleTest.MatchesManualSmallDomainEnumeration/GF_1249 (0 ms)
[ RUN      ] SmallDomain/SelectorOracleTest.MatchesManualSmallDomainEnumeration/GGSame_1250
[       OK ] SmallDomain/SelectorOracleTest.MatchesManualSmallDomainEnumeration/GGSame_1250 (0 ms)
[ RUN      ] SmallDomain/SelectorOracleTest.MatchesManualSmallDomainEnumeration/GGMixed_1251
[       OK ] SmallDomain/SelectorOracleTest.MatchesManualSmallDomainEnumeration/GGMixed_1251 (6 ms)
[ RUN      ] SmallDomain/SelectorOracleTest.MatchesManualSmallDomainEnumeration/FF_1252
[       OK ] SmallDomain/SelectorOracleTest.MatchesManualSmallDomainEnumeration/FF_1252 (0 ms)
[ RUN      ] SmallDomain/SelectorOracleTest.MatchesManualSmallDomainEnumeration/GF_1253
[       OK ] SmallDomain/SelectorOracleTest.MatchesManualSmallDomainEnumeration/GF_1253 (0 ms)
[ RUN      ] SmallDomain/SelectorOracleTest.MatchesManualSmallDomainEnumeration/GGSame_1254
[       OK ] SmallDomain/SelectorOracleTest.MatchesManualSmallDomainEnumeration/GGSame_1254 (0 ms)
[ RUN      ] SmallDomain/SelectorOracleTest.MatchesManualSmallDomainEnumeration/GGMixed_1255
[       OK ] SmallDomain/SelectorOracleTest.MatchesManualSmallDomainEnumeration/GGMixed_1255 (5 ms)
[ RUN      ] SmallDomain/SelectorOracleTest.MatchesManualSmallDomainEnumeration/FF_1256
[       OK ] SmallDomain/SelectorOracleTest.MatchesManualSmallDomainEnumeration/FF_1256 (0 ms)
[ RUN      ] SmallDomain/SelectorOracleTest.MatchesManualSmallDomainEnumeration/GF_1257
[       OK ] SmallDomain/SelectorOracleTest.MatchesManualSmallDomainEnumeration/GF_1257 (0 ms)
[ RUN      ] SmallDomain/SelectorOracleTest.MatchesManualSmallDomainEnumeration/GGSame_1258
[       OK ] SmallDomain/SelectorOracleTest.MatchesManualSmallDomainEnumeration/GGSame_1258 (0 ms)
[ RUN      ] SmallDomain/SelectorOracleTest.MatchesManualSmallDomainEnumeration/GGMixed_1259
[       OK ] SmallDomain/SelectorOracleTest.MatchesManualSmallDomainEnumeration/GGMixed_1259 (6 ms)
[ RUN      ] SmallDomain/SelectorOracleTest.MatchesManualSmallDomainEnumeration/FF_1260
[       OK ] SmallDomain/SelectorOracleTest.MatchesManualSmallDomainEnumeration/FF_1260 (0 ms)
[ RUN      ] SmallDomain/SelectorOracleTest.MatchesManualSmallDomainEnumeration/GF_1261
[       OK ] SmallDomain/SelectorOracleTest.MatchesManualSmallDomainEnumeration/GF_1261 (0 ms)
[ RUN      ] SmallDomain/SelectorOracleTest.MatchesManualSmallDomainEnumeration/GGSame_1262
[       OK ] SmallDomain/SelectorOracleTest.MatchesManualSmallDomainEnumeration/GGSame_1262 (0 ms)
[ RUN      ] SmallDomain/SelectorOracleTest.MatchesManualSmallDomainEnumeration/GGMixed_1263
[       OK ] SmallDomain/SelectorOracleTest.MatchesManualSmallDomainEnumeration/GGMixed_1263 (5 ms)
[ RUN      ] SmallDomain/SelectorOracleTest.MatchesManualSmallDomainEnumeration/FF_1264
[       OK ] SmallDomain/SelectorOracleTest.MatchesManualSmallDomainEnumeration/FF_1264 (0 ms)
[ RUN      ] SmallDomain/SelectorOracleTest.MatchesManualSmallDomainEnumeration/GF_1265
[       OK ] SmallDomain/SelectorOracleTest.MatchesManualSmallDomainEnumeration/GF_1265 (0 ms)
[ RUN      ] SmallDomain/SelectorOracleTest.MatchesManualSmallDomainEnumeration/GGSame_1266
[       OK ] SmallDomain/SelectorOracleTest.MatchesManualSmallDomainEnumeration/GGSame_1266 (0 ms)
[ RUN      ] SmallDomain/SelectorOracleTest.MatchesManualSmallDomainEnumeration/GGMixed_1267
[       OK ] SmallDomain/SelectorOracleTest.MatchesManualSmallDomainEnumeration/GGMixed_1267 (6 ms)
[ RUN      ] SmallDomain/SelectorOracleTest.MatchesManualSmallDomainEnumeration/FF_1268
[       OK ] SmallDomain/SelectorOracleTest.MatchesManualSmallDomainEnumeration/FF_1268 (0 ms)
[ RUN      ] SmallDomain/SelectorOracleTest.MatchesManualSmallDomainEnumeration/GF_1269
[       OK ] SmallDomain/SelectorOracleTest.MatchesManualSmallDomainEnumeration/GF_1269 (0 ms)
[ RUN      ] SmallDomain/SelectorOracleTest.MatchesManualSmallDomainEnumeration/GGSame_1270
[       OK ] SmallDomain/SelectorOracleTest.MatchesManualSmallDomainEnumeration/GGSame_1270 (0 ms)
[ RUN      ] SmallDomain/SelectorOracleTest.MatchesManualSmallDomainEnumeration/GGMixed_1271
[       OK ] SmallDomain/SelectorOracleTest.MatchesManualSmallDomainEnumeration/GGMixed_1271 (5 ms)
[ RUN      ] SmallDomain/SelectorOracleTest.MatchesManualSmallDomainEnumeration/FF_1272
[       OK ] SmallDomain/SelectorOracleTest.MatchesManualSmallDomainEnumeration/FF_1272 (0 ms)
[ RUN      ] SmallDomain/SelectorOracleTest.MatchesManualSmallDomainEnumeration/GF_1273
[       OK ] SmallDomain/SelectorOracleTest.MatchesManualSmallDomainEnumeration/GF_1273 (0 ms)
[ RUN      ] SmallDomain/SelectorOracleTest.MatchesManualSmallDomainEnumeration/GGSame_1274
[       OK ] SmallDomain/SelectorOracleTest.MatchesManualSmallDomainEnumeration/GGSame_1274 (0 ms)
[ RUN      ] SmallDomain/SelectorOracleTest.MatchesManualSmallDomainEnumeration/GGMixed_1275
[       OK ] SmallDomain/SelectorOracleTest.MatchesManualSmallDomainEnumeration/GGMixed_1275 (5 ms)
[ RUN      ] SmallDomain/SelectorOracleTest.MatchesManualSmallDomainEnumeration/FF_1276
[       OK ] SmallDomain/SelectorOracleTest.MatchesManualSmallDomainEnumeration/FF_1276 (0 ms)
[ RUN      ] SmallDomain/SelectorOracleTest.MatchesManualSmallDomainEnumeration/GF_1277
[       OK ] SmallDomain/SelectorOracleTest.MatchesManualSmallDomainEnumeration/GF_1277 (0 ms)
[ RUN      ] SmallDomain/SelectorOracleTest.MatchesManualSmallDomainEnumeration/GGSame_1278
[       OK ] SmallDomain/SelectorOracleTest.MatchesManualSmallDomainEnumeration/GGSame_1278 (0 ms)
[ RUN      ] SmallDomain/SelectorOracleTest.MatchesManualSmallDomainEnumeration/GGMixed_1279
[       OK ] SmallDomain/SelectorOracleTest.MatchesManualSmallDomainEnumeration/GGMixed_1279 (5 ms)
[ RUN      ] SmallDomain/SelectorOracleTest.MatchesManualSmallDomainEnumeration/FF_1280
[       OK ] SmallDomain/SelectorOracleTest.MatchesManualSmallDomainEnumeration/FF_1280 (0 ms)
[ RUN      ] SmallDomain/SelectorOracleTest.MatchesManualSmallDomainEnumeration/GF_1281
[       OK ] SmallDomain/SelectorOracleTest.MatchesManualSmallDomainEnumeration/GF_1281 (0 ms)
[ RUN      ] SmallDomain/SelectorOracleTest.MatchesManualSmallDomainEnumeration/GGSame_1282
[       OK ] SmallDomain/SelectorOracleTest.MatchesManualSmallDomainEnumeration/GGSame_1282 (0 ms)
[ RUN      ] SmallDomain/SelectorOracleTest.MatchesManualSmallDomainEnumeration/GGMixed_1283
[       OK ] SmallDomain/SelectorOracleTest.MatchesManualSmallDomainEnumeration/GGMixed_1283 (6 ms)
[ RUN      ] SmallDomain/SelectorOracleTest.MatchesManualSmallDomainEnumeration/FF_1284
[       OK ] SmallDomain/SelectorOracleTest.MatchesManualSmallDomainEnumeration/FF_1284 (0 ms)
[ RUN      ] SmallDomain/SelectorOracleTest.MatchesManualSmallDomainEnumeration/GF_1285
[       OK ] SmallDomain/SelectorOracleTest.MatchesManualSmallDomainEnumeration/GF_1285 (0 ms)
[ RUN      ] SmallDomain/SelectorOracleTest.MatchesManualSmallDomainEnumeration/GGSame_1286
[       OK ] SmallDomain/SelectorOracleTest.MatchesManualSmallDomainEnumeration/GGSame_1286 (0 ms)
[ RUN      ] SmallDomain/SelectorOracleTest.MatchesManualSmallDomainEnumeration/GGMixed_1287
[       OK ] SmallDomain/SelectorOracleTest.MatchesManualSmallDomainEnumeration/GGMixed_1287 (5 ms)
[ RUN      ] SmallDomain/SelectorOracleTest.MatchesManualSmallDomainEnumeration/FF_1288
[       OK ] SmallDomain/SelectorOracleTest.MatchesManualSmallDomainEnumeration/FF_1288 (0 ms)
[ RUN      ] SmallDomain/SelectorOracleTest.MatchesManualSmallDomainEnumeration/GF_1289
[       OK ] SmallDomain/SelectorOracleTest.MatchesManualSmallDomainEnumeration/GF_1289 (0 ms)
[ RUN      ] SmallDomain/SelectorOracleTest.MatchesManualSmallDomainEnumeration/GGSame_1290
[       OK ] SmallDomain/SelectorOracleTest.MatchesManualSmallDomainEnumeration/GGSame_1290 (0 ms)
[ RUN      ] SmallDomain/SelectorOracleTest.MatchesManualSmallDomainEnumeration/GGMixed_1291
[       OK ] SmallDomain/SelectorOracleTest.MatchesManualSmallDomainEnumeration/GGMixed_1291 (5 ms)
[ RUN      ] SmallDomain/SelectorOracleTest.MatchesManualSmallDomainEnumeration/FF_1292
[       OK ] SmallDomain/SelectorOracleTest.MatchesManualSmallDomainEnumeration/FF_1292 (0 ms)
[ RUN      ] SmallDomain/SelectorOracleTest.MatchesManualSmallDomainEnumeration/GF_1293
[       OK ] SmallDomain/SelectorOracleTest.MatchesManualSmallDomainEnumeration/GF_1293 (0 ms)
[ RUN      ] SmallDomain/SelectorOracleTest.MatchesManualSmallDomainEnumeration/GGSame_1294
[       OK ] SmallDomain/SelectorOracleTest.MatchesManualSmallDomainEnumeration/GGSame_1294 (0 ms)
[ RUN      ] SmallDomain/SelectorOracleTest.MatchesManualSmallDomainEnumeration/GGMixed_1295
[       OK ] SmallDomain/SelectorOracleTest.MatchesManualSmallDomainEnumeration/GGMixed_1295 (4 ms)
[ RUN      ] SmallDomain/SelectorOracleTest.MatchesManualSmallDomainEnumeration/FF_1296
[       OK ] SmallDomain/SelectorOracleTest.MatchesManualSmallDomainEnumeration/FF_1296 (0 ms)
[ RUN      ] SmallDomain/SelectorOracleTest.MatchesManualSmallDomainEnumeration/GF_1297
[       OK ] SmallDomain/SelectorOracleTest.MatchesManualSmallDomainEnumeration/GF_1297 (0 ms)
[ RUN      ] SmallDomain/SelectorOracleTest.MatchesManualSmallDomainEnumeration/GGSame_1298
[       OK ] SmallDomain/SelectorOracleTest.MatchesManualSmallDomainEnumeration/GGSame_1298 (0 ms)
[ RUN      ] SmallDomain/SelectorOracleTest.MatchesManualSmallDomainEnumeration/GGMixed_1299
[       OK ] SmallDomain/SelectorOracleTest.MatchesManualSmallDomainEnumeration/GGMixed_1299 (6 ms)
[ RUN      ] SmallDomain/SelectorOracleTest.MatchesManualSmallDomainEnumeration/FF_1300
[       OK ] SmallDomain/SelectorOracleTest.MatchesManualSmallDomainEnumeration/FF_1300 (0 ms)
[ RUN      ] SmallDomain/SelectorOracleTest.MatchesManualSmallDomainEnumeration/GF_1301
[       OK ] SmallDomain/SelectorOracleTest.MatchesManualSmallDomainEnumeration/GF_1301 (0 ms)
[ RUN      ] SmallDomain/SelectorOracleTest.MatchesManualSmallDomainEnumeration/GGSame_1302
[       OK ] SmallDomain/SelectorOracleTest.MatchesManualSmallDomainEnumeration/GGSame_1302 (0 ms)
[ RUN      ] SmallDomain/SelectorOracleTest.MatchesManualSmallDomainEnumeration/GGMixed_1303
[       OK ] SmallDomain/SelectorOracleTest.MatchesManualSmallDomainEnumeration/GGMixed_1303 (4 ms)
[ RUN      ] SmallDomain/SelectorOracleTest.MatchesManualSmallDomainEnumeration/FF_1304
[       OK ] SmallDomain/SelectorOracleTest.MatchesManualSmallDomainEnumeration/FF_1304 (0 ms)
[ RUN      ] SmallDomain/SelectorOracleTest.MatchesManualSmallDomainEnumeration/GF_1305
[       OK ] SmallDomain/SelectorOracleTest.MatchesManualSmallDomainEnumeration/GF_1305 (0 ms)
[ RUN      ] SmallDomain/SelectorOracleTest.MatchesManualSmallDomainEnumeration/GGSame_1306
[       OK ] SmallDomain/SelectorOracleTest.MatchesManualSmallDomainEnumeration/GGSame_1306 (0 ms)
[ RUN      ] SmallDomain/SelectorOracleTest.MatchesManualSmallDomainEnumeration/GGMixed_1307
[       OK ] SmallDomain/SelectorOracleTest.MatchesManualSmallDomainEnumeration/GGMixed_1307 (5 ms)
[ RUN      ] SmallDomain/SelectorOracleTest.MatchesManualSmallDomainEnumeration/FF_1308
[       OK ] SmallDomain/SelectorOracleTest.MatchesManualSmallDomainEnumeration/FF_1308 (0 ms)
[ RUN      ] SmallDomain/SelectorOracleTest.MatchesManualSmallDomainEnumeration/GF_1309
[       OK ] SmallDomain/SelectorOracleTest.MatchesManualSmallDomainEnumeration/GF_1309 (0 ms)
[ RUN      ] SmallDomain/SelectorOracleTest.MatchesManualSmallDomainEnumeration/GGSame_1310
[       OK ] SmallDomain/SelectorOracleTest.MatchesManualSmallDomainEnumeration/GGSame_1310 (0 ms)
[ RUN      ] SmallDomain/SelectorOracleTest.MatchesManualSmallDomainEnumeration/GGMixed_1311
[       OK ] SmallDomain/SelectorOracleTest.MatchesManualSmallDomainEnumeration/GGMixed_1311 (5 ms)
[ RUN      ] SmallDomain/SelectorOracleTest.MatchesManualSmallDomainEnumeration/FF_1312
[       OK ] SmallDomain/SelectorOracleTest.MatchesManualSmallDomainEnumeration/FF_1312 (0 ms)
[ RUN      ] SmallDomain/SelectorOracleTest.MatchesManualSmallDomainEnumeration/GF_1313
[       OK ] SmallDomain/SelectorOracleTest.MatchesManualSmallDomainEnumeration/GF_1313 (0 ms)
[ RUN      ] SmallDomain/SelectorOracleTest.MatchesManualSmallDomainEnumeration/GGSame_1314
[       OK ] SmallDomain/SelectorOracleTest.MatchesManualSmallDomainEnumeration/GGSame_1314 (0 ms)
[ RUN      ] SmallDomain/SelectorOracleTest.MatchesManualSmallDomainEnumeration/GGMixed_1315
[       OK ] SmallDomain/SelectorOracleTest.MatchesManualSmallDomainEnumeration/GGMixed_1315 (5 ms)
[ RUN      ] SmallDomain/SelectorOracleTest.MatchesManualSmallDomainEnumeration/FF_1316
[       OK ] SmallDomain/SelectorOracleTest.MatchesManualSmallDomainEnumeration/FF_1316 (0 ms)
[ RUN      ] SmallDomain/SelectorOracleTest.MatchesManualSmallDomainEnumeration/GF_1317
[       OK ] SmallDomain/SelectorOracleTest.MatchesManualSmallDomainEnumeration/GF_1317 (0 ms)
[ RUN      ] SmallDomain/SelectorOracleTest.MatchesManualSmallDomainEnumeration/GGSame_1318
[       OK ] SmallDomain/SelectorOracleTest.MatchesManualSmallDomainEnumeration/GGSame_1318 (0 ms)
[ RUN      ] SmallDomain/SelectorOracleTest.MatchesManualSmallDomainEnumeration/GGMixed_1319
[       OK ] SmallDomain/SelectorOracleTest.MatchesManualSmallDomainEnumeration/GGMixed_1319 (5 ms)
[ RUN      ] SmallDomain/SelectorOracleTest.MatchesManualSmallDomainEnumeration/FF_1320
[       OK ] SmallDomain/SelectorOracleTest.MatchesManualSmallDomainEnumeration/FF_1320 (0 ms)
[ RUN      ] SmallDomain/SelectorOracleTest.MatchesManualSmallDomainEnumeration/GF_1321
[       OK ] SmallDomain/SelectorOracleTest.MatchesManualSmallDomainEnumeration/GF_1321 (0 ms)
[ RUN      ] SmallDomain/SelectorOracleTest.MatchesManualSmallDomainEnumeration/GGSame_1322
[       OK ] SmallDomain/SelectorOracleTest.MatchesManualSmallDomainEnumeration/GGSame_1322 (0 ms)
[ RUN      ] SmallDomain/SelectorOracleTest.MatchesManualSmallDomainEnumeration/GGMixed_1323
[       OK ] SmallDomain/SelectorOracleTest.MatchesManualSmallDomainEnumeration/GGMixed_1323 (6 ms)
[ RUN      ] SmallDomain/SelectorOracleTest.MatchesManualSmallDomainEnumeration/FF_1324
[       OK ] SmallDomain/SelectorOracleTest.MatchesManualSmallDomainEnumeration/FF_1324 (0 ms)
[ RUN      ] SmallDomain/SelectorOracleTest.MatchesManualSmallDomainEnumeration/GF_1325
[       OK ] SmallDomain/SelectorOracleTest.MatchesManualSmallDomainEnumeration/GF_1325 (0 ms)
[ RUN      ] SmallDomain/SelectorOracleTest.MatchesManualSmallDomainEnumeration/GGSame_1326
[       OK ] SmallDomain/SelectorOracleTest.MatchesManualSmallDomainEnumeration/GGSame_1326 (0 ms)
[ RUN      ] SmallDomain/SelectorOracleTest.MatchesManualSmallDomainEnumeration/GGMixed_1327
[       OK ] SmallDomain/SelectorOracleTest.MatchesManualSmallDomainEnumeration/GGMixed_1327 (5 ms)
[ RUN      ] SmallDomain/SelectorOracleTest.MatchesManualSmallDomainEnumeration/FF_1328
[       OK ] SmallDomain/SelectorOracleTest.MatchesManualSmallDomainEnumeration/FF_1328 (0 ms)
[ RUN      ] SmallDomain/SelectorOracleTest.MatchesManualSmallDomainEnumeration/GF_1329
[       OK ] SmallDomain/SelectorOracleTest.MatchesManualSmallDomainEnumeration/GF_1329 (0 ms)
[ RUN      ] SmallDomain/SelectorOracleTest.MatchesManualSmallDomainEnumeration/GGSame_1330
[       OK ] SmallDomain/SelectorOracleTest.MatchesManualSmallDomainEnumeration/GGSame_1330 (0 ms)
[ RUN      ] SmallDomain/SelectorOracleTest.MatchesManualSmallDomainEnumeration/GGMixed_1331
[       OK ] SmallDomain/SelectorOracleTest.MatchesManualSmallDomainEnumeration/GGMixed_1331 (6 ms)
[ RUN      ] SmallDomain/SelectorOracleTest.MatchesManualSmallDomainEnumeration/FF_1332
[       OK ] SmallDomain/SelectorOracleTest.MatchesManualSmallDomainEnumeration/FF_1332 (0 ms)
[ RUN      ] SmallDomain/SelectorOracleTest.MatchesManualSmallDomainEnumeration/GF_1333
[       OK ] SmallDomain/SelectorOracleTest.MatchesManualSmallDomainEnumeration/GF_1333 (0 ms)
[ RUN      ] SmallDomain/SelectorOracleTest.MatchesManualSmallDomainEnumeration/GGSame_1334
[       OK ] SmallDomain/SelectorOracleTest.MatchesManualSmallDomainEnumeration/GGSame_1334 (0 ms)
[ RUN      ] SmallDomain/SelectorOracleTest.MatchesManualSmallDomainEnumeration/GGMixed_1335
[       OK ] SmallDomain/SelectorOracleTest.MatchesManualSmallDomainEnumeration/GGMixed_1335 (5 ms)
[ RUN      ] SmallDomain/SelectorOracleTest.MatchesManualSmallDomainEnumeration/FF_1336
[       OK ] SmallDomain/SelectorOracleTest.MatchesManualSmallDomainEnumeration/FF_1336 (0 ms)
[ RUN      ] SmallDomain/SelectorOracleTest.MatchesManualSmallDomainEnumeration/GF_1337
[       OK ] SmallDomain/SelectorOracleTest.MatchesManualSmallDomainEnumeration/GF_1337 (0 ms)
[ RUN      ] SmallDomain/SelectorOracleTest.MatchesManualSmallDomainEnumeration/GGSame_1338
[       OK ] SmallDomain/SelectorOracleTest.MatchesManualSmallDomainEnumeration/GGSame_1338 (0 ms)
[ RUN      ] SmallDomain/SelectorOracleTest.MatchesManualSmallDomainEnumeration/GGMixed_1339
[       OK ] SmallDomain/SelectorOracleTest.MatchesManualSmallDomainEnumeration/GGMixed_1339 (5 ms)
[ RUN      ] SmallDomain/SelectorOracleTest.MatchesManualSmallDomainEnumeration/FF_1340
[       OK ] SmallDomain/SelectorOracleTest.MatchesManualSmallDomainEnumeration/FF_1340 (0 ms)
[ RUN      ] SmallDomain/SelectorOracleTest.MatchesManualSmallDomainEnumeration/GF_1341
[       OK ] SmallDomain/SelectorOracleTest.MatchesManualSmallDomainEnumeration/GF_1341 (0 ms)
[ RUN      ] SmallDomain/SelectorOracleTest.MatchesManualSmallDomainEnumeration/GGSame_1342
[       OK ] SmallDomain/SelectorOracleTest.MatchesManualSmallDomainEnumeration/GGSame_1342 (0 ms)
[ RUN      ] SmallDomain/SelectorOracleTest.MatchesManualSmallDomainEnumeration/GGMixed_1343
[       OK ] SmallDomain/SelectorOracleTest.MatchesManualSmallDomainEnumeration/GGMixed_1343 (4 ms)
[ RUN      ] SmallDomain/SelectorOracleTest.MatchesManualSmallDomainEnumeration/FF_1344
[       OK ] SmallDomain/SelectorOracleTest.MatchesManualSmallDomainEnumeration/FF_1344 (0 ms)
[ RUN      ] SmallDomain/SelectorOracleTest.MatchesManualSmallDomainEnumeration/GF_1345
[       OK ] SmallDomain/SelectorOracleTest.MatchesManualSmallDomainEnumeration/GF_1345 (0 ms)
[ RUN      ] SmallDomain/SelectorOracleTest.MatchesManualSmallDomainEnumeration/GGSame_1346
[       OK ] SmallDomain/SelectorOracleTest.MatchesManualSmallDomainEnumeration/GGSame_1346 (0 ms)
[ RUN      ] SmallDomain/SelectorOracleTest.MatchesManualSmallDomainEnumeration/GGMixed_1347
[       OK ] SmallDomain/SelectorOracleTest.MatchesManualSmallDomainEnumeration/GGMixed_1347 (5 ms)
[ RUN      ] SmallDomain/SelectorOracleTest.MatchesManualSmallDomainEnumeration/FF_1348
[       OK ] SmallDomain/SelectorOracleTest.MatchesManualSmallDomainEnumeration/FF_1348 (0 ms)
[ RUN      ] SmallDomain/SelectorOracleTest.MatchesManualSmallDomainEnumeration/GF_1349
[       OK ] SmallDomain/SelectorOracleTest.MatchesManualSmallDomainEnumeration/GF_1349 (0 ms)
[ RUN      ] SmallDomain/SelectorOracleTest.MatchesManualSmallDomainEnumeration/GGSame_1350
[       OK ] SmallDomain/SelectorOracleTest.MatchesManualSmallDomainEnumeration/GGSame_1350 (0 ms)
[ RUN      ] SmallDomain/SelectorOracleTest.MatchesManualSmallDomainEnumeration/GGMixed_1351
[       OK ] SmallDomain/SelectorOracleTest.MatchesManualSmallDomainEnumeration/GGMixed_1351 (5 ms)
[ RUN      ] SmallDomain/SelectorOracleTest.MatchesManualSmallDomainEnumeration/FF_1352
[       OK ] SmallDomain/SelectorOracleTest.MatchesManualSmallDomainEnumeration/FF_1352 (0 ms)
[ RUN      ] SmallDomain/SelectorOracleTest.MatchesManualSmallDomainEnumeration/GF_1353
[       OK ] SmallDomain/SelectorOracleTest.MatchesManualSmallDomainEnumeration/GF_1353 (0 ms)
[ RUN      ] SmallDomain/SelectorOracleTest.MatchesManualSmallDomainEnumeration/GGSame_1354
[       OK ] SmallDomain/SelectorOracleTest.MatchesManualSmallDomainEnumeration/GGSame_1354 (0 ms)
[ RUN      ] SmallDomain/SelectorOracleTest.MatchesManualSmallDomainEnumeration/GGMixed_1355
[       OK ] SmallDomain/SelectorOracleTest.MatchesManualSmallDomainEnumeration/GGMixed_1355 (5 ms)
[ RUN      ] SmallDomain/SelectorOracleTest.MatchesManualSmallDomainEnumeration/FF_1356
[       OK ] SmallDomain/SelectorOracleTest.MatchesManualSmallDomainEnumeration/FF_1356 (0 ms)
[ RUN      ] SmallDomain/SelectorOracleTest.MatchesManualSmallDomainEnumeration/GF_1357
[       OK ] SmallDomain/SelectorOracleTest.MatchesManualSmallDomainEnumeration/GF_1357 (0 ms)
[ RUN      ] SmallDomain/SelectorOracleTest.MatchesManualSmallDomainEnumeration/GGSame_1358
[       OK ] SmallDomain/SelectorOracleTest.MatchesManualSmallDomainEnumeration/GGSame_1358 (0 ms)
[ RUN      ] SmallDomain/SelectorOracleTest.MatchesManualSmallDomainEnumeration/GGMixed_1359
[       OK ] SmallDomain/SelectorOracleTest.MatchesManualSmallDomainEnumeration/GGMixed_1359 (5 ms)
[ RUN      ] SmallDomain/SelectorOracleTest.MatchesManualSmallDomainEnumeration/FF_1360
[       OK ] SmallDomain/SelectorOracleTest.MatchesManualSmallDomainEnumeration/FF_1360 (0 ms)
[ RUN      ] SmallDomain/SelectorOracleTest.MatchesManualSmallDomainEnumeration/GF_1361
[       OK ] SmallDomain/SelectorOracleTest.MatchesManualSmallDomainEnumeration/GF_1361 (0 ms)
[ RUN      ] SmallDomain/SelectorOracleTest.MatchesManualSmallDomainEnumeration/GGSame_1362
[       OK ] SmallDomain/SelectorOracleTest.MatchesManualSmallDomainEnumeration/GGSame_1362 (0 ms)
[ RUN      ] SmallDomain/SelectorOracleTest.MatchesManualSmallDomainEnumeration/GGMixed_1363
[       OK ] SmallDomain/SelectorOracleTest.MatchesManualSmallDomainEnumeration/GGMixed_1363 (5 ms)
[ RUN      ] SmallDomain/SelectorOracleTest.MatchesManualSmallDomainEnumeration/FF_1364
[       OK ] SmallDomain/SelectorOracleTest.MatchesManualSmallDomainEnumeration/FF_1364 (0 ms)
[ RUN      ] SmallDomain/SelectorOracleTest.MatchesManualSmallDomainEnumeration/GF_1365
[       OK ] SmallDomain/SelectorOracleTest.MatchesManualSmallDomainEnumeration/GF_1365 (0 ms)
[ RUN      ] SmallDomain/SelectorOracleTest.MatchesManualSmallDomainEnumeration/GGSame_1366
[       OK ] SmallDomain/SelectorOracleTest.MatchesManualSmallDomainEnumeration/GGSame_1366 (0 ms)
[ RUN      ] SmallDomain/SelectorOracleTest.MatchesManualSmallDomainEnumeration/GGMixed_1367
[       OK ] SmallDomain/SelectorOracleTest.MatchesManualSmallDomainEnumeration/GGMixed_1367 (5 ms)
[ RUN      ] SmallDomain/SelectorOracleTest.MatchesManualSmallDomainEnumeration/FF_1368
[       OK ] SmallDomain/SelectorOracleTest.MatchesManualSmallDomainEnumeration/FF_1368 (0 ms)
[ RUN      ] SmallDomain/SelectorOracleTest.MatchesManualSmallDomainEnumeration/GF_1369
[       OK ] SmallDomain/SelectorOracleTest.MatchesManualSmallDomainEnumeration/GF_1369 (0 ms)
[ RUN      ] SmallDomain/SelectorOracleTest.MatchesManualSmallDomainEnumeration/GGSame_1370
[       OK ] SmallDomain/SelectorOracleTest.MatchesManualSmallDomainEnumeration/GGSame_1370 (0 ms)
[ RUN      ] SmallDomain/SelectorOracleTest.MatchesManualSmallDomainEnumeration/GGMixed_1371
[       OK ] SmallDomain/SelectorOracleTest.MatchesManualSmallDomainEnumeration/GGMixed_1371 (6 ms)
[ RUN      ] SmallDomain/SelectorOracleTest.MatchesManualSmallDomainEnumeration/FF_1372
[       OK ] SmallDomain/SelectorOracleTest.MatchesManualSmallDomainEnumeration/FF_1372 (0 ms)
[ RUN      ] SmallDomain/SelectorOracleTest.MatchesManualSmallDomainEnumeration/GF_1373
[       OK ] SmallDomain/SelectorOracleTest.MatchesManualSmallDomainEnumeration/GF_1373 (0 ms)
[ RUN      ] SmallDomain/SelectorOracleTest.MatchesManualSmallDomainEnumeration/GGSame_1374
[       OK ] SmallDomain/SelectorOracleTest.MatchesManualSmallDomainEnumeration/GGSame_1374 (0 ms)
[ RUN      ] SmallDomain/SelectorOracleTest.MatchesManualSmallDomainEnumeration/GGMixed_1375
[       OK ] SmallDomain/SelectorOracleTest.MatchesManualSmallDomainEnumeration/GGMixed_1375 (5 ms)
[ RUN      ] SmallDomain/SelectorOracleTest.MatchesManualSmallDomainEnumeration/FF_1376
[       OK ] SmallDomain/SelectorOracleTest.MatchesManualSmallDomainEnumeration/FF_1376 (0 ms)
[ RUN      ] SmallDomain/SelectorOracleTest.MatchesManualSmallDomainEnumeration/GF_1377
[       OK ] SmallDomain/SelectorOracleTest.MatchesManualSmallDomainEnumeration/GF_1377 (0 ms)
[ RUN      ] SmallDomain/SelectorOracleTest.MatchesManualSmallDomainEnumeration/GGSame_1378
[       OK ] SmallDomain/SelectorOracleTest.MatchesManualSmallDomainEnumeration/GGSame_1378 (0 ms)
[ RUN      ] SmallDomain/SelectorOracleTest.MatchesManualSmallDomainEnumeration/GGMixed_1379
[       OK ] SmallDomain/SelectorOracleTest.MatchesManualSmallDomainEnumeration/GGMixed_1379 (6 ms)
[ RUN      ] SmallDomain/SelectorOracleTest.MatchesManualSmallDomainEnumeration/FF_1380
[       OK ] SmallDomain/SelectorOracleTest.MatchesManualSmallDomainEnumeration/FF_1380 (0 ms)
[ RUN      ] SmallDomain/SelectorOracleTest.MatchesManualSmallDomainEnumeration/GF_1381
[       OK ] SmallDomain/SelectorOracleTest.MatchesManualSmallDomainEnumeration/GF_1381 (0 ms)
[ RUN      ] SmallDomain/SelectorOracleTest.MatchesManualSmallDomainEnumeration/GGSame_1382
[       OK ] SmallDomain/SelectorOracleTest.MatchesManualSmallDomainEnumeration/GGSame_1382 (0 ms)
[ RUN      ] SmallDomain/SelectorOracleTest.MatchesManualSmallDomainEnumeration/GGMixed_1383
[       OK ] SmallDomain/SelectorOracleTest.MatchesManualSmallDomainEnumeration/GGMixed_1383 (5 ms)
[ RUN      ] SmallDomain/SelectorOracleTest.MatchesManualSmallDomainEnumeration/FF_1384
[       OK ] SmallDomain/SelectorOracleTest.MatchesManualSmallDomainEnumeration/FF_1384 (0 ms)
[ RUN      ] SmallDomain/SelectorOracleTest.MatchesManualSmallDomainEnumeration/GF_1385
[       OK ] SmallDomain/SelectorOracleTest.MatchesManualSmallDomainEnumeration/GF_1385 (0 ms)
[ RUN      ] SmallDomain/SelectorOracleTest.MatchesManualSmallDomainEnumeration/GGSame_1386
[       OK ] SmallDomain/SelectorOracleTest.MatchesManualSmallDomainEnumeration/GGSame_1386 (0 ms)
[ RUN      ] SmallDomain/SelectorOracleTest.MatchesManualSmallDomainEnumeration/GGMixed_1387
[       OK ] SmallDomain/SelectorOracleTest.MatchesManualSmallDomainEnumeration/GGMixed_1387 (6 ms)
[ RUN      ] SmallDomain/SelectorOracleTest.MatchesManualSmallDomainEnumeration/FF_1388
[       OK ] SmallDomain/SelectorOracleTest.MatchesManualSmallDomainEnumeration/FF_1388 (0 ms)
[ RUN      ] SmallDomain/SelectorOracleTest.MatchesManualSmallDomainEnumeration/GF_1389
[       OK ] SmallDomain/SelectorOracleTest.MatchesManualSmallDomainEnumeration/GF_1389 (0 ms)
[ RUN      ] SmallDomain/SelectorOracleTest.MatchesManualSmallDomainEnumeration/GGSame_1390
[       OK ] SmallDomain/SelectorOracleTest.MatchesManualSmallDomainEnumeration/GGSame_1390 (0 ms)
[ RUN      ] SmallDomain/SelectorOracleTest.MatchesManualSmallDomainEnumeration/GGMixed_1391
[       OK ] SmallDomain/SelectorOracleTest.MatchesManualSmallDomainEnumeration/GGMixed_1391 (4 ms)
[ RUN      ] SmallDomain/SelectorOracleTest.MatchesManualSmallDomainEnumeration/FF_1392
[       OK ] SmallDomain/SelectorOracleTest.MatchesManualSmallDomainEnumeration/FF_1392 (0 ms)
[ RUN      ] SmallDomain/SelectorOracleTest.MatchesManualSmallDomainEnumeration/GF_1393
[       OK ] SmallDomain/SelectorOracleTest.MatchesManualSmallDomainEnumeration/GF_1393 (0 ms)
[ RUN      ] SmallDomain/SelectorOracleTest.MatchesManualSmallDomainEnumeration/GGSame_1394
[       OK ] SmallDomain/SelectorOracleTest.MatchesManualSmallDomainEnumeration/GGSame_1394 (0 ms)
[ RUN      ] SmallDomain/SelectorOracleTest.MatchesManualSmallDomainEnumeration/GGMixed_1395
[       OK ] SmallDomain/SelectorOracleTest.MatchesManualSmallDomainEnumeration/GGMixed_1395 (6 ms)
[ RUN      ] SmallDomain/SelectorOracleTest.MatchesManualSmallDomainEnumeration/FF_1396
[       OK ] SmallDomain/SelectorOracleTest.MatchesManualSmallDomainEnumeration/FF_1396 (0 ms)
[ RUN      ] SmallDomain/SelectorOracleTest.MatchesManualSmallDomainEnumeration/GF_1397
[       OK ] SmallDomain/SelectorOracleTest.MatchesManualSmallDomainEnumeration/GF_1397 (0 ms)
[ RUN      ] SmallDomain/SelectorOracleTest.MatchesManualSmallDomainEnumeration/GGSame_1398
[       OK ] SmallDomain/SelectorOracleTest.MatchesManualSmallDomainEnumeration/GGSame_1398 (0 ms)
[ RUN      ] SmallDomain/SelectorOracleTest.MatchesManualSmallDomainEnumeration/GGMixed_1399
[       OK ] SmallDomain/SelectorOracleTest.MatchesManualSmallDomainEnumeration/GGMixed_1399 (5 ms)
[ RUN      ] SmallDomain/SelectorOracleTest.MatchesManualSmallDomainEnumeration/FF_1400
[       OK ] SmallDomain/SelectorOracleTest.MatchesManualSmallDomainEnumeration/FF_1400 (0 ms)
[ RUN      ] SmallDomain/SelectorOracleTest.MatchesManualSmallDomainEnumeration/GF_1401
[       OK ] SmallDomain/SelectorOracleTest.MatchesManualSmallDomainEnumeration/GF_1401 (0 ms)
[ RUN      ] SmallDomain/SelectorOracleTest.MatchesManualSmallDomainEnumeration/GGSame_1402
[       OK ] SmallDomain/SelectorOracleTest.MatchesManualSmallDomainEnumeration/GGSame_1402 (0 ms)
[ RUN      ] SmallDomain/SelectorOracleTest.MatchesManualSmallDomainEnumeration/GGMixed_1403
[       OK ] SmallDomain/SelectorOracleTest.MatchesManualSmallDomainEnumeration/GGMixed_1403 (6 ms)
[ RUN      ] SmallDomain/SelectorOracleTest.MatchesManualSmallDomainEnumeration/FF_1404
[       OK ] SmallDomain/SelectorOracleTest.MatchesManualSmallDomainEnumeration/FF_1404 (0 ms)
[ RUN      ] SmallDomain/SelectorOracleTest.MatchesManualSmallDomainEnumeration/GF_1405
[       OK ] SmallDomain/SelectorOracleTest.MatchesManualSmallDomainEnumeration/GF_1405 (0 ms)
[ RUN      ] SmallDomain/SelectorOracleTest.MatchesManualSmallDomainEnumeration/GGSame_1406
[       OK ] SmallDomain/SelectorOracleTest.MatchesManualSmallDomainEnumeration/GGSame_1406 (0 ms)
[ RUN      ] SmallDomain/SelectorOracleTest.MatchesManualSmallDomainEnumeration/GGMixed_1407
[       OK ] SmallDomain/SelectorOracleTest.MatchesManualSmallDomainEnumeration/GGMixed_1407 (5 ms)
[ RUN      ] SmallDomain/SelectorOracleTest.MatchesManualSmallDomainEnumeration/FF_1408
[       OK ] SmallDomain/SelectorOracleTest.MatchesManualSmallDomainEnumeration/FF_1408 (0 ms)
[ RUN      ] SmallDomain/SelectorOracleTest.MatchesManualSmallDomainEnumeration/GF_1409
[       OK ] SmallDomain/SelectorOracleTest.MatchesManualSmallDomainEnumeration/GF_1409 (0 ms)
[ RUN      ] SmallDomain/SelectorOracleTest.MatchesManualSmallDomainEnumeration/GGSame_1410
[       OK ] SmallDomain/SelectorOracleTest.MatchesManualSmallDomainEnumeration/GGSame_1410 (0 ms)
[ RUN      ] SmallDomain/SelectorOracleTest.MatchesManualSmallDomainEnumeration/GGMixed_1411
[       OK ] SmallDomain/SelectorOracleTest.MatchesManualSmallDomainEnumeration/GGMixed_1411 (6 ms)
[ RUN      ] SmallDomain/SelectorOracleTest.MatchesManualSmallDomainEnumeration/FF_1412
[       OK ] SmallDomain/SelectorOracleTest.MatchesManualSmallDomainEnumeration/FF_1412 (0 ms)
[ RUN      ] SmallDomain/SelectorOracleTest.MatchesManualSmallDomainEnumeration/GF_1413
[       OK ] SmallDomain/SelectorOracleTest.MatchesManualSmallDomainEnumeration/GF_1413 (0 ms)
[ RUN      ] SmallDomain/SelectorOracleTest.MatchesManualSmallDomainEnumeration/GGSame_1414
[       OK ] SmallDomain/SelectorOracleTest.MatchesManualSmallDomainEnumeration/GGSame_1414 (0 ms)
[ RUN      ] SmallDomain/SelectorOracleTest.MatchesManualSmallDomainEnumeration/GGMixed_1415
[       OK ] SmallDomain/SelectorOracleTest.MatchesManualSmallDomainEnumeration/GGMixed_1415 (5 ms)
[ RUN      ] SmallDomain/SelectorOracleTest.MatchesManualSmallDomainEnumeration/FF_1416
[       OK ] SmallDomain/SelectorOracleTest.MatchesManualSmallDomainEnumeration/FF_1416 (0 ms)
[ RUN      ] SmallDomain/SelectorOracleTest.MatchesManualSmallDomainEnumeration/GF_1417
[       OK ] SmallDomain/SelectorOracleTest.MatchesManualSmallDomainEnumeration/GF_1417 (0 ms)
[ RUN      ] SmallDomain/SelectorOracleTest.MatchesManualSmallDomainEnumeration/GGSame_1418
[       OK ] SmallDomain/SelectorOracleTest.MatchesManualSmallDomainEnumeration/GGSame_1418 (0 ms)
[ RUN      ] SmallDomain/SelectorOracleTest.MatchesManualSmallDomainEnumeration/GGMixed_1419
[       OK ] SmallDomain/SelectorOracleTest.MatchesManualSmallDomainEnumeration/GGMixed_1419 (6 ms)
[ RUN      ] SmallDomain/SelectorOracleTest.MatchesManualSmallDomainEnumeration/FF_1420
[       OK ] SmallDomain/SelectorOracleTest.MatchesManualSmallDomainEnumeration/FF_1420 (0 ms)
[ RUN      ] SmallDomain/SelectorOracleTest.MatchesManualSmallDomainEnumeration/GF_1421
[       OK ] SmallDomain/SelectorOracleTest.MatchesManualSmallDomainEnumeration/GF_1421 (0 ms)
[ RUN      ] SmallDomain/SelectorOracleTest.MatchesManualSmallDomainEnumeration/GGSame_1422
[       OK ] SmallDomain/SelectorOracleTest.MatchesManualSmallDomainEnumeration/GGSame_1422 (0 ms)
[ RUN      ] SmallDomain/SelectorOracleTest.MatchesManualSmallDomainEnumeration/GGMixed_1423
[       OK ] SmallDomain/SelectorOracleTest.MatchesManualSmallDomainEnumeration/GGMixed_1423 (5 ms)
[ RUN      ] SmallDomain/SelectorOracleTest.MatchesManualSmallDomainEnumeration/FF_1424
[       OK ] SmallDomain/SelectorOracleTest.MatchesManualSmallDomainEnumeration/FF_1424 (0 ms)
[ RUN      ] SmallDomain/SelectorOracleTest.MatchesManualSmallDomainEnumeration/GF_1425
[       OK ] SmallDomain/SelectorOracleTest.MatchesManualSmallDomainEnumeration/GF_1425 (0 ms)
[ RUN      ] SmallDomain/SelectorOracleTest.MatchesManualSmallDomainEnumeration/GGSame_1426
[       OK ] SmallDomain/SelectorOracleTest.MatchesManualSmallDomainEnumeration/GGSame_1426 (0 ms)
[ RUN      ] SmallDomain/SelectorOracleTest.MatchesManualSmallDomainEnumeration/GGMixed_1427
[       OK ] SmallDomain/SelectorOracleTest.MatchesManualSmallDomainEnumeration/GGMixed_1427 (6 ms)
[ RUN      ] SmallDomain/SelectorOracleTest.MatchesManualSmallDomainEnumeration/FF_1428
[       OK ] SmallDomain/SelectorOracleTest.MatchesManualSmallDomainEnumeration/FF_1428 (0 ms)
[ RUN      ] SmallDomain/SelectorOracleTest.MatchesManualSmallDomainEnumeration/GF_1429
[       OK ] SmallDomain/SelectorOracleTest.MatchesManualSmallDomainEnumeration/GF_1429 (0 ms)
[ RUN      ] SmallDomain/SelectorOracleTest.MatchesManualSmallDomainEnumeration/GGSame_1430
[       OK ] SmallDomain/SelectorOracleTest.MatchesManualSmallDomainEnumeration/GGSame_1430 (0 ms)
[ RUN      ] SmallDomain/SelectorOracleTest.MatchesManualSmallDomainEnumeration/GGMixed_1431
[       OK ] SmallDomain/SelectorOracleTest.MatchesManualSmallDomainEnumeration/GGMixed_1431 (5 ms)
[ RUN      ] SmallDomain/SelectorOracleTest.MatchesManualSmallDomainEnumeration/FF_1432
[       OK ] SmallDomain/SelectorOracleTest.MatchesManualSmallDomainEnumeration/FF_1432 (0 ms)
[ RUN      ] SmallDomain/SelectorOracleTest.MatchesManualSmallDomainEnumeration/GF_1433
[       OK ] SmallDomain/SelectorOracleTest.MatchesManualSmallDomainEnumeration/GF_1433 (0 ms)
[ RUN      ] SmallDomain/SelectorOracleTest.MatchesManualSmallDomainEnumeration/GGSame_1434
[       OK ] SmallDomain/SelectorOracleTest.MatchesManualSmallDomainEnumeration/GGSame_1434 (0 ms)
[ RUN      ] SmallDomain/SelectorOracleTest.MatchesManualSmallDomainEnumeration/GGMixed_1435
[       OK ] SmallDomain/SelectorOracleTest.MatchesManualSmallDomainEnumeration/GGMixed_1435 (6 ms)
[ RUN      ] SmallDomain/SelectorOracleTest.MatchesManualSmallDomainEnumeration/FF_1436
[       OK ] SmallDomain/SelectorOracleTest.MatchesManualSmallDomainEnumeration/FF_1436 (0 ms)
[ RUN      ] SmallDomain/SelectorOracleTest.MatchesManualSmallDomainEnumeration/GF_1437
[       OK ] SmallDomain/SelectorOracleTest.MatchesManualSmallDomainEnumeration/GF_1437 (0 ms)
[ RUN      ] SmallDomain/SelectorOracleTest.MatchesManualSmallDomainEnumeration/GGSame_1438
[       OK ] SmallDomain/SelectorOracleTest.MatchesManualSmallDomainEnumeration/GGSame_1438 (0 ms)
[ RUN      ] SmallDomain/SelectorOracleTest.MatchesManualSmallDomainEnumeration/GGMixed_1439
[       OK ] SmallDomain/SelectorOracleTest.MatchesManualSmallDomainEnumeration/GGMixed_1439 (4 ms)
[ RUN      ] SmallDomain/SelectorOracleTest.MatchesManualSmallDomainEnumeration/FF_1440
[       OK ] SmallDomain/SelectorOracleTest.MatchesManualSmallDomainEnumeration/FF_1440 (0 ms)
[ RUN      ] SmallDomain/SelectorOracleTest.MatchesManualSmallDomainEnumeration/GF_1441
[       OK ] SmallDomain/SelectorOracleTest.MatchesManualSmallDomainEnumeration/GF_1441 (0 ms)
[ RUN      ] SmallDomain/SelectorOracleTest.MatchesManualSmallDomainEnumeration/GGSame_1442
[       OK ] SmallDomain/SelectorOracleTest.MatchesManualSmallDomainEnumeration/GGSame_1442 (0 ms)
[ RUN      ] SmallDomain/SelectorOracleTest.MatchesManualSmallDomainEnumeration/GGMixed_1443
[       OK ] SmallDomain/SelectorOracleTest.MatchesManualSmallDomainEnumeration/GGMixed_1443 (6 ms)
[ RUN      ] SmallDomain/SelectorOracleTest.MatchesManualSmallDomainEnumeration/FF_1444
[       OK ] SmallDomain/SelectorOracleTest.MatchesManualSmallDomainEnumeration/FF_1444 (0 ms)
[ RUN      ] SmallDomain/SelectorOracleTest.MatchesManualSmallDomainEnumeration/GF_1445
[       OK ] SmallDomain/SelectorOracleTest.MatchesManualSmallDomainEnumeration/GF_1445 (0 ms)
[ RUN      ] SmallDomain/SelectorOracleTest.MatchesManualSmallDomainEnumeration/GGSame_1446
[       OK ] SmallDomain/SelectorOracleTest.MatchesManualSmallDomainEnumeration/GGSame_1446 (0 ms)
[ RUN      ] SmallDomain/SelectorOracleTest.MatchesManualSmallDomainEnumeration/GGMixed_1447
[       OK ] SmallDomain/SelectorOracleTest.MatchesManualSmallDomainEnumeration/GGMixed_1447 (5 ms)
[ RUN      ] SmallDomain/SelectorOracleTest.MatchesManualSmallDomainEnumeration/FF_1448
[       OK ] SmallDomain/SelectorOracleTest.MatchesManualSmallDomainEnumeration/FF_1448 (0 ms)
[ RUN      ] SmallDomain/SelectorOracleTest.MatchesManualSmallDomainEnumeration/GF_1449
[       OK ] SmallDomain/SelectorOracleTest.MatchesManualSmallDomainEnumeration/GF_1449 (0 ms)
[ RUN      ] SmallDomain/SelectorOracleTest.MatchesManualSmallDomainEnumeration/GGSame_1450
[       OK ] SmallDomain/SelectorOracleTest.MatchesManualSmallDomainEnumeration/GGSame_1450 (0 ms)
[ RUN      ] SmallDomain/SelectorOracleTest.MatchesManualSmallDomainEnumeration/GGMixed_1451
[       OK ] SmallDomain/SelectorOracleTest.MatchesManualSmallDomainEnumeration/GGMixed_1451 (6 ms)
[ RUN      ] SmallDomain/SelectorOracleTest.MatchesManualSmallDomainEnumeration/FF_1452
[       OK ] SmallDomain/SelectorOracleTest.MatchesManualSmallDomainEnumeration/FF_1452 (0 ms)
[ RUN      ] SmallDomain/SelectorOracleTest.MatchesManualSmallDomainEnumeration/GF_1453
[       OK ] SmallDomain/SelectorOracleTest.MatchesManualSmallDomainEnumeration/GF_1453 (0 ms)
[ RUN      ] SmallDomain/SelectorOracleTest.MatchesManualSmallDomainEnumeration/GGSame_1454
[       OK ] SmallDomain/SelectorOracleTest.MatchesManualSmallDomainEnumeration/GGSame_1454 (0 ms)
[ RUN      ] SmallDomain/SelectorOracleTest.MatchesManualSmallDomainEnumeration/GGMixed_1455
[       OK ] SmallDomain/SelectorOracleTest.MatchesManualSmallDomainEnumeration/GGMixed_1455 (5 ms)
[ RUN      ] SmallDomain/SelectorOracleTest.MatchesManualSmallDomainEnumeration/FF_1456
[       OK ] SmallDomain/SelectorOracleTest.MatchesManualSmallDomainEnumeration/FF_1456 (0 ms)
[ RUN      ] SmallDomain/SelectorOracleTest.MatchesManualSmallDomainEnumeration/GF_1457
[       OK ] SmallDomain/SelectorOracleTest.MatchesManualSmallDomainEnumeration/GF_1457 (0 ms)
[ RUN      ] SmallDomain/SelectorOracleTest.MatchesManualSmallDomainEnumeration/GGSame_1458
[       OK ] SmallDomain/SelectorOracleTest.MatchesManualSmallDomainEnumeration/GGSame_1458 (0 ms)
[ RUN      ] SmallDomain/SelectorOracleTest.MatchesManualSmallDomainEnumeration/GGMixed_1459
[       OK ] SmallDomain/SelectorOracleTest.MatchesManualSmallDomainEnumeration/GGMixed_1459 (6 ms)
[ RUN      ] SmallDomain/SelectorOracleTest.MatchesManualSmallDomainEnumeration/FF_1460
[       OK ] SmallDomain/SelectorOracleTest.MatchesManualSmallDomainEnumeration/FF_1460 (0 ms)
[ RUN      ] SmallDomain/SelectorOracleTest.MatchesManualSmallDomainEnumeration/GF_1461
[       OK ] SmallDomain/SelectorOracleTest.MatchesManualSmallDomainEnumeration/GF_1461 (0 ms)
[ RUN      ] SmallDomain/SelectorOracleTest.MatchesManualSmallDomainEnumeration/GGSame_1462
[       OK ] SmallDomain/SelectorOracleTest.MatchesManualSmallDomainEnumeration/GGSame_1462 (0 ms)
[ RUN      ] SmallDomain/SelectorOracleTest.MatchesManualSmallDomainEnumeration/GGMixed_1463
[       OK ] SmallDomain/SelectorOracleTest.MatchesManualSmallDomainEnumeration/GGMixed_1463 (5 ms)
[ RUN      ] SmallDomain/SelectorOracleTest.MatchesManualSmallDomainEnumeration/FF_1464
[       OK ] SmallDomain/SelectorOracleTest.MatchesManualSmallDomainEnumeration/FF_1464 (0 ms)
[ RUN      ] SmallDomain/SelectorOracleTest.MatchesManualSmallDomainEnumeration/GF_1465
[       OK ] SmallDomain/SelectorOracleTest.MatchesManualSmallDomainEnumeration/GF_1465 (0 ms)
[ RUN      ] SmallDomain/SelectorOracleTest.MatchesManualSmallDomainEnumeration/GGSame_1466
[       OK ] SmallDomain/SelectorOracleTest.MatchesManualSmallDomainEnumeration/GGSame_1466 (0 ms)
[ RUN      ] SmallDomain/SelectorOracleTest.MatchesManualSmallDomainEnumeration/GGMixed_1467
[       OK ] SmallDomain/SelectorOracleTest.MatchesManualSmallDomainEnumeration/GGMixed_1467 (6 ms)
[ RUN      ] SmallDomain/SelectorOracleTest.MatchesManualSmallDomainEnumeration/FF_1468
[       OK ] SmallDomain/SelectorOracleTest.MatchesManualSmallDomainEnumeration/FF_1468 (0 ms)
[ RUN      ] SmallDomain/SelectorOracleTest.MatchesManualSmallDomainEnumeration/GF_1469
[       OK ] SmallDomain/SelectorOracleTest.MatchesManualSmallDomainEnumeration/GF_1469 (0 ms)
[ RUN      ] SmallDomain/SelectorOracleTest.MatchesManualSmallDomainEnumeration/GGSame_1470
[       OK ] SmallDomain/SelectorOracleTest.MatchesManualSmallDomainEnumeration/GGSame_1470 (0 ms)
[ RUN      ] SmallDomain/SelectorOracleTest.MatchesManualSmallDomainEnumeration/GGMixed_1471
[       OK ] SmallDomain/SelectorOracleTest.MatchesManualSmallDomainEnumeration/GGMixed_1471 (5 ms)
[ RUN      ] SmallDomain/SelectorOracleTest.MatchesManualSmallDomainEnumeration/FF_1472
[       OK ] SmallDomain/SelectorOracleTest.MatchesManualSmallDomainEnumeration/FF_1472 (0 ms)
[ RUN      ] SmallDomain/SelectorOracleTest.MatchesManualSmallDomainEnumeration/GF_1473
[       OK ] SmallDomain/SelectorOracleTest.MatchesManualSmallDomainEnumeration/GF_1473 (0 ms)
[ RUN      ] SmallDomain/SelectorOracleTest.MatchesManualSmallDomainEnumeration/GGSame_1474
[       OK ] SmallDomain/SelectorOracleTest.MatchesManualSmallDomainEnumeration/GGSame_1474 (0 ms)
[ RUN      ] SmallDomain/SelectorOracleTest.MatchesManualSmallDomainEnumeration/GGMixed_1475
[       OK ] SmallDomain/SelectorOracleTest.MatchesManualSmallDomainEnumeration/GGMixed_1475 (6 ms)
[ RUN      ] SmallDomain/SelectorOracleTest.MatchesManualSmallDomainEnumeration/FF_1476
[       OK ] SmallDomain/SelectorOracleTest.MatchesManualSmallDomainEnumeration/FF_1476 (0 ms)
[ RUN      ] SmallDomain/SelectorOracleTest.MatchesManualSmallDomainEnumeration/GF_1477
[       OK ] SmallDomain/SelectorOracleTest.MatchesManualSmallDomainEnumeration/GF_1477 (0 ms)
[ RUN      ] SmallDomain/SelectorOracleTest.MatchesManualSmallDomainEnumeration/GGSame_1478
[       OK ] SmallDomain/SelectorOracleTest.MatchesManualSmallDomainEnumeration/GGSame_1478 (0 ms)
[ RUN      ] SmallDomain/SelectorOracleTest.MatchesManualSmallDomainEnumeration/GGMixed_1479
[       OK ] SmallDomain/SelectorOracleTest.MatchesManualSmallDomainEnumeration/GGMixed_1479 (5 ms)
[ RUN      ] SmallDomain/SelectorOracleTest.MatchesManualSmallDomainEnumeration/FF_1480
[       OK ] SmallDomain/SelectorOracleTest.MatchesManualSmallDomainEnumeration/FF_1480 (0 ms)
[ RUN      ] SmallDomain/SelectorOracleTest.MatchesManualSmallDomainEnumeration/GF_1481
[       OK ] SmallDomain/SelectorOracleTest.MatchesManualSmallDomainEnumeration/GF_1481 (0 ms)
[ RUN      ] SmallDomain/SelectorOracleTest.MatchesManualSmallDomainEnumeration/GGSame_1482
[       OK ] SmallDomain/SelectorOracleTest.MatchesManualSmallDomainEnumeration/GGSame_1482 (0 ms)
[ RUN      ] SmallDomain/SelectorOracleTest.MatchesManualSmallDomainEnumeration/GGMixed_1483
[       OK ] SmallDomain/SelectorOracleTest.MatchesManualSmallDomainEnumeration/GGMixed_1483 (6 ms)
[ RUN      ] SmallDomain/SelectorOracleTest.MatchesManualSmallDomainEnumeration/FF_1484
[       OK ] SmallDomain/SelectorOracleTest.MatchesManualSmallDomainEnumeration/FF_1484 (0 ms)
[ RUN      ] SmallDomain/SelectorOracleTest.MatchesManualSmallDomainEnumeration/GF_1485
[       OK ] SmallDomain/SelectorOracleTest.MatchesManualSmallDomainEnumeration/GF_1485 (0 ms)
[ RUN      ] SmallDomain/SelectorOracleTest.MatchesManualSmallDomainEnumeration/GGSame_1486
[       OK ] SmallDomain/SelectorOracleTest.MatchesManualSmallDomainEnumeration/GGSame_1486 (0 ms)
[ RUN      ] SmallDomain/SelectorOracleTest.MatchesManualSmallDomainEnumeration/GGMixed_1487
[       OK ] SmallDomain/SelectorOracleTest.MatchesManualSmallDomainEnumeration/GGMixed_1487 (4 ms)
[ RUN      ] SmallDomain/SelectorOracleTest.MatchesManualSmallDomainEnumeration/FF_1488
[       OK ] SmallDomain/SelectorOracleTest.MatchesManualSmallDomainEnumeration/FF_1488 (0 ms)
[ RUN      ] SmallDomain/SelectorOracleTest.MatchesManualSmallDomainEnumeration/GF_1489
[       OK ] SmallDomain/SelectorOracleTest.MatchesManualSmallDomainEnumeration/GF_1489 (0 ms)
[ RUN      ] SmallDomain/SelectorOracleTest.MatchesManualSmallDomainEnumeration/GGSame_1490
[       OK ] SmallDomain/SelectorOracleTest.MatchesManualSmallDomainEnumeration/GGSame_1490 (0 ms)
[ RUN      ] SmallDomain/SelectorOracleTest.MatchesManualSmallDomainEnumeration/GGMixed_1491
[       OK ] SmallDomain/SelectorOracleTest.MatchesManualSmallDomainEnumeration/GGMixed_1491 (6 ms)
[ RUN      ] SmallDomain/SelectorOracleTest.MatchesManualSmallDomainEnumeration/FF_1492
[       OK ] SmallDomain/SelectorOracleTest.MatchesManualSmallDomainEnumeration/FF_1492 (0 ms)
[ RUN      ] SmallDomain/SelectorOracleTest.MatchesManualSmallDomainEnumeration/GF_1493
[       OK ] SmallDomain/SelectorOracleTest.MatchesManualSmallDomainEnumeration/GF_1493 (0 ms)
[ RUN      ] SmallDomain/SelectorOracleTest.MatchesManualSmallDomainEnumeration/GGSame_1494
[       OK ] SmallDomain/SelectorOracleTest.MatchesManualSmallDomainEnumeration/GGSame_1494 (0 ms)
[ RUN      ] SmallDomain/SelectorOracleTest.MatchesManualSmallDomainEnumeration/GGMixed_1495
[       OK ] SmallDomain/SelectorOracleTest.MatchesManualSmallDomainEnumeration/GGMixed_1495 (5 ms)
[ RUN      ] SmallDomain/SelectorOracleTest.MatchesManualSmallDomainEnumeration/FF_1496
[       OK ] SmallDomain/SelectorOracleTest.MatchesManualSmallDomainEnumeration/FF_1496 (0 ms)
[ RUN      ] SmallDomain/SelectorOracleTest.MatchesManualSmallDomainEnumeration/GF_1497
[       OK ] SmallDomain/SelectorOracleTest.MatchesManualSmallDomainEnumeration/GF_1497 (0 ms)
[ RUN      ] SmallDomain/SelectorOracleTest.MatchesManualSmallDomainEnumeration/GGSame_1498
[       OK ] SmallDomain/SelectorOracleTest.MatchesManualSmallDomainEnumeration/GGSame_1498 (0 ms)
[ RUN      ] SmallDomain/SelectorOracleTest.MatchesManualSmallDomainEnumeration/GGMixed_1499
[       OK ] SmallDomain/SelectorOracleTest.MatchesManualSmallDomainEnumeration/GGMixed_1499 (6 ms)
[ RUN      ] SmallDomain/SelectorOracleTest.MatchesManualSmallDomainEnumeration/FF_1500
[       OK ] SmallDomain/SelectorOracleTest.MatchesManualSmallDomainEnumeration/FF_1500 (0 ms)
[ RUN      ] SmallDomain/SelectorOracleTest.MatchesManualSmallDomainEnumeration/GF_1501
[       OK ] SmallDomain/SelectorOracleTest.MatchesManualSmallDomainEnumeration/GF_1501 (0 ms)
[ RUN      ] SmallDomain/SelectorOracleTest.MatchesManualSmallDomainEnumeration/GGSame_1502
[       OK ] SmallDomain/SelectorOracleTest.MatchesManualSmallDomainEnumeration/GGSame_1502 (0 ms)
[ RUN      ] SmallDomain/SelectorOracleTest.MatchesManualSmallDomainEnumeration/GGMixed_1503
[       OK ] SmallDomain/SelectorOracleTest.MatchesManualSmallDomainEnumeration/GGMixed_1503 (5 ms)
[ RUN      ] SmallDomain/SelectorOracleTest.MatchesManualSmallDomainEnumeration/FF_1504
[       OK ] SmallDomain/SelectorOracleTest.MatchesManualSmallDomainEnumeration/FF_1504 (0 ms)
[ RUN      ] SmallDomain/SelectorOracleTest.MatchesManualSmallDomainEnumeration/GF_1505
[       OK ] SmallDomain/SelectorOracleTest.MatchesManualSmallDomainEnumeration/GF_1505 (0 ms)
[ RUN      ] SmallDomain/SelectorOracleTest.MatchesManualSmallDomainEnumeration/GGSame_1506
[       OK ] SmallDomain/SelectorOracleTest.MatchesManualSmallDomainEnumeration/GGSame_1506 (0 ms)
[ RUN      ] SmallDomain/SelectorOracleTest.MatchesManualSmallDomainEnumeration/GGMixed_1507
[       OK ] SmallDomain/SelectorOracleTest.MatchesManualSmallDomainEnumeration/GGMixed_1507 (6 ms)
[ RUN      ] SmallDomain/SelectorOracleTest.MatchesManualSmallDomainEnumeration/FF_1508
[       OK ] SmallDomain/SelectorOracleTest.MatchesManualSmallDomainEnumeration/FF_1508 (0 ms)
[ RUN      ] SmallDomain/SelectorOracleTest.MatchesManualSmallDomainEnumeration/GF_1509
[       OK ] SmallDomain/SelectorOracleTest.MatchesManualSmallDomainEnumeration/GF_1509 (0 ms)
[ RUN      ] SmallDomain/SelectorOracleTest.MatchesManualSmallDomainEnumeration/GGSame_1510
[       OK ] SmallDomain/SelectorOracleTest.MatchesManualSmallDomainEnumeration/GGSame_1510 (0 ms)
[ RUN      ] SmallDomain/SelectorOracleTest.MatchesManualSmallDomainEnumeration/GGMixed_1511
[       OK ] SmallDomain/SelectorOracleTest.MatchesManualSmallDomainEnumeration/GGMixed_1511 (5 ms)
[ RUN      ] SmallDomain/SelectorOracleTest.MatchesManualSmallDomainEnumeration/FF_1512
[       OK ] SmallDomain/SelectorOracleTest.MatchesManualSmallDomainEnumeration/FF_1512 (0 ms)
[ RUN      ] SmallDomain/SelectorOracleTest.MatchesManualSmallDomainEnumeration/GF_1513
[       OK ] SmallDomain/SelectorOracleTest.MatchesManualSmallDomainEnumeration/GF_1513 (0 ms)
[ RUN      ] SmallDomain/SelectorOracleTest.MatchesManualSmallDomainEnumeration/GGSame_1514
[       OK ] SmallDomain/SelectorOracleTest.MatchesManualSmallDomainEnumeration/GGSame_1514 (0 ms)
[ RUN      ] SmallDomain/SelectorOracleTest.MatchesManualSmallDomainEnumeration/GGMixed_1515
[       OK ] SmallDomain/SelectorOracleTest.MatchesManualSmallDomainEnumeration/GGMixed_1515 (6 ms)
[ RUN      ] SmallDomain/SelectorOracleTest.MatchesManualSmallDomainEnumeration/FF_1516
[       OK ] SmallDomain/SelectorOracleTest.MatchesManualSmallDomainEnumeration/FF_1516 (0 ms)
[ RUN      ] SmallDomain/SelectorOracleTest.MatchesManualSmallDomainEnumeration/GF_1517
[       OK ] SmallDomain/SelectorOracleTest.MatchesManualSmallDomainEnumeration/GF_1517 (0 ms)
[ RUN      ] SmallDomain/SelectorOracleTest.MatchesManualSmallDomainEnumeration/GGSame_1518
[       OK ] SmallDomain/SelectorOracleTest.MatchesManualSmallDomainEnumeration/GGSame_1518 (0 ms)
[ RUN      ] SmallDomain/SelectorOracleTest.MatchesManualSmallDomainEnumeration/GGMixed_1519
[       OK ] SmallDomain/SelectorOracleTest.MatchesManualSmallDomainEnumeration/GGMixed_1519 (5 ms)
[ RUN      ] SmallDomain/SelectorOracleTest.MatchesManualSmallDomainEnumeration/FF_1520
[       OK ] SmallDomain/SelectorOracleTest.MatchesManualSmallDomainEnumeration/FF_1520 (0 ms)
[ RUN      ] SmallDomain/SelectorOracleTest.MatchesManualSmallDomainEnumeration/GF_1521
[       OK ] SmallDomain/SelectorOracleTest.MatchesManualSmallDomainEnumeration/GF_1521 (0 ms)
[ RUN      ] SmallDomain/SelectorOracleTest.MatchesManualSmallDomainEnumeration/GGSame_1522
[       OK ] SmallDomain/SelectorOracleTest.MatchesManualSmallDomainEnumeration/GGSame_1522 (0 ms)
[ RUN      ] SmallDomain/SelectorOracleTest.MatchesManualSmallDomainEnumeration/GGMixed_1523
[       OK ] SmallDomain/SelectorOracleTest.MatchesManualSmallDomainEnumeration/GGMixed_1523 (6 ms)
[ RUN      ] SmallDomain/SelectorOracleTest.MatchesManualSmallDomainEnumeration/FF_1524
[       OK ] SmallDomain/SelectorOracleTest.MatchesManualSmallDomainEnumeration/FF_1524 (0 ms)
[ RUN      ] SmallDomain/SelectorOracleTest.MatchesManualSmallDomainEnumeration/GF_1525
[       OK ] SmallDomain/SelectorOracleTest.MatchesManualSmallDomainEnumeration/GF_1525 (0 ms)
[ RUN      ] SmallDomain/SelectorOracleTest.MatchesManualSmallDomainEnumeration/GGSame_1526
[       OK ] SmallDomain/SelectorOracleTest.MatchesManualSmallDomainEnumeration/GGSame_1526 (0 ms)
[ RUN      ] SmallDomain/SelectorOracleTest.MatchesManualSmallDomainEnumeration/GGMixed_1527
[       OK ] SmallDomain/SelectorOracleTest.MatchesManualSmallDomainEnumeration/GGMixed_1527 (5 ms)
[ RUN      ] SmallDomain/SelectorOracleTest.MatchesManualSmallDomainEnumeration/FF_1528
[       OK ] SmallDomain/SelectorOracleTest.MatchesManualSmallDomainEnumeration/FF_1528 (0 ms)
[ RUN      ] SmallDomain/SelectorOracleTest.MatchesManualSmallDomainEnumeration/GF_1529
[       OK ] SmallDomain/SelectorOracleTest.MatchesManualSmallDomainEnumeration/GF_1529 (0 ms)
[ RUN      ] SmallDomain/SelectorOracleTest.MatchesManualSmallDomainEnumeration/GGSame_1530
[       OK ] SmallDomain/SelectorOracleTest.MatchesManualSmallDomainEnumeration/GGSame_1530 (0 ms)
[ RUN      ] SmallDomain/SelectorOracleTest.MatchesManualSmallDomainEnumeration/GGMixed_1531
[       OK ] SmallDomain/SelectorOracleTest.MatchesManualSmallDomainEnumeration/GGMixed_1531 (6 ms)
[ RUN      ] SmallDomain/SelectorOracleTest.MatchesManualSmallDomainEnumeration/FF_1532
[       OK ] SmallDomain/SelectorOracleTest.MatchesManualSmallDomainEnumeration/FF_1532 (0 ms)
[ RUN      ] SmallDomain/SelectorOracleTest.MatchesManualSmallDomainEnumeration/GF_1533
[       OK ] SmallDomain/SelectorOracleTest.MatchesManualSmallDomainEnumeration/GF_1533 (0 ms)
[ RUN      ] SmallDomain/SelectorOracleTest.MatchesManualSmallDomainEnumeration/GGSame_1534
[       OK ] SmallDomain/SelectorOracleTest.MatchesManualSmallDomainEnumeration/GGSame_1534 (0 ms)
[ RUN      ] SmallDomain/SelectorOracleTest.MatchesManualSmallDomainEnumeration/GGMixed_1535
[       OK ] SmallDomain/SelectorOracleTest.MatchesManualSmallDomainEnumeration/GGMixed_1535 (4 ms)
[ RUN      ] SmallDomain/SelectorOracleTest.MatchesManualSmallDomainEnumeration/FF_1536
[       OK ] SmallDomain/SelectorOracleTest.MatchesManualSmallDomainEnumeration/FF_1536 (0 ms)
[ RUN      ] SmallDomain/SelectorOracleTest.MatchesManualSmallDomainEnumeration/GF_1537
[       OK ] SmallDomain/SelectorOracleTest.MatchesManualSmallDomainEnumeration/GF_1537 (0 ms)
[ RUN      ] SmallDomain/SelectorOracleTest.MatchesManualSmallDomainEnumeration/GGSame_1538
[       OK ] SmallDomain/SelectorOracleTest.MatchesManualSmallDomainEnumeration/GGSame_1538 (0 ms)
[ RUN      ] SmallDomain/SelectorOracleTest.MatchesManualSmallDomainEnumeration/GGMixed_1539
[       OK ] SmallDomain/SelectorOracleTest.MatchesManualSmallDomainEnumeration/GGMixed_1539 (6 ms)
[ RUN      ] SmallDomain/SelectorOracleTest.MatchesManualSmallDomainEnumeration/FF_1540
[       OK ] SmallDomain/SelectorOracleTest.MatchesManualSmallDomainEnumeration/FF_1540 (0 ms)
[ RUN      ] SmallDomain/SelectorOracleTest.MatchesManualSmallDomainEnumeration/GF_1541
[       OK ] SmallDomain/SelectorOracleTest.MatchesManualSmallDomainEnumeration/GF_1541 (0 ms)
[ RUN      ] SmallDomain/SelectorOracleTest.MatchesManualSmallDomainEnumeration/GGSame_1542
[       OK ] SmallDomain/SelectorOracleTest.MatchesManualSmallDomainEnumeration/GGSame_1542 (0 ms)
[ RUN      ] SmallDomain/SelectorOracleTest.MatchesManualSmallDomainEnumeration/GGMixed_1543
[       OK ] SmallDomain/SelectorOracleTest.MatchesManualSmallDomainEnumeration/GGMixed_1543 (5 ms)
[ RUN      ] SmallDomain/SelectorOracleTest.MatchesManualSmallDomainEnumeration/FF_1544
[       OK ] SmallDomain/SelectorOracleTest.MatchesManualSmallDomainEnumeration/FF_1544 (0 ms)
[ RUN      ] SmallDomain/SelectorOracleTest.MatchesManualSmallDomainEnumeration/GF_1545
[       OK ] SmallDomain/SelectorOracleTest.MatchesManualSmallDomainEnumeration/GF_1545 (0 ms)
[ RUN      ] SmallDomain/SelectorOracleTest.MatchesManualSmallDomainEnumeration/GGSame_1546
[       OK ] SmallDomain/SelectorOracleTest.MatchesManualSmallDomainEnumeration/GGSame_1546 (0 ms)
[ RUN      ] SmallDomain/SelectorOracleTest.MatchesManualSmallDomainEnumeration/GGMixed_1547
[       OK ] SmallDomain/SelectorOracleTest.MatchesManualSmallDomainEnumeration/GGMixed_1547 (5 ms)
[ RUN      ] SmallDomain/SelectorOracleTest.MatchesManualSmallDomainEnumeration/FF_1548
[       OK ] SmallDomain/SelectorOracleTest.MatchesManualSmallDomainEnumeration/FF_1548 (0 ms)
[ RUN      ] SmallDomain/SelectorOracleTest.MatchesManualSmallDomainEnumeration/GF_1549
[       OK ] SmallDomain/SelectorOracleTest.MatchesManualSmallDomainEnumeration/GF_1549 (0 ms)
[ RUN      ] SmallDomain/SelectorOracleTest.MatchesManualSmallDomainEnumeration/GGSame_1550
[       OK ] SmallDomain/SelectorOracleTest.MatchesManualSmallDomainEnumeration/GGSame_1550 (0 ms)
[ RUN      ] SmallDomain/SelectorOracleTest.MatchesManualSmallDomainEnumeration/GGMixed_1551
[       OK ] SmallDomain/SelectorOracleTest.MatchesManualSmallDomainEnumeration/GGMixed_1551 (5 ms)
[ RUN      ] SmallDomain/SelectorOracleTest.MatchesManualSmallDomainEnumeration/FF_1552
[       OK ] SmallDomain/SelectorOracleTest.MatchesManualSmallDomainEnumeration/FF_1552 (0 ms)
[ RUN      ] SmallDomain/SelectorOracleTest.MatchesManualSmallDomainEnumeration/GF_1553
[       OK ] SmallDomain/SelectorOracleTest.MatchesManualSmallDomainEnumeration/GF_1553 (0 ms)
[ RUN      ] SmallDomain/SelectorOracleTest.MatchesManualSmallDomainEnumeration/GGSame_1554
[       OK ] SmallDomain/SelectorOracleTest.MatchesManualSmallDomainEnumeration/GGSame_1554 (0 ms)
[ RUN      ] SmallDomain/SelectorOracleTest.MatchesManualSmallDomainEnumeration/GGMixed_1555
[       OK ] SmallDomain/SelectorOracleTest.MatchesManualSmallDomainEnumeration/GGMixed_1555 (6 ms)
[ RUN      ] SmallDomain/SelectorOracleTest.MatchesManualSmallDomainEnumeration/FF_1556
[       OK ] SmallDomain/SelectorOracleTest.MatchesManualSmallDomainEnumeration/FF_1556 (0 ms)
[ RUN      ] SmallDomain/SelectorOracleTest.MatchesManualSmallDomainEnumeration/GF_1557
[       OK ] SmallDomain/SelectorOracleTest.MatchesManualSmallDomainEnumeration/GF_1557 (0 ms)
[ RUN      ] SmallDomain/SelectorOracleTest.MatchesManualSmallDomainEnumeration/GGSame_1558
[       OK ] SmallDomain/SelectorOracleTest.MatchesManualSmallDomainEnumeration/GGSame_1558 (0 ms)
[ RUN      ] SmallDomain/SelectorOracleTest.MatchesManualSmallDomainEnumeration/GGMixed_1559
[       OK ] SmallDomain/SelectorOracleTest.MatchesManualSmallDomainEnumeration/GGMixed_1559 (5 ms)
[ RUN      ] SmallDomain/SelectorOracleTest.MatchesManualSmallDomainEnumeration/FF_1560
[       OK ] SmallDomain/SelectorOracleTest.MatchesManualSmallDomainEnumeration/FF_1560 (0 ms)
[ RUN      ] SmallDomain/SelectorOracleTest.MatchesManualSmallDomainEnumeration/GF_1561
[       OK ] SmallDomain/SelectorOracleTest.MatchesManualSmallDomainEnumeration/GF_1561 (0 ms)
[ RUN      ] SmallDomain/SelectorOracleTest.MatchesManualSmallDomainEnumeration/GGSame_1562
[       OK ] SmallDomain/SelectorOracleTest.MatchesManualSmallDomainEnumeration/GGSame_1562 (0 ms)
[ RUN      ] SmallDomain/SelectorOracleTest.MatchesManualSmallDomainEnumeration/GGMixed_1563
[       OK ] SmallDomain/SelectorOracleTest.MatchesManualSmallDomainEnumeration/GGMixed_1563 (6 ms)
[ RUN      ] SmallDomain/SelectorOracleTest.MatchesManualSmallDomainEnumeration/FF_1564
[       OK ] SmallDomain/SelectorOracleTest.MatchesManualSmallDomainEnumeration/FF_1564 (0 ms)
[ RUN      ] SmallDomain/SelectorOracleTest.MatchesManualSmallDomainEnumeration/GF_1565
[       OK ] SmallDomain/SelectorOracleTest.MatchesManualSmallDomainEnumeration/GF_1565 (0 ms)
[ RUN      ] SmallDomain/SelectorOracleTest.MatchesManualSmallDomainEnumeration/GGSame_1566
[       OK ] SmallDomain/SelectorOracleTest.MatchesManualSmallDomainEnumeration/GGSame_1566 (0 ms)
[ RUN      ] SmallDomain/SelectorOracleTest.MatchesManualSmallDomainEnumeration/GGMixed_1567
[       OK ] SmallDomain/SelectorOracleTest.MatchesManualSmallDomainEnumeration/GGMixed_1567 (5 ms)
[ RUN      ] SmallDomain/SelectorOracleTest.MatchesManualSmallDomainEnumeration/FF_1568
[       OK ] SmallDomain/SelectorOracleTest.MatchesManualSmallDomainEnumeration/FF_1568 (0 ms)
[ RUN      ] SmallDomain/SelectorOracleTest.MatchesManualSmallDomainEnumeration/GF_1569
[       OK ] SmallDomain/SelectorOracleTest.MatchesManualSmallDomainEnumeration/GF_1569 (0 ms)
[ RUN      ] SmallDomain/SelectorOracleTest.MatchesManualSmallDomainEnumeration/GGSame_1570
[       OK ] SmallDomain/SelectorOracleTest.MatchesManualSmallDomainEnumeration/GGSame_1570 (0 ms)
[ RUN      ] SmallDomain/SelectorOracleTest.MatchesManualSmallDomainEnumeration/GGMixed_1571
[       OK ] SmallDomain/SelectorOracleTest.MatchesManualSmallDomainEnumeration/GGMixed_1571 (6 ms)
[ RUN      ] SmallDomain/SelectorOracleTest.MatchesManualSmallDomainEnumeration/FF_1572
[       OK ] SmallDomain/SelectorOracleTest.MatchesManualSmallDomainEnumeration/FF_1572 (0 ms)
[ RUN      ] SmallDomain/SelectorOracleTest.MatchesManualSmallDomainEnumeration/GF_1573
[       OK ] SmallDomain/SelectorOracleTest.MatchesManualSmallDomainEnumeration/GF_1573 (0 ms)
[ RUN      ] SmallDomain/SelectorOracleTest.MatchesManualSmallDomainEnumeration/GGSame_1574
[       OK ] SmallDomain/SelectorOracleTest.MatchesManualSmallDomainEnumeration/GGSame_1574 (0 ms)
[ RUN      ] SmallDomain/SelectorOracleTest.MatchesManualSmallDomainEnumeration/GGMixed_1575
[       OK ] SmallDomain/SelectorOracleTest.MatchesManualSmallDomainEnumeration/GGMixed_1575 (5 ms)
[ RUN      ] SmallDomain/SelectorOracleTest.MatchesManualSmallDomainEnumeration/FF_1576
[       OK ] SmallDomain/SelectorOracleTest.MatchesManualSmallDomainEnumeration/FF_1576 (0 ms)
[ RUN      ] SmallDomain/SelectorOracleTest.MatchesManualSmallDomainEnumeration/GF_1577
[       OK ] SmallDomain/SelectorOracleTest.MatchesManualSmallDomainEnumeration/GF_1577 (0 ms)
[ RUN      ] SmallDomain/SelectorOracleTest.MatchesManualSmallDomainEnumeration/GGSame_1578
[       OK ] SmallDomain/SelectorOracleTest.MatchesManualSmallDomainEnumeration/GGSame_1578 (0 ms)
[ RUN      ] SmallDomain/SelectorOracleTest.MatchesManualSmallDomainEnumeration/GGMixed_1579
[       OK ] SmallDomain/SelectorOracleTest.MatchesManualSmallDomainEnumeration/GGMixed_1579 (6 ms)
[ RUN      ] SmallDomain/SelectorOracleTest.MatchesManualSmallDomainEnumeration/FF_1580
[       OK ] SmallDomain/SelectorOracleTest.MatchesManualSmallDomainEnumeration/FF_1580 (0 ms)
[ RUN      ] SmallDomain/SelectorOracleTest.MatchesManualSmallDomainEnumeration/GF_1581
[       OK ] SmallDomain/SelectorOracleTest.MatchesManualSmallDomainEnumeration/GF_1581 (0 ms)
[ RUN      ] SmallDomain/SelectorOracleTest.MatchesManualSmallDomainEnumeration/GGSame_1582
[       OK ] SmallDomain/SelectorOracleTest.MatchesManualSmallDomainEnumeration/GGSame_1582 (0 ms)
[ RUN      ] SmallDomain/SelectorOracleTest.MatchesManualSmallDomainEnumeration/GGMixed_1583
[       OK ] SmallDomain/SelectorOracleTest.MatchesManualSmallDomainEnumeration/GGMixed_1583 (4 ms)
[ RUN      ] SmallDomain/SelectorOracleTest.MatchesManualSmallDomainEnumeration/FF_1584
[       OK ] SmallDomain/SelectorOracleTest.MatchesManualSmallDomainEnumeration/FF_1584 (0 ms)
[ RUN      ] SmallDomain/SelectorOracleTest.MatchesManualSmallDomainEnumeration/GF_1585
[       OK ] SmallDomain/SelectorOracleTest.MatchesManualSmallDomainEnumeration/GF_1585 (0 ms)
[ RUN      ] SmallDomain/SelectorOracleTest.MatchesManualSmallDomainEnumeration/GGSame_1586
[       OK ] SmallDomain/SelectorOracleTest.MatchesManualSmallDomainEnumeration/GGSame_1586 (0 ms)
[ RUN      ] SmallDomain/SelectorOracleTest.MatchesManualSmallDomainEnumeration/GGMixed_1587
[       OK ] SmallDomain/SelectorOracleTest.MatchesManualSmallDomainEnumeration/GGMixed_1587 (6 ms)
[ RUN      ] SmallDomain/SelectorOracleTest.MatchesManualSmallDomainEnumeration/FF_1588
[       OK ] SmallDomain/SelectorOracleTest.MatchesManualSmallDomainEnumeration/FF_1588 (0 ms)
[ RUN      ] SmallDomain/SelectorOracleTest.MatchesManualSmallDomainEnumeration/GF_1589
[       OK ] SmallDomain/SelectorOracleTest.MatchesManualSmallDomainEnumeration/GF_1589 (0 ms)
[ RUN      ] SmallDomain/SelectorOracleTest.MatchesManualSmallDomainEnumeration/GGSame_1590
[       OK ] SmallDomain/SelectorOracleTest.MatchesManualSmallDomainEnumeration/GGSame_1590 (0 ms)
[ RUN      ] SmallDomain/SelectorOracleTest.MatchesManualSmallDomainEnumeration/GGMixed_1591
[       OK ] SmallDomain/SelectorOracleTest.MatchesManualSmallDomainEnumeration/GGMixed_1591 (5 ms)
[ RUN      ] SmallDomain/SelectorOracleTest.MatchesManualSmallDomainEnumeration/FF_1592
[       OK ] SmallDomain/SelectorOracleTest.MatchesManualSmallDomainEnumeration/FF_1592 (0 ms)
[ RUN      ] SmallDomain/SelectorOracleTest.MatchesManualSmallDomainEnumeration/GF_1593
[       OK ] SmallDomain/SelectorOracleTest.MatchesManualSmallDomainEnumeration/GF_1593 (0 ms)
[ RUN      ] SmallDomain/SelectorOracleTest.MatchesManualSmallDomainEnumeration/GGSame_1594
[       OK ] SmallDomain/SelectorOracleTest.MatchesManualSmallDomainEnumeration/GGSame_1594 (0 ms)
[ RUN      ] SmallDomain/SelectorOracleTest.MatchesManualSmallDomainEnumeration/GGMixed_1595
[       OK ] SmallDomain/SelectorOracleTest.MatchesManualSmallDomainEnumeration/GGMixed_1595 (6 ms)
[ RUN      ] SmallDomain/SelectorOracleTest.MatchesManualSmallDomainEnumeration/FF_1596
[       OK ] SmallDomain/SelectorOracleTest.MatchesManualSmallDomainEnumeration/FF_1596 (0 ms)
[ RUN      ] SmallDomain/SelectorOracleTest.MatchesManualSmallDomainEnumeration/GF_1597
[       OK ] SmallDomain/SelectorOracleTest.MatchesManualSmallDomainEnumeration/GF_1597 (0 ms)
[ RUN      ] SmallDomain/SelectorOracleTest.MatchesManualSmallDomainEnumeration/GGSame_1598
[       OK ] SmallDomain/SelectorOracleTest.MatchesManualSmallDomainEnumeration/GGSame_1598 (0 ms)
[ RUN      ] SmallDomain/SelectorOracleTest.MatchesManualSmallDomainEnumeration/GGMixed_1599
[       OK ] SmallDomain/SelectorOracleTest.MatchesManualSmallDomainEnumeration/GGMixed_1599 (5 ms)
[ RUN      ] SmallDomain/SelectorOracleTest.MatchesManualSmallDomainEnumeration/FF_1600
[       OK ] SmallDomain/SelectorOracleTest.MatchesManualSmallDomainEnumeration/FF_1600 (0 ms)
[ RUN      ] SmallDomain/SelectorOracleTest.MatchesManualSmallDomainEnumeration/GF_1601
[       OK ] SmallDomain/SelectorOracleTest.MatchesManualSmallDomainEnumeration/GF_1601 (0 ms)
[ RUN      ] SmallDomain/SelectorOracleTest.MatchesManualSmallDomainEnumeration/GGSame_1602
[       OK ] SmallDomain/SelectorOracleTest.MatchesManualSmallDomainEnumeration/GGSame_1602 (0 ms)
[ RUN      ] SmallDomain/SelectorOracleTest.MatchesManualSmallDomainEnumeration/GGMixed_1603
[       OK ] SmallDomain/SelectorOracleTest.MatchesManualSmallDomainEnumeration/GGMixed_1603 (6 ms)
[ RUN      ] SmallDomain/SelectorOracleTest.MatchesManualSmallDomainEnumeration/FF_1604
[       OK ] SmallDomain/SelectorOracleTest.MatchesManualSmallDomainEnumeration/FF_1604 (0 ms)
[ RUN      ] SmallDomain/SelectorOracleTest.MatchesManualSmallDomainEnumeration/GF_1605
[       OK ] SmallDomain/SelectorOracleTest.MatchesManualSmallDomainEnumeration/GF_1605 (0 ms)
[ RUN      ] SmallDomain/SelectorOracleTest.MatchesManualSmallDomainEnumeration/GGSame_1606
[       OK ] SmallDomain/SelectorOracleTest.MatchesManualSmallDomainEnumeration/GGSame_1606 (0 ms)
[ RUN      ] SmallDomain/SelectorOracleTest.MatchesManualSmallDomainEnumeration/GGMixed_1607
[       OK ] SmallDomain/SelectorOracleTest.MatchesManualSmallDomainEnumeration/GGMixed_1607 (5 ms)
[ RUN      ] SmallDomain/SelectorOracleTest.MatchesManualSmallDomainEnumeration/FF_1608
[       OK ] SmallDomain/SelectorOracleTest.MatchesManualSmallDomainEnumeration/FF_1608 (0 ms)
[ RUN      ] SmallDomain/SelectorOracleTest.MatchesManualSmallDomainEnumeration/GF_1609
[       OK ] SmallDomain/SelectorOracleTest.MatchesManualSmallDomainEnumeration/GF_1609 (0 ms)
[ RUN      ] SmallDomain/SelectorOracleTest.MatchesManualSmallDomainEnumeration/GGSame_1610
[       OK ] SmallDomain/SelectorOracleTest.MatchesManualSmallDomainEnumeration/GGSame_1610 (0 ms)
[ RUN      ] SmallDomain/SelectorOracleTest.MatchesManualSmallDomainEnumeration/GGMixed_1611
[       OK ] SmallDomain/SelectorOracleTest.MatchesManualSmallDomainEnumeration/GGMixed_1611 (6 ms)
[ RUN      ] SmallDomain/SelectorOracleTest.MatchesManualSmallDomainEnumeration/FF_1612
[       OK ] SmallDomain/SelectorOracleTest.MatchesManualSmallDomainEnumeration/FF_1612 (0 ms)
[ RUN      ] SmallDomain/SelectorOracleTest.MatchesManualSmallDomainEnumeration/GF_1613
[       OK ] SmallDomain/SelectorOracleTest.MatchesManualSmallDomainEnumeration/GF_1613 (0 ms)
[ RUN      ] SmallDomain/SelectorOracleTest.MatchesManualSmallDomainEnumeration/GGSame_1614
[       OK ] SmallDomain/SelectorOracleTest.MatchesManualSmallDomainEnumeration/GGSame_1614 (0 ms)
[ RUN      ] SmallDomain/SelectorOracleTest.MatchesManualSmallDomainEnumeration/GGMixed_1615
[       OK ] SmallDomain/SelectorOracleTest.MatchesManualSmallDomainEnumeration/GGMixed_1615 (5 ms)
[ RUN      ] SmallDomain/SelectorOracleTest.MatchesManualSmallDomainEnumeration/FF_1616
[       OK ] SmallDomain/SelectorOracleTest.MatchesManualSmallDomainEnumeration/FF_1616 (0 ms)
[ RUN      ] SmallDomain/SelectorOracleTest.MatchesManualSmallDomainEnumeration/GF_1617
[       OK ] SmallDomain/SelectorOracleTest.MatchesManualSmallDomainEnumeration/GF_1617 (0 ms)
[ RUN      ] SmallDomain/SelectorOracleTest.MatchesManualSmallDomainEnumeration/GGSame_1618
[       OK ] SmallDomain/SelectorOracleTest.MatchesManualSmallDomainEnumeration/GGSame_1618 (0 ms)
[ RUN      ] SmallDomain/SelectorOracleTest.MatchesManualSmallDomainEnumeration/GGMixed_1619
[       OK ] SmallDomain/SelectorOracleTest.MatchesManualSmallDomainEnumeration/GGMixed_1619 (6 ms)
[ RUN      ] SmallDomain/SelectorOracleTest.MatchesManualSmallDomainEnumeration/FF_1620
[       OK ] SmallDomain/SelectorOracleTest.MatchesManualSmallDomainEnumeration/FF_1620 (0 ms)
[ RUN      ] SmallDomain/SelectorOracleTest.MatchesManualSmallDomainEnumeration/GF_1621
[       OK ] SmallDomain/SelectorOracleTest.MatchesManualSmallDomainEnumeration/GF_1621 (0 ms)
[ RUN      ] SmallDomain/SelectorOracleTest.MatchesManualSmallDomainEnumeration/GGSame_1622
[       OK ] SmallDomain/SelectorOracleTest.MatchesManualSmallDomainEnumeration/GGSame_1622 (0 ms)
[ RUN      ] SmallDomain/SelectorOracleTest.MatchesManualSmallDomainEnumeration/GGMixed_1623
[       OK ] SmallDomain/SelectorOracleTest.MatchesManualSmallDomainEnumeration/GGMixed_1623 (5 ms)
[ RUN      ] SmallDomain/SelectorOracleTest.MatchesManualSmallDomainEnumeration/FF_1624
[       OK ] SmallDomain/SelectorOracleTest.MatchesManualSmallDomainEnumeration/FF_1624 (0 ms)
[ RUN      ] SmallDomain/SelectorOracleTest.MatchesManualSmallDomainEnumeration/GF_1625
[       OK ] SmallDomain/SelectorOracleTest.MatchesManualSmallDomainEnumeration/GF_1625 (0 ms)
[ RUN      ] SmallDomain/SelectorOracleTest.MatchesManualSmallDomainEnumeration/GGSame_1626
[       OK ] SmallDomain/SelectorOracleTest.MatchesManualSmallDomainEnumeration/GGSame_1626 (0 ms)
[ RUN      ] SmallDomain/SelectorOracleTest.MatchesManualSmallDomainEnumeration/GGMixed_1627
[       OK ] SmallDomain/SelectorOracleTest.MatchesManualSmallDomainEnumeration/GGMixed_1627 (6 ms)
[ RUN      ] SmallDomain/SelectorOracleTest.MatchesManualSmallDomainEnumeration/FF_1628
[       OK ] SmallDomain/SelectorOracleTest.MatchesManualSmallDomainEnumeration/FF_1628 (0 ms)
[ RUN      ] SmallDomain/SelectorOracleTest.MatchesManualSmallDomainEnumeration/GF_1629
[       OK ] SmallDomain/SelectorOracleTest.MatchesManualSmallDomainEnumeration/GF_1629 (0 ms)
[ RUN      ] SmallDomain/SelectorOracleTest.MatchesManualSmallDomainEnumeration/GGSame_1630
[       OK ] SmallDomain/SelectorOracleTest.MatchesManualSmallDomainEnumeration/GGSame_1630 (0 ms)
[ RUN      ] SmallDomain/SelectorOracleTest.MatchesManualSmallDomainEnumeration/GGMixed_1631
[       OK ] SmallDomain/SelectorOracleTest.MatchesManualSmallDomainEnumeration/GGMixed_1631 (4 ms)
[ RUN      ] SmallDomain/SelectorOracleTest.MatchesManualSmallDomainEnumeration/FF_1632
[       OK ] SmallDomain/SelectorOracleTest.MatchesManualSmallDomainEnumeration/FF_1632 (0 ms)
[ RUN      ] SmallDomain/SelectorOracleTest.MatchesManualSmallDomainEnumeration/GF_1633
[       OK ] SmallDomain/SelectorOracleTest.MatchesManualSmallDomainEnumeration/GF_1633 (0 ms)
[ RUN      ] SmallDomain/SelectorOracleTest.MatchesManualSmallDomainEnumeration/GGSame_1634
[       OK ] SmallDomain/SelectorOracleTest.MatchesManualSmallDomainEnumeration/GGSame_1634 (0 ms)
[ RUN      ] SmallDomain/SelectorOracleTest.MatchesManualSmallDomainEnumeration/GGMixed_1635
[       OK ] SmallDomain/SelectorOracleTest.MatchesManualSmallDomainEnumeration/GGMixed_1635 (6 ms)
[ RUN      ] SmallDomain/SelectorOracleTest.MatchesManualSmallDomainEnumeration/FF_1636
[       OK ] SmallDomain/SelectorOracleTest.MatchesManualSmallDomainEnumeration/FF_1636 (0 ms)
[ RUN      ] SmallDomain/SelectorOracleTest.MatchesManualSmallDomainEnumeration/GF_1637
[       OK ] SmallDomain/SelectorOracleTest.MatchesManualSmallDomainEnumeration/GF_1637 (0 ms)
[ RUN      ] SmallDomain/SelectorOracleTest.MatchesManualSmallDomainEnumeration/GGSame_1638
[       OK ] SmallDomain/SelectorOracleTest.MatchesManualSmallDomainEnumeration/GGSame_1638 (0 ms)
[ RUN      ] SmallDomain/SelectorOracleTest.MatchesManualSmallDomainEnumeration/GGMixed_1639
[       OK ] SmallDomain/SelectorOracleTest.MatchesManualSmallDomainEnumeration/GGMixed_1639 (5 ms)
[ RUN      ] SmallDomain/SelectorOracleTest.MatchesManualSmallDomainEnumeration/FF_1640
[       OK ] SmallDomain/SelectorOracleTest.MatchesManualSmallDomainEnumeration/FF_1640 (0 ms)
[ RUN      ] SmallDomain/SelectorOracleTest.MatchesManualSmallDomainEnumeration/GF_1641
[       OK ] SmallDomain/SelectorOracleTest.MatchesManualSmallDomainEnumeration/GF_1641 (0 ms)
[ RUN      ] SmallDomain/SelectorOracleTest.MatchesManualSmallDomainEnumeration/GGSame_1642
[       OK ] SmallDomain/SelectorOracleTest.MatchesManualSmallDomainEnumeration/GGSame_1642 (0 ms)
[ RUN      ] SmallDomain/SelectorOracleTest.MatchesManualSmallDomainEnumeration/GGMixed_1643
[       OK ] SmallDomain/SelectorOracleTest.MatchesManualSmallDomainEnumeration/GGMixed_1643 (6 ms)
[ RUN      ] SmallDomain/SelectorOracleTest.MatchesManualSmallDomainEnumeration/FF_1644
[       OK ] SmallDomain/SelectorOracleTest.MatchesManualSmallDomainEnumeration/FF_1644 (0 ms)
[ RUN      ] SmallDomain/SelectorOracleTest.MatchesManualSmallDomainEnumeration/GF_1645
[       OK ] SmallDomain/SelectorOracleTest.MatchesManualSmallDomainEnumeration/GF_1645 (0 ms)
[ RUN      ] SmallDomain/SelectorOracleTest.MatchesManualSmallDomainEnumeration/GGSame_1646
[       OK ] SmallDomain/SelectorOracleTest.MatchesManualSmallDomainEnumeration/GGSame_1646 (0 ms)
[ RUN      ] SmallDomain/SelectorOracleTest.MatchesManualSmallDomainEnumeration/GGMixed_1647
[       OK ] SmallDomain/SelectorOracleTest.MatchesManualSmallDomainEnumeration/GGMixed_1647 (5 ms)
[ RUN      ] SmallDomain/SelectorOracleTest.MatchesManualSmallDomainEnumeration/FF_1648
[       OK ] SmallDomain/SelectorOracleTest.MatchesManualSmallDomainEnumeration/FF_1648 (0 ms)
[ RUN      ] SmallDomain/SelectorOracleTest.MatchesManualSmallDomainEnumeration/GF_1649
[       OK ] SmallDomain/SelectorOracleTest.MatchesManualSmallDomainEnumeration/GF_1649 (0 ms)
[ RUN      ] SmallDomain/SelectorOracleTest.MatchesManualSmallDomainEnumeration/GGSame_1650
[       OK ] SmallDomain/SelectorOracleTest.MatchesManualSmallDomainEnumeration/GGSame_1650 (0 ms)
[ RUN      ] SmallDomain/SelectorOracleTest.MatchesManualSmallDomainEnumeration/GGMixed_1651
[       OK ] SmallDomain/SelectorOracleTest.MatchesManualSmallDomainEnumeration/GGMixed_1651 (5 ms)
[ RUN      ] SmallDomain/SelectorOracleTest.MatchesManualSmallDomainEnumeration/FF_1652
[       OK ] SmallDomain/SelectorOracleTest.MatchesManualSmallDomainEnumeration/FF_1652 (0 ms)
[ RUN      ] SmallDomain/SelectorOracleTest.MatchesManualSmallDomainEnumeration/GF_1653
[       OK ] SmallDomain/SelectorOracleTest.MatchesManualSmallDomainEnumeration/GF_1653 (0 ms)
[ RUN      ] SmallDomain/SelectorOracleTest.MatchesManualSmallDomainEnumeration/GGSame_1654
[       OK ] SmallDomain/SelectorOracleTest.MatchesManualSmallDomainEnumeration/GGSame_1654 (0 ms)
[ RUN      ] SmallDomain/SelectorOracleTest.MatchesManualSmallDomainEnumeration/GGMixed_1655
[       OK ] SmallDomain/SelectorOracleTest.MatchesManualSmallDomainEnumeration/GGMixed_1655 (4 ms)
[ RUN      ] SmallDomain/SelectorOracleTest.MatchesManualSmallDomainEnumeration/FF_1656
[       OK ] SmallDomain/SelectorOracleTest.MatchesManualSmallDomainEnumeration/FF_1656 (0 ms)
[ RUN      ] SmallDomain/SelectorOracleTest.MatchesManualSmallDomainEnumeration/GF_1657
[       OK ] SmallDomain/SelectorOracleTest.MatchesManualSmallDomainEnumeration/GF_1657 (0 ms)
[ RUN      ] SmallDomain/SelectorOracleTest.MatchesManualSmallDomainEnumeration/GGSame_1658
[       OK ] SmallDomain/SelectorOracleTest.MatchesManualSmallDomainEnumeration/GGSame_1658 (0 ms)
[ RUN      ] SmallDomain/SelectorOracleTest.MatchesManualSmallDomainEnumeration/GGMixed_1659
[       OK ] SmallDomain/SelectorOracleTest.MatchesManualSmallDomainEnumeration/GGMixed_1659 (5 ms)
[ RUN      ] SmallDomain/SelectorOracleTest.MatchesManualSmallDomainEnumeration/FF_1660
[       OK ] SmallDomain/SelectorOracleTest.MatchesManualSmallDomainEnumeration/FF_1660 (0 ms)
[ RUN      ] SmallDomain/SelectorOracleTest.MatchesManualSmallDomainEnumeration/GF_1661
[       OK ] SmallDomain/SelectorOracleTest.MatchesManualSmallDomainEnumeration/GF_1661 (0 ms)
[ RUN      ] SmallDomain/SelectorOracleTest.MatchesManualSmallDomainEnumeration/GGSame_1662
[       OK ] SmallDomain/SelectorOracleTest.MatchesManualSmallDomainEnumeration/GGSame_1662 (0 ms)
[ RUN      ] SmallDomain/SelectorOracleTest.MatchesManualSmallDomainEnumeration/GGMixed_1663
[       OK ] SmallDomain/SelectorOracleTest.MatchesManualSmallDomainEnumeration/GGMixed_1663 (4 ms)
[ RUN      ] SmallDomain/SelectorOracleTest.MatchesManualSmallDomainEnumeration/FF_1664
[       OK ] SmallDomain/SelectorOracleTest.MatchesManualSmallDomainEnumeration/FF_1664 (0 ms)
[ RUN      ] SmallDomain/SelectorOracleTest.MatchesManualSmallDomainEnumeration/GF_1665
[       OK ] SmallDomain/SelectorOracleTest.MatchesManualSmallDomainEnumeration/GF_1665 (0 ms)
[ RUN      ] SmallDomain/SelectorOracleTest.MatchesManualSmallDomainEnumeration/GGSame_1666
[       OK ] SmallDomain/SelectorOracleTest.MatchesManualSmallDomainEnumeration/GGSame_1666 (0 ms)
[ RUN      ] SmallDomain/SelectorOracleTest.MatchesManualSmallDomainEnumeration/GGMixed_1667
[       OK ] SmallDomain/SelectorOracleTest.MatchesManualSmallDomainEnumeration/GGMixed_1667 (5 ms)
[ RUN      ] SmallDomain/SelectorOracleTest.MatchesManualSmallDomainEnumeration/FF_1668
[       OK ] SmallDomain/SelectorOracleTest.MatchesManualSmallDomainEnumeration/FF_1668 (0 ms)
[ RUN      ] SmallDomain/SelectorOracleTest.MatchesManualSmallDomainEnumeration/GF_1669
[       OK ] SmallDomain/SelectorOracleTest.MatchesManualSmallDomainEnumeration/GF_1669 (0 ms)
[ RUN      ] SmallDomain/SelectorOracleTest.MatchesManualSmallDomainEnumeration/GGSame_1670
[       OK ] SmallDomain/SelectorOracleTest.MatchesManualSmallDomainEnumeration/GGSame_1670 (0 ms)
[ RUN      ] SmallDomain/SelectorOracleTest.MatchesManualSmallDomainEnumeration/GGMixed_1671
[       OK ] SmallDomain/SelectorOracleTest.MatchesManualSmallDomainEnumeration/GGMixed_1671 (4 ms)
[ RUN      ] SmallDomain/SelectorOracleTest.MatchesManualSmallDomainEnumeration/FF_1672
[       OK ] SmallDomain/SelectorOracleTest.MatchesManualSmallDomainEnumeration/FF_1672 (0 ms)
[ RUN      ] SmallDomain/SelectorOracleTest.MatchesManualSmallDomainEnumeration/GF_1673
[       OK ] SmallDomain/SelectorOracleTest.MatchesManualSmallDomainEnumeration/GF_1673 (0 ms)
[ RUN      ] SmallDomain/SelectorOracleTest.MatchesManualSmallDomainEnumeration/GGSame_1674
[       OK ] SmallDomain/SelectorOracleTest.MatchesManualSmallDomainEnumeration/GGSame_1674 (0 ms)
[ RUN      ] SmallDomain/SelectorOracleTest.MatchesManualSmallDomainEnumeration/GGMixed_1675
[       OK ] SmallDomain/SelectorOracleTest.MatchesManualSmallDomainEnumeration/GGMixed_1675 (5 ms)
[ RUN      ] SmallDomain/SelectorOracleTest.MatchesManualSmallDomainEnumeration/FF_1676
[       OK ] SmallDomain/SelectorOracleTest.MatchesManualSmallDomainEnumeration/FF_1676 (0 ms)
[ RUN      ] SmallDomain/SelectorOracleTest.MatchesManualSmallDomainEnumeration/GF_1677
[       OK ] SmallDomain/SelectorOracleTest.MatchesManualSmallDomainEnumeration/GF_1677 (0 ms)
[ RUN      ] SmallDomain/SelectorOracleTest.MatchesManualSmallDomainEnumeration/GGSame_1678
[       OK ] SmallDomain/SelectorOracleTest.MatchesManualSmallDomainEnumeration/GGSame_1678 (0 ms)
[ RUN      ] SmallDomain/SelectorOracleTest.MatchesManualSmallDomainEnumeration/GGMixed_1679
[       OK ] SmallDomain/SelectorOracleTest.MatchesManualSmallDomainEnumeration/GGMixed_1679 (4 ms)
[ RUN      ] SmallDomain/SelectorOracleTest.MatchesManualSmallDomainEnumeration/FF_1680
[       OK ] SmallDomain/SelectorOracleTest.MatchesManualSmallDomainEnumeration/FF_1680 (0 ms)
[ RUN      ] SmallDomain/SelectorOracleTest.MatchesManualSmallDomainEnumeration/GF_1681
[       OK ] SmallDomain/SelectorOracleTest.MatchesManualSmallDomainEnumeration/GF_1681 (0 ms)
[ RUN      ] SmallDomain/SelectorOracleTest.MatchesManualSmallDomainEnumeration/GGSame_1682
[       OK ] SmallDomain/SelectorOracleTest.MatchesManualSmallDomainEnumeration/GGSame_1682 (0 ms)
[ RUN      ] SmallDomain/SelectorOracleTest.MatchesManualSmallDomainEnumeration/GGMixed_1683
[       OK ] SmallDomain/SelectorOracleTest.MatchesManualSmallDomainEnumeration/GGMixed_1683 (5 ms)
[ RUN      ] SmallDomain/SelectorOracleTest.MatchesManualSmallDomainEnumeration/FF_1684
[       OK ] SmallDomain/SelectorOracleTest.MatchesManualSmallDomainEnumeration/FF_1684 (0 ms)
[ RUN      ] SmallDomain/SelectorOracleTest.MatchesManualSmallDomainEnumeration/GF_1685
[       OK ] SmallDomain/SelectorOracleTest.MatchesManualSmallDomainEnumeration/GF_1685 (0 ms)
[ RUN      ] SmallDomain/SelectorOracleTest.MatchesManualSmallDomainEnumeration/GGSame_1686
[       OK ] SmallDomain/SelectorOracleTest.MatchesManualSmallDomainEnumeration/GGSame_1686 (0 ms)
[ RUN      ] SmallDomain/SelectorOracleTest.MatchesManualSmallDomainEnumeration/GGMixed_1687
[       OK ] SmallDomain/SelectorOracleTest.MatchesManualSmallDomainEnumeration/GGMixed_1687 (4 ms)
[ RUN      ] SmallDomain/SelectorOracleTest.MatchesManualSmallDomainEnumeration/FF_1688
[       OK ] SmallDomain/SelectorOracleTest.MatchesManualSmallDomainEnumeration/FF_1688 (0 ms)
[ RUN      ] SmallDomain/SelectorOracleTest.MatchesManualSmallDomainEnumeration/GF_1689
[       OK ] SmallDomain/SelectorOracleTest.MatchesManualSmallDomainEnumeration/GF_1689 (0 ms)
[ RUN      ] SmallDomain/SelectorOracleTest.MatchesManualSmallDomainEnumeration/GGSame_1690
[       OK ] SmallDomain/SelectorOracleTest.MatchesManualSmallDomainEnumeration/GGSame_1690 (0 ms)
[ RUN      ] SmallDomain/SelectorOracleTest.MatchesManualSmallDomainEnumeration/GGMixed_1691
[       OK ] SmallDomain/SelectorOracleTest.MatchesManualSmallDomainEnumeration/GGMixed_1691 (5 ms)
[ RUN      ] SmallDomain/SelectorOracleTest.MatchesManualSmallDomainEnumeration/FF_1692
[       OK ] SmallDomain/SelectorOracleTest.MatchesManualSmallDomainEnumeration/FF_1692 (0 ms)
[ RUN      ] SmallDomain/SelectorOracleTest.MatchesManualSmallDomainEnumeration/GF_1693
[       OK ] SmallDomain/SelectorOracleTest.MatchesManualSmallDomainEnumeration/GF_1693 (0 ms)
[ RUN      ] SmallDomain/SelectorOracleTest.MatchesManualSmallDomainEnumeration/GGSame_1694
[       OK ] SmallDomain/SelectorOracleTest.MatchesManualSmallDomainEnumeration/GGSame_1694 (0 ms)
[ RUN      ] SmallDomain/SelectorOracleTest.MatchesManualSmallDomainEnumeration/GGMixed_1695
[       OK ] SmallDomain/SelectorOracleTest.MatchesManualSmallDomainEnumeration/GGMixed_1695 (4 ms)
[ RUN      ] SmallDomain/SelectorOracleTest.MatchesManualSmallDomainEnumeration/FF_1696
[       OK ] SmallDomain/SelectorOracleTest.MatchesManualSmallDomainEnumeration/FF_1696 (0 ms)
[ RUN      ] SmallDomain/SelectorOracleTest.MatchesManualSmallDomainEnumeration/GF_1697
[       OK ] SmallDomain/SelectorOracleTest.MatchesManualSmallDomainEnumeration/GF_1697 (0 ms)
[ RUN      ] SmallDomain/SelectorOracleTest.MatchesManualSmallDomainEnumeration/GGSame_1698
[       OK ] SmallDomain/SelectorOracleTest.MatchesManualSmallDomainEnumeration/GGSame_1698 (0 ms)
[ RUN      ] SmallDomain/SelectorOracleTest.MatchesManualSmallDomainEnumeration/GGMixed_1699
[       OK ] SmallDomain/SelectorOracleTest.MatchesManualSmallDomainEnumeration/GGMixed_1699 (6 ms)
[ RUN      ] SmallDomain/SelectorOracleTest.MatchesManualSmallDomainEnumeration/FF_1700
[       OK ] SmallDomain/SelectorOracleTest.MatchesManualSmallDomainEnumeration/FF_1700 (0 ms)
[ RUN      ] SmallDomain/SelectorOracleTest.MatchesManualSmallDomainEnumeration/GF_1701
[       OK ] SmallDomain/SelectorOracleTest.MatchesManualSmallDomainEnumeration/GF_1701 (0 ms)
[ RUN      ] SmallDomain/SelectorOracleTest.MatchesManualSmallDomainEnumeration/GGSame_1702
[       OK ] SmallDomain/SelectorOracleTest.MatchesManualSmallDomainEnumeration/GGSame_1702 (0 ms)
[ RUN      ] SmallDomain/SelectorOracleTest.MatchesManualSmallDomainEnumeration/GGMixed_1703
[       OK ] SmallDomain/SelectorOracleTest.MatchesManualSmallDomainEnumeration/GGMixed_1703 (5 ms)
[ RUN      ] SmallDomain/SelectorOracleTest.MatchesManualSmallDomainEnumeration/FF_1704
[       OK ] SmallDomain/SelectorOracleTest.MatchesManualSmallDomainEnumeration/FF_1704 (0 ms)
[ RUN      ] SmallDomain/SelectorOracleTest.MatchesManualSmallDomainEnumeration/GF_1705
[       OK ] SmallDomain/SelectorOracleTest.MatchesManualSmallDomainEnumeration/GF_1705 (0 ms)
[ RUN      ] SmallDomain/SelectorOracleTest.MatchesManualSmallDomainEnumeration/GGSame_1706
[       OK ] SmallDomain/SelectorOracleTest.MatchesManualSmallDomainEnumeration/GGSame_1706 (0 ms)
[ RUN      ] SmallDomain/SelectorOracleTest.MatchesManualSmallDomainEnumeration/GGMixed_1707
[       OK ] SmallDomain/SelectorOracleTest.MatchesManualSmallDomainEnumeration/GGMixed_1707 (6 ms)
[ RUN      ] SmallDomain/SelectorOracleTest.MatchesManualSmallDomainEnumeration/FF_1708
[       OK ] SmallDomain/SelectorOracleTest.MatchesManualSmallDomainEnumeration/FF_1708 (0 ms)
[ RUN      ] SmallDomain/SelectorOracleTest.MatchesManualSmallDomainEnumeration/GF_1709
[       OK ] SmallDomain/SelectorOracleTest.MatchesManualSmallDomainEnumeration/GF_1709 (0 ms)
[ RUN      ] SmallDomain/SelectorOracleTest.MatchesManualSmallDomainEnumeration/GGSame_1710
[       OK ] SmallDomain/SelectorOracleTest.MatchesManualSmallDomainEnumeration/GGSame_1710 (0 ms)
[ RUN      ] SmallDomain/SelectorOracleTest.MatchesManualSmallDomainEnumeration/GGMixed_1711
[       OK ] SmallDomain/SelectorOracleTest.MatchesManualSmallDomainEnumeration/GGMixed_1711 (5 ms)
[ RUN      ] SmallDomain/SelectorOracleTest.MatchesManualSmallDomainEnumeration/FF_1712
[       OK ] SmallDomain/SelectorOracleTest.MatchesManualSmallDomainEnumeration/FF_1712 (0 ms)
[ RUN      ] SmallDomain/SelectorOracleTest.MatchesManualSmallDomainEnumeration/GF_1713
[       OK ] SmallDomain/SelectorOracleTest.MatchesManualSmallDomainEnumeration/GF_1713 (0 ms)
[ RUN      ] SmallDomain/SelectorOracleTest.MatchesManualSmallDomainEnumeration/GGSame_1714
[       OK ] SmallDomain/SelectorOracleTest.MatchesManualSmallDomainEnumeration/GGSame_1714 (0 ms)
[ RUN      ] SmallDomain/SelectorOracleTest.MatchesManualSmallDomainEnumeration/GGMixed_1715
[       OK ] SmallDomain/SelectorOracleTest.MatchesManualSmallDomainEnumeration/GGMixed_1715 (5 ms)
[ RUN      ] SmallDomain/SelectorOracleTest.MatchesManualSmallDomainEnumeration/FF_1716
[       OK ] SmallDomain/SelectorOracleTest.MatchesManualSmallDomainEnumeration/FF_1716 (0 ms)
[ RUN      ] SmallDomain/SelectorOracleTest.MatchesManualSmallDomainEnumeration/GF_1717
[       OK ] SmallDomain/SelectorOracleTest.MatchesManualSmallDomainEnumeration/GF_1717 (0 ms)
[ RUN      ] SmallDomain/SelectorOracleTest.MatchesManualSmallDomainEnumeration/GGSame_1718
[       OK ] SmallDomain/SelectorOracleTest.MatchesManualSmallDomainEnumeration/GGSame_1718 (0 ms)
[ RUN      ] SmallDomain/SelectorOracleTest.MatchesManualSmallDomainEnumeration/GGMixed_1719
[       OK ] SmallDomain/SelectorOracleTest.MatchesManualSmallDomainEnumeration/GGMixed_1719 (5 ms)
[ RUN      ] SmallDomain/SelectorOracleTest.MatchesManualSmallDomainEnumeration/FF_1720
[       OK ] SmallDomain/SelectorOracleTest.MatchesManualSmallDomainEnumeration/FF_1720 (0 ms)
[ RUN      ] SmallDomain/SelectorOracleTest.MatchesManualSmallDomainEnumeration/GF_1721
[       OK ] SmallDomain/SelectorOracleTest.MatchesManualSmallDomainEnumeration/GF_1721 (0 ms)
[ RUN      ] SmallDomain/SelectorOracleTest.MatchesManualSmallDomainEnumeration/GGSame_1722
[       OK ] SmallDomain/SelectorOracleTest.MatchesManualSmallDomainEnumeration/GGSame_1722 (0 ms)
[ RUN      ] SmallDomain/SelectorOracleTest.MatchesManualSmallDomainEnumeration/GGMixed_1723
[       OK ] SmallDomain/SelectorOracleTest.MatchesManualSmallDomainEnumeration/GGMixed_1723 (5 ms)
[ RUN      ] SmallDomain/SelectorOracleTest.MatchesManualSmallDomainEnumeration/FF_1724
[       OK ] SmallDomain/SelectorOracleTest.MatchesManualSmallDomainEnumeration/FF_1724 (0 ms)
[ RUN      ] SmallDomain/SelectorOracleTest.MatchesManualSmallDomainEnumeration/GF_1725
[       OK ] SmallDomain/SelectorOracleTest.MatchesManualSmallDomainEnumeration/GF_1725 (0 ms)
[ RUN      ] SmallDomain/SelectorOracleTest.MatchesManualSmallDomainEnumeration/GGSame_1726
[       OK ] SmallDomain/SelectorOracleTest.MatchesManualSmallDomainEnumeration/GGSame_1726 (0 ms)
[ RUN      ] SmallDomain/SelectorOracleTest.MatchesManualSmallDomainEnumeration/GGMixed_1727
[       OK ] SmallDomain/SelectorOracleTest.MatchesManualSmallDomainEnumeration/GGMixed_1727 (4 ms)
[ RUN      ] SmallDomain/SelectorOracleTest.MatchesManualSmallDomainEnumeration/FF_1728
[       OK ] SmallDomain/SelectorOracleTest.MatchesManualSmallDomainEnumeration/FF_1728 (0 ms)
[ RUN      ] SmallDomain/SelectorOracleTest.MatchesManualSmallDomainEnumeration/GF_1729
[       OK ] SmallDomain/SelectorOracleTest.MatchesManualSmallDomainEnumeration/GF_1729 (0 ms)
[ RUN      ] SmallDomain/SelectorOracleTest.MatchesManualSmallDomainEnumeration/GGSame_1730
[       OK ] SmallDomain/SelectorOracleTest.MatchesManualSmallDomainEnumeration/GGSame_1730 (0 ms)
[ RUN      ] SmallDomain/SelectorOracleTest.MatchesManualSmallDomainEnumeration/GGMixed_1731
[       OK ] SmallDomain/SelectorOracleTest.MatchesManualSmallDomainEnumeration/GGMixed_1731 (6 ms)
[ RUN      ] SmallDomain/SelectorOracleTest.MatchesManualSmallDomainEnumeration/FF_1732
[       OK ] SmallDomain/SelectorOracleTest.MatchesManualSmallDomainEnumeration/FF_1732 (0 ms)
[ RUN      ] SmallDomain/SelectorOracleTest.MatchesManualSmallDomainEnumeration/GF_1733
[       OK ] SmallDomain/SelectorOracleTest.MatchesManualSmallDomainEnumeration/GF_1733 (0 ms)
[ RUN      ] SmallDomain/SelectorOracleTest.MatchesManualSmallDomainEnumeration/GGSame_1734
[       OK ] SmallDomain/SelectorOracleTest.MatchesManualSmallDomainEnumeration/GGSame_1734 (0 ms)
[ RUN      ] SmallDomain/SelectorOracleTest.MatchesManualSmallDomainEnumeration/GGMixed_1735
[       OK ] SmallDomain/SelectorOracleTest.MatchesManualSmallDomainEnumeration/GGMixed_1735 (5 ms)
[ RUN      ] SmallDomain/SelectorOracleTest.MatchesManualSmallDomainEnumeration/FF_1736
[       OK ] SmallDomain/SelectorOracleTest.MatchesManualSmallDomainEnumeration/FF_1736 (0 ms)
[ RUN      ] SmallDomain/SelectorOracleTest.MatchesManualSmallDomainEnumeration/GF_1737
[       OK ] SmallDomain/SelectorOracleTest.MatchesManualSmallDomainEnumeration/GF_1737 (0 ms)
[ RUN      ] SmallDomain/SelectorOracleTest.MatchesManualSmallDomainEnumeration/GGSame_1738
[       OK ] SmallDomain/SelectorOracleTest.MatchesManualSmallDomainEnumeration/GGSame_1738 (0 ms)
[ RUN      ] SmallDomain/SelectorOracleTest.MatchesManualSmallDomainEnumeration/GGMixed_1739
[       OK ] SmallDomain/SelectorOracleTest.MatchesManualSmallDomainEnumeration/GGMixed_1739 (6 ms)
[ RUN      ] SmallDomain/SelectorOracleTest.MatchesManualSmallDomainEnumeration/FF_1740
[       OK ] SmallDomain/SelectorOracleTest.MatchesManualSmallDomainEnumeration/FF_1740 (0 ms)
[ RUN      ] SmallDomain/SelectorOracleTest.MatchesManualSmallDomainEnumeration/GF_1741
[       OK ] SmallDomain/SelectorOracleTest.MatchesManualSmallDomainEnumeration/GF_1741 (0 ms)
[ RUN      ] SmallDomain/SelectorOracleTest.MatchesManualSmallDomainEnumeration/GGSame_1742
[       OK ] SmallDomain/SelectorOracleTest.MatchesManualSmallDomainEnumeration/GGSame_1742 (0 ms)
[ RUN      ] SmallDomain/SelectorOracleTest.MatchesManualSmallDomainEnumeration/GGMixed_1743
[       OK ] SmallDomain/SelectorOracleTest.MatchesManualSmallDomainEnumeration/GGMixed_1743 (5 ms)
[ RUN      ] SmallDomain/SelectorOracleTest.MatchesManualSmallDomainEnumeration/FF_1744
[       OK ] SmallDomain/SelectorOracleTest.MatchesManualSmallDomainEnumeration/FF_1744 (0 ms)
[ RUN      ] SmallDomain/SelectorOracleTest.MatchesManualSmallDomainEnumeration/GF_1745
[       OK ] SmallDomain/SelectorOracleTest.MatchesManualSmallDomainEnumeration/GF_1745 (0 ms)
[ RUN      ] SmallDomain/SelectorOracleTest.MatchesManualSmallDomainEnumeration/GGSame_1746
[       OK ] SmallDomain/SelectorOracleTest.MatchesManualSmallDomainEnumeration/GGSame_1746 (0 ms)
[ RUN      ] SmallDomain/SelectorOracleTest.MatchesManualSmallDomainEnumeration/GGMixed_1747
[       OK ] SmallDomain/SelectorOracleTest.MatchesManualSmallDomainEnumeration/GGMixed_1747 (6 ms)
[ RUN      ] SmallDomain/SelectorOracleTest.MatchesManualSmallDomainEnumeration/FF_1748
[       OK ] SmallDomain/SelectorOracleTest.MatchesManualSmallDomainEnumeration/FF_1748 (0 ms)
[ RUN      ] SmallDomain/SelectorOracleTest.MatchesManualSmallDomainEnumeration/GF_1749
[       OK ] SmallDomain/SelectorOracleTest.MatchesManualSmallDomainEnumeration/GF_1749 (0 ms)
[ RUN      ] SmallDomain/SelectorOracleTest.MatchesManualSmallDomainEnumeration/GGSame_1750
[       OK ] SmallDomain/SelectorOracleTest.MatchesManualSmallDomainEnumeration/GGSame_1750 (0 ms)
[ RUN      ] SmallDomain/SelectorOracleTest.MatchesManualSmallDomainEnumeration/GGMixed_1751
[       OK ] SmallDomain/SelectorOracleTest.MatchesManualSmallDomainEnumeration/GGMixed_1751 (5 ms)
[ RUN      ] SmallDomain/SelectorOracleTest.MatchesManualSmallDomainEnumeration/FF_1752
[       OK ] SmallDomain/SelectorOracleTest.MatchesManualSmallDomainEnumeration/FF_1752 (0 ms)
[ RUN      ] SmallDomain/SelectorOracleTest.MatchesManualSmallDomainEnumeration/GF_1753
[       OK ] SmallDomain/SelectorOracleTest.MatchesManualSmallDomainEnumeration/GF_1753 (0 ms)
[ RUN      ] SmallDomain/SelectorOracleTest.MatchesManualSmallDomainEnumeration/GGSame_1754
[       OK ] SmallDomain/SelectorOracleTest.MatchesManualSmallDomainEnumeration/GGSame_1754 (0 ms)
[ RUN      ] SmallDomain/SelectorOracleTest.MatchesManualSmallDomainEnumeration/GGMixed_1755
[       OK ] SmallDomain/SelectorOracleTest.MatchesManualSmallDomainEnumeration/GGMixed_1755 (6 ms)
[ RUN      ] SmallDomain/SelectorOracleTest.MatchesManualSmallDomainEnumeration/FF_1756
[       OK ] SmallDomain/SelectorOracleTest.MatchesManualSmallDomainEnumeration/FF_1756 (0 ms)
[ RUN      ] SmallDomain/SelectorOracleTest.MatchesManualSmallDomainEnumeration/GF_1757
[       OK ] SmallDomain/SelectorOracleTest.MatchesManualSmallDomainEnumeration/GF_1757 (0 ms)
[ RUN      ] SmallDomain/SelectorOracleTest.MatchesManualSmallDomainEnumeration/GGSame_1758
[       OK ] SmallDomain/SelectorOracleTest.MatchesManualSmallDomainEnumeration/GGSame_1758 (0 ms)
[ RUN      ] SmallDomain/SelectorOracleTest.MatchesManualSmallDomainEnumeration/GGMixed_1759
[       OK ] SmallDomain/SelectorOracleTest.MatchesManualSmallDomainEnumeration/GGMixed_1759 (5 ms)
[ RUN      ] SmallDomain/SelectorOracleTest.MatchesManualSmallDomainEnumeration/FF_1760
[       OK ] SmallDomain/SelectorOracleTest.MatchesManualSmallDomainEnumeration/FF_1760 (0 ms)
[ RUN      ] SmallDomain/SelectorOracleTest.MatchesManualSmallDomainEnumeration/GF_1761
[       OK ] SmallDomain/SelectorOracleTest.MatchesManualSmallDomainEnumeration/GF_1761 (0 ms)
[ RUN      ] SmallDomain/SelectorOracleTest.MatchesManualSmallDomainEnumeration/GGSame_1762
[       OK ] SmallDomain/SelectorOracleTest.MatchesManualSmallDomainEnumeration/GGSame_1762 (0 ms)
[ RUN      ] SmallDomain/SelectorOracleTest.MatchesManualSmallDomainEnumeration/GGMixed_1763
[       OK ] SmallDomain/SelectorOracleTest.MatchesManualSmallDomainEnumeration/GGMixed_1763 (6 ms)
[ RUN      ] SmallDomain/SelectorOracleTest.MatchesManualSmallDomainEnumeration/FF_1764
[       OK ] SmallDomain/SelectorOracleTest.MatchesManualSmallDomainEnumeration/FF_1764 (0 ms)
[ RUN      ] SmallDomain/SelectorOracleTest.MatchesManualSmallDomainEnumeration/GF_1765
[       OK ] SmallDomain/SelectorOracleTest.MatchesManualSmallDomainEnumeration/GF_1765 (0 ms)
[ RUN      ] SmallDomain/SelectorOracleTest.MatchesManualSmallDomainEnumeration/GGSame_1766
[       OK ] SmallDomain/SelectorOracleTest.MatchesManualSmallDomainEnumeration/GGSame_1766 (0 ms)
[ RUN      ] SmallDomain/SelectorOracleTest.MatchesManualSmallDomainEnumeration/GGMixed_1767
[       OK ] SmallDomain/SelectorOracleTest.MatchesManualSmallDomainEnumeration/GGMixed_1767 (5 ms)
[ RUN      ] SmallDomain/SelectorOracleTest.MatchesManualSmallDomainEnumeration/FF_1768
[       OK ] SmallDomain/SelectorOracleTest.MatchesManualSmallDomainEnumeration/FF_1768 (0 ms)
[ RUN      ] SmallDomain/SelectorOracleTest.MatchesManualSmallDomainEnumeration/GF_1769
[       OK ] SmallDomain/SelectorOracleTest.MatchesManualSmallDomainEnumeration/GF_1769 (0 ms)
[ RUN      ] SmallDomain/SelectorOracleTest.MatchesManualSmallDomainEnumeration/GGSame_1770
[       OK ] SmallDomain/SelectorOracleTest.MatchesManualSmallDomainEnumeration/GGSame_1770 (0 ms)
[ RUN      ] SmallDomain/SelectorOracleTest.MatchesManualSmallDomainEnumeration/GGMixed_1771
[       OK ] SmallDomain/SelectorOracleTest.MatchesManualSmallDomainEnumeration/GGMixed_1771 (6 ms)
[ RUN      ] SmallDomain/SelectorOracleTest.MatchesManualSmallDomainEnumeration/FF_1772
[       OK ] SmallDomain/SelectorOracleTest.MatchesManualSmallDomainEnumeration/FF_1772 (0 ms)
[ RUN      ] SmallDomain/SelectorOracleTest.MatchesManualSmallDomainEnumeration/GF_1773
[       OK ] SmallDomain/SelectorOracleTest.MatchesManualSmallDomainEnumeration/GF_1773 (0 ms)
[ RUN      ] SmallDomain/SelectorOracleTest.MatchesManualSmallDomainEnumeration/GGSame_1774
[       OK ] SmallDomain/SelectorOracleTest.MatchesManualSmallDomainEnumeration/GGSame_1774 (0 ms)
[ RUN      ] SmallDomain/SelectorOracleTest.MatchesManualSmallDomainEnumeration/GGMixed_1775
[       OK ] SmallDomain/SelectorOracleTest.MatchesManualSmallDomainEnumeration/GGMixed_1775 (4 ms)
[ RUN      ] SmallDomain/SelectorOracleTest.MatchesManualSmallDomainEnumeration/FF_1776
[       OK ] SmallDomain/SelectorOracleTest.MatchesManualSmallDomainEnumeration/FF_1776 (0 ms)
[ RUN      ] SmallDomain/SelectorOracleTest.MatchesManualSmallDomainEnumeration/GF_1777
[       OK ] SmallDomain/SelectorOracleTest.MatchesManualSmallDomainEnumeration/GF_1777 (0 ms)
[ RUN      ] SmallDomain/SelectorOracleTest.MatchesManualSmallDomainEnumeration/GGSame_1778
[       OK ] SmallDomain/SelectorOracleTest.MatchesManualSmallDomainEnumeration/GGSame_1778 (0 ms)
[ RUN      ] SmallDomain/SelectorOracleTest.MatchesManualSmallDomainEnumeration/GGMixed_1779
[       OK ] SmallDomain/SelectorOracleTest.MatchesManualSmallDomainEnumeration/GGMixed_1779 (6 ms)
[ RUN      ] SmallDomain/SelectorOracleTest.MatchesManualSmallDomainEnumeration/FF_1780
[       OK ] SmallDomain/SelectorOracleTest.MatchesManualSmallDomainEnumeration/FF_1780 (0 ms)
[ RUN      ] SmallDomain/SelectorOracleTest.MatchesManualSmallDomainEnumeration/GF_1781
[       OK ] SmallDomain/SelectorOracleTest.MatchesManualSmallDomainEnumeration/GF_1781 (0 ms)
[ RUN      ] SmallDomain/SelectorOracleTest.MatchesManualSmallDomainEnumeration/GGSame_1782
[       OK ] SmallDomain/SelectorOracleTest.MatchesManualSmallDomainEnumeration/GGSame_1782 (0 ms)
[ RUN      ] SmallDomain/SelectorOracleTest.MatchesManualSmallDomainEnumeration/GGMixed_1783
[       OK ] SmallDomain/SelectorOracleTest.MatchesManualSmallDomainEnumeration/GGMixed_1783 (5 ms)
[ RUN      ] SmallDomain/SelectorOracleTest.MatchesManualSmallDomainEnumeration/FF_1784
[       OK ] SmallDomain/SelectorOracleTest.MatchesManualSmallDomainEnumeration/FF_1784 (0 ms)
[ RUN      ] SmallDomain/SelectorOracleTest.MatchesManualSmallDomainEnumeration/GF_1785
[       OK ] SmallDomain/SelectorOracleTest.MatchesManualSmallDomainEnumeration/GF_1785 (0 ms)
[ RUN      ] SmallDomain/SelectorOracleTest.MatchesManualSmallDomainEnumeration/GGSame_1786
[       OK ] SmallDomain/SelectorOracleTest.MatchesManualSmallDomainEnumeration/GGSame_1786 (0 ms)
[ RUN      ] SmallDomain/SelectorOracleTest.MatchesManualSmallDomainEnumeration/GGMixed_1787
[       OK ] SmallDomain/SelectorOracleTest.MatchesManualSmallDomainEnumeration/GGMixed_1787 (6 ms)
[ RUN      ] SmallDomain/SelectorOracleTest.MatchesManualSmallDomainEnumeration/FF_1788
[       OK ] SmallDomain/SelectorOracleTest.MatchesManualSmallDomainEnumeration/FF_1788 (0 ms)
[ RUN      ] SmallDomain/SelectorOracleTest.MatchesManualSmallDomainEnumeration/GF_1789
[       OK ] SmallDomain/SelectorOracleTest.MatchesManualSmallDomainEnumeration/GF_1789 (0 ms)
[ RUN      ] SmallDomain/SelectorOracleTest.MatchesManualSmallDomainEnumeration/GGSame_1790
[       OK ] SmallDomain/SelectorOracleTest.MatchesManualSmallDomainEnumeration/GGSame_1790 (0 ms)
[ RUN      ] SmallDomain/SelectorOracleTest.MatchesManualSmallDomainEnumeration/GGMixed_1791
[       OK ] SmallDomain/SelectorOracleTest.MatchesManualSmallDomainEnumeration/GGMixed_1791 (5 ms)
[ RUN      ] SmallDomain/SelectorOracleTest.MatchesManualSmallDomainEnumeration/FF_1792
[       OK ] SmallDomain/SelectorOracleTest.MatchesManualSmallDomainEnumeration/FF_1792 (0 ms)
[ RUN      ] SmallDomain/SelectorOracleTest.MatchesManualSmallDomainEnumeration/GF_1793
[       OK ] SmallDomain/SelectorOracleTest.MatchesManualSmallDomainEnumeration/GF_1793 (0 ms)
[ RUN      ] SmallDomain/SelectorOracleTest.MatchesManualSmallDomainEnumeration/GGSame_1794
[       OK ] SmallDomain/SelectorOracleTest.MatchesManualSmallDomainEnumeration/GGSame_1794 (0 ms)
[ RUN      ] SmallDomain/SelectorOracleTest.MatchesManualSmallDomainEnumeration/GGMixed_1795
[       OK ] SmallDomain/SelectorOracleTest.MatchesManualSmallDomainEnumeration/GGMixed_1795 (6 ms)
[ RUN      ] SmallDomain/SelectorOracleTest.MatchesManualSmallDomainEnumeration/FF_1796
[       OK ] SmallDomain/SelectorOracleTest.MatchesManualSmallDomainEnumeration/FF_1796 (0 ms)
[ RUN      ] SmallDomain/SelectorOracleTest.MatchesManualSmallDomainEnumeration/GF_1797
[       OK ] SmallDomain/SelectorOracleTest.MatchesManualSmallDomainEnumeration/GF_1797 (0 ms)
[ RUN      ] SmallDomain/SelectorOracleTest.MatchesManualSmallDomainEnumeration/GGSame_1798
[       OK ] SmallDomain/SelectorOracleTest.MatchesManualSmallDomainEnumeration/GGSame_1798 (0 ms)
[ RUN      ] SmallDomain/SelectorOracleTest.MatchesManualSmallDomainEnumeration/GGMixed_1799
[       OK ] SmallDomain/SelectorOracleTest.MatchesManualSmallDomainEnumeration/GGMixed_1799 (5 ms)
[----------] 1800 tests from SmallDomain/SelectorOracleTest (2575 ms total)

[----------] Global test environment tear-down
[==========] 1845 tests from 4 test suites ran. (7057 ms total)
[  PASSED  ] 1843 tests.
[  FAILED  ] 2 tests, listed below:
[  FAILED  ] ACIROpsTest.RegistryContainsExactQueueVarOperations
[  FAILED  ] ACIROpsTest.RuntimeAndQueueVarRegistryIsExact

 2 FAILED TESTS

18/20 Test #15: ACIRModelAnalysisTests ..............   Passed   17.63 sec
19/20 Test #19: CodeGenTests ........................   Passed   30.93 sec
20/20 Test  #1: WorkspaceE2ETests ...................   Passed   60.07 sec

95% tests passed, 1 tests failed out of 20

Label Time Summary:
aggregate-payload    =   3.18 sec*proc (2 tests)
bitfield             =   1.58 sec*proc (1 test)
davincioo            =   1.90 sec*proc (1 test)
e2e                  =  71.91 sec*proc (8 tests)
enum-payload         =   1.47 sec*proc (1 test)
gfsim                =   9.93 sec*proc (6 tests)
nested-payload       =   1.55 sec*proc (1 test)
pyc                  =   3.78 sec*proc (1 test)
recursive-payload    =   1.45 sec*proc (1 test)
rule                 =   2.15 sec*proc (1 test)
verilog              =   3.78 sec*proc (1 test)
workspace            =  60.07 sec*proc (1 test)

Total Test time (real) =  60.08 sec

The following tests FAILED:
	 12 - ACIROpsTests (Failed)
[pyc] Agentic Circuit closure run-id=20260906-aggregate-payload
Obtaining file:///Users/zhoubot/linx-isa/tools/pyCircuit/python/semantic-core
  Installing build dependencies: started
  Installing build dependencies: finished with status 'done'
  Checking if build backend supports build_editable: started
  Checking if build backend supports build_editable: finished with status 'done'
  Getting requirements to build editable: started
  Getting requirements to build editable: finished with status 'done'
  Preparing editable metadata (pyproject.toml): started
  Preparing editable metadata (pyproject.toml): finished with status 'done'
Building wheels for collected packages: pycircuit-semantic-core
  Building editable for pycircuit-semantic-core (pyproject.toml): started
  Building editable for pycircuit-semantic-core (pyproject.toml): finished with status 'done'
  Created wheel for pycircuit-semantic-core: filename=pycircuit_semantic_core-6.0.0-0.editable-py3-none-any.whl size=1497 sha256=216e05be0ae0324039a1b660e1849b7813aa3a3c3cda88c5b0dd859d2147d983
  Stored in directory: /private/var/folders/dw/zd1zl_y14dndg0ydz1mdt25h0000gn/T/pip-ephem-wheel-cache-bewqik4_/wheels/18/18/59/f590cbd4466ba08c77ce31d532c2edd518f77415ab158a24c7
Successfully built pycircuit-semantic-core
Installing collected packages: pycircuit-semantic-core
  Attempting uninstall: pycircuit-semantic-core
    Found existing installation: pycircuit-semantic-core 6.0.0
    Uninstalling pycircuit-semantic-core-6.0.0:
      Successfully uninstalled pycircuit-semantic-core-6.0.0
Successfully installed pycircuit-semantic-core-6.0.0
Obtaining file:///Users/zhoubot/linx-isa/tools/pyCircuit/python/agentic-circuit
  Installing build dependencies: started
  Installing build dependencies: finished with status 'done'
  Checking if build backend supports build_editable: started
  Checking if build backend supports build_editable: finished with status 'done'
  Getting requirements to build editable: started
  Getting requirements to build editable: finished with status 'done'
  Preparing editable metadata (pyproject.toml): started
  Preparing editable metadata (pyproject.toml): finished with status 'done'
Requirement already satisfied: pycircuit-semantic-core==6.0.0 in ./.pycircuit_out/agentic-circuit/venv/lib/python3.14/site-packages (from agentic-circuit==0.1.0) (6.0.0)
Requirement already satisfied: jsonschema>=4.18 in ./.pycircuit_out/agentic-circuit/venv/lib/python3.14/site-packages (from agentic-circuit==0.1.0) (4.26.0)
Requirement already satisfied: lit<19,>=18 in ./.pycircuit_out/agentic-circuit/venv/lib/python3.14/site-packages (from agentic-circuit==0.1.0) (18.1.8)
Requirement already satisfied: pyyaml>=6.0 in ./.pycircuit_out/agentic-circuit/venv/lib/python3.14/site-packages (from agentic-circuit==0.1.0) (6.0.3)
Requirement already satisfied: attrs>=22.2.0 in ./.pycircuit_out/agentic-circuit/venv/lib/python3.14/site-packages (from jsonschema>=4.18->agentic-circuit==0.1.0) (26.1.0)
Requirement already satisfied: jsonschema-specifications>=2023.03.6 in ./.pycircuit_out/agentic-circuit/venv/lib/python3.14/site-packages (from jsonschema>=4.18->agentic-circuit==0.1.0) (2025.9.1)
Requirement already satisfied: referencing>=0.28.4 in ./.pycircuit_out/agentic-circuit/venv/lib/python3.14/site-packages (from jsonschema>=4.18->agentic-circuit==0.1.0) (0.37.0)
Requirement already satisfied: rpds-py>=0.25.0 in ./.pycircuit_out/agentic-circuit/venv/lib/python3.14/site-packages (from jsonschema>=4.18->agentic-circuit==0.1.0) (2026.6.3)
Building wheels for collected packages: agentic-circuit
  Building editable for agentic-circuit (pyproject.toml): started
  Building editable for agentic-circuit (pyproject.toml): finished with status 'done'
  Created wheel for agentic-circuit: filename=agentic_circuit-0.1.0-0.editable-py3-none-any.whl size=4284 sha256=eeaaea29b20bec7d75ede526286d3c7d73c377d0a17ceafe94eb53f2118e6cdb
  Stored in directory: /private/var/folders/dw/zd1zl_y14dndg0ydz1mdt25h0000gn/T/pip-ephem-wheel-cache-zppwclpe/wheels/4a/52/c1/0d118760cea8f6ac5269a29f1e1932145039bb6c8a43cf6cd4
Successfully built agentic-circuit
Installing collected packages: agentic-circuit
  Attempting uninstall: agentic-circuit
    Found existing installation: agentic-circuit 0.1.0
    Uninstalling agentic-circuit-0.1.0:
      Successfully uninstalled agentic-circuit-0.1.0
Successfully installed agentic-circuit-0.1.0
[pyc] AC G0/G1: configure integrated ACIR compiler
-- Using LLVM 22.1.8 from /opt/homebrew/opt/llvm/lib/cmake/llvm
-- Using MLIR 22.1.8 from /opt/homebrew/opt/llvm/lib/cmake/mlir
-- Found Python3: /opt/homebrew/Frameworks/Python.framework/Versions/3.14/bin/python3.14 (found suitable version "3.14.6", minimum required is "3.11") found components: Interpreter
-- Found Python3: /opt/homebrew/Frameworks/Python.framework/Versions/3.14/bin/python3.14 (found suitable version "3.14.6", minimum required is "3.11") found components: Interpreter Development.Module
-- Standalone Agentic Circuit build: ACIR-to-PYC toolchain target is disabled
-- Configuring done (0.2s)
-- Generating done (0.1s)
-- Build files have been written to: /Users/zhoubot/linx-isa/tools/pyCircuit/.pycircuit_out/acir/dev-llvm22
ninja: no work to do.
[0/1] Running Agentic Circuit lit tests
-- Testing: 173 tests, 10 workers --
PASS: AgenticCircuit :: ACSim/ops-invalid.mlir (1 of 173)
PASS: AgenticCircuit :: ACIR/protocols-invalid.mlir (2 of 173)
PASS: AgenticCircuit :: ACIR/resources-invalid.mlir (3 of 173)
PASS: AgenticCircuit :: ACIR/hierarchy-invalid.mlir (4 of 173)
PASS: AgenticCircuit :: CodeGen/extension-provider.mlir (5 of 173)
PASS: AgenticCircuit :: CodeGen/driver-stages.mlir (6 of 173)
PASS: AgenticCircuit :: CodeGen/nested-modules.mlir (7 of 173)
PASS: AgenticCircuit :: ACIR/address-time-invalid.mlir (8 of 173)
PASS: AgenticCircuit :: Analysis/raw-structure-preflight.mlir (9 of 173)
PASS: AgenticCircuit :: CodeGen/determinism.mlir (10 of 173)
PASS: AgenticCircuit :: ACIR/interfaces-invalid.mlir (11 of 173)
PASS: AgenticCircuit :: ACIR/table-invalid.mlir (12 of 173)
PASS: AgenticCircuit :: ACIR/types-invalid.mlir (13 of 173)
PASS: AgenticCircuit :: CodeGen/multidimensional-array.mlir (14 of 173)
PASS: AgenticCircuit :: ACIR/review-r1-invalid.mlir (15 of 173)
PASS: AgenticCircuit :: ACIR/var-expressions-invalid.mlir (16 of 173)
PASS: AgenticCircuit :: CodeGen/full-structured-model.mlir (17 of 173)
PASS: AgenticCircuit :: CodeGen/emit-cxx-current.mlir (18 of 173)
PASS: AgenticCircuit :: ACIR/trace-invalid.mlir (19 of 173)
PASS: AgenticCircuit :: ACIR/review-r2-invalid.mlir (20 of 173)
PASS: AgenticCircuit :: CodeGen/table-slot-multiple-tables.mlir (21 of 173)
PASS: AgenticCircuit :: ACIR/queue-var-types-invalid.mlir (22 of 173)
PASS: AgenticCircuit :: ACIR/var-state-invalid.mlir (23 of 173)
PASS: AgenticCircuit :: ACSim/generated-call-contract.mlir (24 of 173)
PASS: AgenticCircuit :: ACIR/collections-invalid.mlir (25 of 173)
PASS: AgenticCircuit :: ACIR/protocols-review-r1-invalid.mlir (26 of 173)
PASS: AgenticCircuit :: ACIR/process-invalid.mlir (27 of 173)
PASS: AgenticCircuit :: ACIR/canonical-entrypoint.mlir (28 of 173)
PASS: AgenticCircuit :: Transforms/verify-model.mlir (29 of 173)
PASS: AgenticCircuit :: Analysis/process-state-verifier.mlir (30 of 173)
PASS: AgenticCircuit :: Transforms/freeze-topology.mlir (31 of 173)
PASS: AgenticCircuit :: Transforms/queue-module-freeze.mlir (32 of 173)
PASS: AgenticCircuit :: Transforms/rule-state-driven-lowering.mlir (33 of 173)
PASS: AgenticCircuit :: ACIR/firing-invalid.mlir (34 of 173)
PASS: AgenticCircuit :: Conversion/bindings-invalid.mlir (35 of 173)
PASS: AgenticCircuit :: ACIR/runtime-references-invalid.mlir (36 of 173)
PASS: AgenticCircuit :: Transforms/rule-snapshot-set-lowering.mlir (37 of 173)
PASS: AgenticCircuit :: Transforms/rule-table-lowering.mlir (38 of 173)
PASS: AgenticCircuit :: Transforms/rule-consume-only-lowering.mlir (39 of 173)
PASS: AgenticCircuit :: ACIR/view-provenance.mlir (40 of 173)
PASS: AgenticCircuit :: Transforms/rule-multi-state-lowering.mlir (41 of 173)
PASS: AgenticCircuit :: Transforms/queue-stateful-module-freeze.mlir (42 of 173)
PASS: AgenticCircuit :: Transforms/rule-optional-output-lowering.mlir (43 of 173)
PASS: AgenticCircuit :: Transforms/rule-branch-join-lowering.mlir (44 of 173)
PASS: AgenticCircuit :: Transforms/rule-branch-local-lowering.mlir (45 of 173)
PASS: AgenticCircuit :: Transforms/variable-state-lowering.mlir (46 of 173)
PASS: AgenticCircuit :: Transforms/variable-module-state-lowering.mlir (47 of 173)
PASS: AgenticCircuit :: Transforms/queue-multi-rule-multi-owner-module.mlir (48 of 173)
PASS: AgenticCircuit :: Transforms/rule-lowering.mlir (49 of 173)
PASS: AgenticCircuit :: ACIR/interfaces-review-r1-invalid.mlir (50 of 173)
PASS: AgenticCircuit :: Transforms/queue-multi-owner-module-freeze.mlir (51 of 173)
PASS: AgenticCircuit :: ACIR/contracts-invalid.mlir (52 of 173)
PASS: AgenticCircuit :: Transforms/queue-multi-rule-module-freeze.mlir (53 of 173)
PASS: AgenticCircuit :: Transforms/variable-array-state-lowering.mlir (54 of 173)
PASS: AgenticCircuit :: ACIR/memory-invalid.mlir (55 of 173)
PASS: AgenticCircuit :: Transforms/rule-multi-input-lowering.mlir (56 of 173)
PASS: AgenticCircuit :: Transforms/rule-table-multi-input-lowering.mlir (57 of 173)
PASS: AgenticCircuit :: CodeGen/bit-operations.mlir (58 of 173)
PASS: AgenticCircuit :: Transforms/queue-mixed-nested-module.mlir (59 of 173)
PASS: AgenticCircuit :: ACIR/records-invalid.mlir (60 of 173)
PASS: AgenticCircuit :: CodeGen/value-select.mlir (61 of 173)
PASS: AgenticCircuit :: ACIR/declarations-invalid.mlir (62 of 173)
PASS: AgenticCircuit :: ACIR/rule-invalid.mlir (63 of 173)
PASS: AgenticCircuit :: Transforms/rule-lowering-invalid.mlir (64 of 173)
PASS: AgenticCircuit :: ACIR/rule-table-invalid.mlir (65 of 173)
PASS: AgenticCircuit :: Transforms/queue-root-result-freeze.mlir (66 of 173)
PASS: AgenticCircuit :: Transforms/variable-struct-state-lowering.mlir (67 of 173)
PASS: AgenticCircuit :: ACIR/dependency-invalid.mlir (68 of 173)
PASS: AgenticCircuit :: Transforms/deterministic-canonicalization.mlir (69 of 173)
PASS: AgenticCircuit :: ACSim/ops-valid.mlir (70 of 173)
PASS: AgenticCircuit :: ACSim/types-invalid.mlir (71 of 173)
PASS: AgenticCircuit :: ACIR/ownership-order-review-r2.mlir (72 of 173)
PASS: AgenticCircuit :: ACIR/transform-invalid.mlir (73 of 173)
PASS: AgenticCircuit :: ACIR/topology-review-r1-invalid.mlir (74 of 173)
PASS: AgenticCircuit :: Transforms/queue-nested-module-freeze.mlir (75 of 173)
PASS: AgenticCircuit :: CodeGen/bit-widths.mlir (76 of 173)
PASS: AgenticCircuit :: CodeGen/atomic-transform.mlir (77 of 173)
PASS: AgenticCircuit :: Transforms/zero-delay-cycles.mlir (78 of 173)
PASS: AgenticCircuit :: ACIR/broadcast-invalid.mlir (79 of 173)
PASS: AgenticCircuit :: Conversion/bindings.mlir (80 of 173)
PASS: AgenticCircuit :: ACIR/control-feedback-invalid.mlir (81 of 173)
PASS: AgenticCircuit :: Conversion/structure.mlir (82 of 173)
PASS: AgenticCircuit :: Bindings/resolve-empty.mlir (83 of 173)
PASS: AgenticCircuit :: ACIR/dialect-smoke.mlir (84 of 173)
PASS: AgenticCircuit :: ACIR/bitfield-schema-invalid.mlir (85 of 173)
PASS: AgenticCircuit :: ACIR/firing-footprint-invalid.mlir (86 of 173)
PASS: AgenticCircuit :: Conversion/atomic-failure.mlir (87 of 173)
PASS: AgenticCircuit :: ACIR/source-sink.mlir (88 of 173)
PASS: AgenticCircuit :: ACIR/reorder.mlir (89 of 173)
PASS: AgenticCircuit :: ACIR/port-mapping-review-r2.mlir (90 of 173)
PASS: AgenticCircuit :: Bindings/resolve-valid.mlir (91 of 173)
PASS: AgenticCircuit :: ACIR/queue-var-types.mlir (92 of 173)
PASS: AgenticCircuit :: Conversion/collections.mlir (93 of 173)
PASS: AgenticCircuit :: ACIR/aggregate-values-invalid.mlir (94 of 173)
PASS: AgenticCircuit :: ACIR/guarantees-review-r1-invalid.mlir (95 of 173)
PASS: AgenticCircuit :: ACIR/reorder-invalid.mlir (96 of 173)
PASS: AgenticCircuit :: Conversion/hierarchy.mlir (97 of 173)
PASS: AgenticCircuit :: ACSim/dialect-smoke.mlir (98 of 173)
PASS: AgenticCircuit :: ACIR/state-snapshot-set-invalid.mlir (99 of 173)
PASS: AgenticCircuit :: ACIR/select.mlir (100 of 173)
PASS: AgenticCircuit :: ACIR/barrier.mlir (101 of 173)
PASS: AgenticCircuit :: ACIR/dependency.mlir (102 of 173)
PASS: AgenticCircuit :: ACIR/memory.mlir (103 of 173)
PASS: AgenticCircuit :: ACIR/types-valid.mlir (104 of 173)
PASS: AgenticCircuit :: ACIR/scope-invalid.mlir (105 of 173)
PASS: AgenticCircuit :: ACSim/types-valid.mlir (106 of 173)
PASS: AgenticCircuit :: ACIR/credit.mlir (107 of 173)
PASS: AgenticCircuit :: ACIR/barrier-invalid.mlir (108 of 173)
PASS: AgenticCircuit :: ACIR/transform.mlir (109 of 173)
PASS: AgenticCircuit :: ACIR/trace-valid.mlir (110 of 173)
PASS: AgenticCircuit :: ACIR/var-expressions.mlir (111 of 173)
PASS: AgenticCircuit :: ACIR/bitfield-schema.mlir (112 of 173)
PASS: AgenticCircuit :: Conversion/whole-model.mlir (113 of 173)
PASS: AgenticCircuit :: ACIR/select-invalid.mlir (114 of 173)
PASS: AgenticCircuit :: ACIR/contract-epoch.mlir (115 of 173)
PASS: AgenticCircuit :: ACIR/contracts-valid.mlir (116 of 173)
PASS: AgenticCircuit :: ACIR/process-valid.mlir (117 of 173)
PASS: AgenticCircuit :: ACIR/interfaces-valid.mlir (118 of 173)
PASS: AgenticCircuit :: ACIR/route-invalid.mlir (119 of 173)
PASS: AgenticCircuit :: ACIR/table.mlir (120 of 173)
PASS: AgenticCircuit :: ACIR/firing.mlir (121 of 173)
PASS: AgenticCircuit :: Bindings/resolve-missing.mlir (122 of 173)
PASS: AgenticCircuit :: ACSim/reusable-modules.mlir (123 of 173)
PASS: AgenticCircuit :: ACIR/credit-invalid.mlir (124 of 173)
PASS: AgenticCircuit :: ACIR/enum-values.mlir (125 of 173)
PASS: AgenticCircuit :: ACIR/enum-values-invalid.mlir (126 of 173)
PASS: AgenticCircuit :: ACIR/aggregate-values.mlir (127 of 173)
PASS: AgenticCircuit :: ACIR/observe.mlir (128 of 173)
PASS: AgenticCircuit :: ACIR/control-feedback.mlir (129 of 173)
PASS: AgenticCircuit :: ACIR/address-map-canonical-order.mlir (130 of 173)
PASS: AgenticCircuit :: ACIR/address-selectors-valid.mlir (131 of 173)
PASS: AgenticCircuit :: ACIR/source-sink-invalid.mlir (132 of 173)
PASS: AgenticCircuit :: ACIR/expect.mlir (133 of 173)
PASS: AgenticCircuit :: ACIR/scope.mlir (134 of 173)
PASS: AgenticCircuit :: Conversion/time-domains.mlir (135 of 173)
PASS: AgenticCircuit :: ACIR/resources-forward-malformed-invalid.mlir (136 of 173)
PASS: AgenticCircuit :: ACIR/review-r1-valid.mlir (137 of 173)
PASS: AgenticCircuit :: ACIR/protocols-valid.mlir (138 of 173)
PASS: AgenticCircuit :: CodeGen/popcount.mlir (139 of 173)
PASS: AgenticCircuit :: Python/frontend-lowering.mlir (140 of 173)
PASS: AgenticCircuit :: ACIR/declarations-valid.mlir (141 of 173)
PASS: AgenticCircuit :: ACIR/expect-invalid.mlir (142 of 173)
PASS: AgenticCircuit :: ACIR/records-valid.mlir (143 of 173)
PASS: AgenticCircuit :: Python/cli-compile.mlir (144 of 173)
PASS: AgenticCircuit :: ACIR/resources-valid.mlir (145 of 173)
PASS: AgenticCircuit :: ACIR/hierarchy-valid.mlir (146 of 173)
PASS: AgenticCircuit :: ACIR/address-time-valid.mlir (147 of 173)
PASS: AgenticCircuit :: Conversion/process-invalid.mlir (148 of 173)
PASS: AgenticCircuit :: Conversion/process-live-values.mlir (149 of 173)
PASS: AgenticCircuit :: Conversion/process-control-flow.mlir (150 of 173)
PASS: AgenticCircuit :: ACIR/broadcast.mlir (151 of 173)
PASS: AgenticCircuit :: Conversion/process-missing-mapping.mlir (152 of 173)
PASS: AgenticCircuit :: CodeGen/arbiter-verilog.mlir (153 of 173)
PASS: AgenticCircuit :: CodeGen/count-leading-zeros.mlir (154 of 173)
PASS: AgenticCircuit :: CodeGen/arbiter.mlir (155 of 173)
PASS: AgenticCircuit :: Conversion/process-basic.mlir (156 of 173)
PASS: AgenticCircuit :: ACIR/observe-invalid.mlir (157 of 173)
PASS: AgenticCircuit :: Bindings/resolve-ambiguous.mlir (158 of 173)
PASS: AgenticCircuit :: CodeGen/driver-errors.mlir (159 of 173)
PASS: AgenticCircuit :: ACIR/fork-invalid.mlir (160 of 173)
PASS: AgenticCircuit :: ACIR/collections-valid.mlir (161 of 173)
PASS: AgenticCircuit :: Conversion/pure-results.mlir (162 of 173)
PASS: AgenticCircuit :: Transforms/queue-var-cse.mlir (163 of 173)
PASS: AgenticCircuit :: CodeGen/acir-build-input-contract.mlir (164 of 173)
PASS: AgenticCircuit :: Conversion/typed-graph.mlir (165 of 173)
PASS: AgenticCircuit :: ACIR/fork.mlir (166 of 173)
PASS: AgenticCircuit :: CodeGen/opcode-catalog.mlir (167 of 173)
PASS: AgenticCircuit :: CodeGen/process-control-flow.mlir (168 of 173)
PASS: AgenticCircuit :: ACIR/route.mlir (169 of 173)
PASS: AgenticCircuit :: Analysis/process-state-pass.mlir (170 of 173)
PASS: AgenticCircuit :: CodeGen/forbidden-generated-dependencies.mlir (171 of 173)
PASS: AgenticCircuit :: ACSim/generated-wrapper-activation.mlir (172 of 173)
PASS: AgenticCircuit :: Transforms/rule-checks.mlir (173 of 173)

Testing Time: 22.15s

Total Discovered Tests: 173
  Passed: 173 (100.00%)
Test project /Users/zhoubot/linx-isa/tools/pyCircuit/.pycircuit_out/acir/dev-llvm22
      Start 12: ACIROpsTests
      Start  1: WorkspaceE2ETests
      Start 16: ACIRProcessStatePlanTests
      Start 15: ACIRModelAnalysisTests
      Start  9: PycVerilogBackendTests
      Start 19: CodeGenTests
 1/20 Test  #9: PycVerilogBackendTests ..............   Passed    5.26 sec
      Start  2: DavinciOOTraceTests
 2/20 Test  #2: DavinciOOTraceTests .................   Passed    1.85 sec
      Start  4: BitfieldE2ETests
 3/20 Test  #4: BitfieldE2ETests ....................   Passed    1.69 sec
      Start  6: EnumPayloadE2ETests
 4/20 Test #12: ACIROpsTests ........................   Passed    9.83 sec
      Start  5: NestedPayloadE2ETests
 5/20 Test #16: ACIRProcessStatePlanTests ...........   Passed    9.94 sec
      Start  8: RecursiveAggregatePayloadE2ETests
 6/20 Test  #6: EnumPayloadE2ETests .................   Passed    1.62 sec
      Start 14: ACSimOpsTests
 7/20 Test #14: ACSimOpsTests .......................   Passed    0.61 sec
      Start  7: AggregatePayloadE2ETests
 8/20 Test  #5: NestedPayloadE2ETests ...............   Passed    1.58 sec
      Start  3: RuleRetirementE2ETests
 9/20 Test  #8: RecursiveAggregatePayloadE2ETests ...   Passed    1.79 sec
      Start 17: ACIRBindingTests
10/20 Test #17: ACIRBindingTests ....................   Passed    0.17 sec
      Start 20: CompilerTests
11/20 Test #20: CompilerTests .......................   Passed    0.16 sec
      Start 18: ACIRToACSimTests
12/20 Test #18: ACIRToACSimTests ....................   Passed    0.16 sec
      Start 11: ACIRTypesTests
13/20 Test #11: ACIRTypesTests ......................   Passed    0.09 sec
      Start 13: ACSimTypesTests
14/20 Test #13: ACSimTypesTests .....................   Passed    0.03 sec
      Start 10: GfsimTests
15/20 Test #10: GfsimTests ..........................   Passed    0.05 sec
16/20 Test  #7: AggregatePayloadE2ETests ............   Passed    1.51 sec
17/20 Test  #3: RuleRetirementE2ETests ..............   Passed    1.66 sec
18/20 Test #15: ACIRModelAnalysisTests ..............   Passed   19.56 sec
19/20 Test #19: CodeGenTests ........................   Passed   35.92 sec
20/20 Test  #1: WorkspaceE2ETests ...................   Passed   66.55 sec

100% tests passed, 0 tests failed out of 20

Label Time Summary:
aggregate-payload    =   3.30 sec*proc (2 tests)
bitfield             =   1.69 sec*proc (1 test)
davincioo            =   1.85 sec*proc (1 test)
e2e                  =  78.26 sec*proc (8 tests)
enum-payload         =   1.62 sec*proc (1 test)
gfsim                =   9.86 sec*proc (6 tests)
nested-payload       =   1.58 sec*proc (1 test)
pyc                  =   5.26 sec*proc (1 test)
recursive-payload    =   1.79 sec*proc (1 test)
rule                 =   1.66 sec*proc (1 test)
verilog              =   5.26 sec*proc (1 test)
workspace            =  66.55 sec*proc (1 test)

Total Test time (real) =  66.55 sec
[pyc] AC G2: build and install the repo-local pyc6 + AC toolchain
[pyc] AC G2: reusing integrated toolchain .pycircuit_out/toolchain/install
[pyc] pyCircuit 6 root contracts and documentation
============================= test session starts ==============================
platform darwin -- Python 3.14.6, pytest-9.0.2, pluggy-1.6.0
rootdir: /Users/zhoubot/linx-isa/tools/pyCircuit
configfile: pyproject.toml
collected 36 items

tests/unit/test_agentic_circuit_component.py ...                         [  8%]
tests/unit/test_cli_entrypoints.py ....                                  [ 19%]
tests/unit/test_primitive_catalog.py ..                                  [ 25%]
tests/unit/test_pyc6_surface.py ..........                               [ 52%]
tests/unit/test_semantic_core.py .............                           [ 88%]
tests/unit/test_v6_forward_signal.py ....                                [100%]

============================== 36 passed in 0.06s ==============================
ok: API hygiene check passed
ok: decision status coverage validated (rows=215 deferred=0)
[pyc] Agentic Circuit G0/G1/G2 closure passed
