[pyc] Agentic Circuit closure run-id=20260906-issue39-closure-r3
Obtaining file:///Users/zhoubot/linx-isa/tools/pyCircuit/python/semantic-core
  Installing build dependencies: started
  Installing build dependencies: finished with status 'done'
  Checking if build backend supports build_editable: started
  Checking if build backend supports build_editable: finished with status 'done'
  Getting requirements to build editable: started
  Getting requirements to build editable: finished with status 'done'
  Preparing editable metadata (pyproject.toml): started
  Preparing editable metadata (pyproject.toml): finished with status 'done'
Building wheels for collected packages: pycircuit-semantic-core
  Building editable for pycircuit-semantic-core (pyproject.toml): started
  Building editable for pycircuit-semantic-core (pyproject.toml): finished with status 'done'
  Created wheel for pycircuit-semantic-core: filename=pycircuit_semantic_core-6.0.0-0.editable-py3-none-any.whl size=1497 sha256=9eca421b81a25367f48b16674764f63bef60dcb94cdb12ed56f60266247b938f
  Stored in directory: /private/var/folders/dw/zd1zl_y14dndg0ydz1mdt25h0000gn/T/pip-ephem-wheel-cache-dkll_tkp/wheels/18/18/59/f590cbd4466ba08c77ce31d532c2edd518f77415ab158a24c7
Successfully built pycircuit-semantic-core
Installing collected packages: pycircuit-semantic-core
  Attempting uninstall: pycircuit-semantic-core
    Found existing installation: pycircuit-semantic-core 6.0.0
    Uninstalling pycircuit-semantic-core-6.0.0:
      Successfully uninstalled pycircuit-semantic-core-6.0.0
Successfully installed pycircuit-semantic-core-6.0.0
Obtaining file:///Users/zhoubot/linx-isa/tools/pyCircuit/python/agentic-circuit
  Installing build dependencies: started
  Installing build dependencies: finished with status 'done'
  Checking if build backend supports build_editable: started
  Checking if build backend supports build_editable: finished with status 'done'
  Getting requirements to build editable: started
  Getting requirements to build editable: finished with status 'done'
  Preparing editable metadata (pyproject.toml): started
  Preparing editable metadata (pyproject.toml): finished with status 'done'
Requirement already satisfied: pycircuit-semantic-core==6.0.0 in ./.pycircuit_out/agentic-circuit/venv/lib/python3.14/site-packages (from agentic-circuit==0.1.0) (6.0.0)
Requirement already satisfied: jsonschema>=4.18 in ./.pycircuit_out/agentic-circuit/venv/lib/python3.14/site-packages (from agentic-circuit==0.1.0) (4.26.0)
Requirement already satisfied: lit<19,>=18 in ./.pycircuit_out/agentic-circuit/venv/lib/python3.14/site-packages (from agentic-circuit==0.1.0) (18.1.8)
Requirement already satisfied: pyyaml>=6.0 in ./.pycircuit_out/agentic-circuit/venv/lib/python3.14/site-packages (from agentic-circuit==0.1.0) (6.0.3)
Requirement already satisfied: attrs>=22.2.0 in ./.pycircuit_out/agentic-circuit/venv/lib/python3.14/site-packages (from jsonschema>=4.18->agentic-circuit==0.1.0) (26.1.0)
Requirement already satisfied: jsonschema-specifications>=2023.03.6 in ./.pycircuit_out/agentic-circuit/venv/lib/python3.14/site-packages (from jsonschema>=4.18->agentic-circuit==0.1.0) (2025.9.1)
Requirement already satisfied: referencing>=0.28.4 in ./.pycircuit_out/agentic-circuit/venv/lib/python3.14/site-packages (from jsonschema>=4.18->agentic-circuit==0.1.0) (0.37.0)
Requirement already satisfied: rpds-py>=0.25.0 in ./.pycircuit_out/agentic-circuit/venv/lib/python3.14/site-packages (from jsonschema>=4.18->agentic-circuit==0.1.0) (2026.6.3)
Building wheels for collected packages: agentic-circuit
  Building editable for agentic-circuit (pyproject.toml): started
  Building editable for agentic-circuit (pyproject.toml): finished with status 'done'
  Created wheel for agentic-circuit: filename=agentic_circuit-0.1.0-0.editable-py3-none-any.whl size=4284 sha256=2097bb65c5d2356423491df12d214460bc589c8d55f8f1565ad3224be8d3786c
  Stored in directory: /private/var/folders/dw/zd1zl_y14dndg0ydz1mdt25h0000gn/T/pip-ephem-wheel-cache-fgaxnctc/wheels/4a/52/c1/0d118760cea8f6ac5269a29f1e1932145039bb6c8a43cf6cd4
Successfully built agentic-circuit
Installing collected packages: agentic-circuit
  Attempting uninstall: agentic-circuit
    Found existing installation: agentic-circuit 0.1.0
    Uninstalling agentic-circuit-0.1.0:
      Successfully uninstalled agentic-circuit-0.1.0
Successfully installed agentic-circuit-0.1.0
[pyc] AC G0/G1: configure integrated ACIR compiler
-- Using LLVM 22.1.8 from /opt/homebrew/opt/llvm/lib/cmake/llvm
-- Using MLIR 22.1.8 from /opt/homebrew/opt/llvm/lib/cmake/mlir
-- Found Python3: /opt/homebrew/Frameworks/Python.framework/Versions/3.14/bin/python3.14 (found suitable version "3.14.6", minimum required is "3.11") found components: Interpreter
-- Found Python3: /opt/homebrew/Frameworks/Python.framework/Versions/3.14/bin/python3.14 (found suitable version "3.14.6", minimum required is "3.11") found components: Interpreter Development.Module
-- Standalone Agentic Circuit build: ACIR-to-PYC toolchain target is disabled
-- Configuring done (0.2s)
-- Generating done (0.1s)
-- Build files have been written to: /Users/zhoubot/linx-isa/tools/pyCircuit/.pycircuit_out/acir/dev-llvm22
[1/13] Linking CXX executable bin/acir-opcode-catalog
[2/13] Linking CXX executable bin/acir-cxxgen
[3/13] Linking CXX executable bin/acir-build
ld: warning: ignoring duplicate libraries: '/opt/homebrew/Cellar/llvm/22.1.8/lib/libLLVMSupport.a', '/opt/homebrew/Cellar/llvm/22.1.8/lib/libMLIRFuncDialect.a', '/opt/homebrew/Cellar/llvm/22.1.8/lib/libMLIRPass.a', '/opt/homebrew/Cellar/llvm/22.1.8/lib/libMLIRSCFDialect.a', 'lib/Analysis/libACIRAnalysis.a', 'lib/Dialect/ACIR/libACIRDialect.a', 'lib/Transforms/libACIRTransforms.a'
[4/13] Linking CXX shared module python/agentic_circuit/_native.so
[5/13] Linking CXX executable bin/acir-queue-cxxgen
ld: warning: ignoring duplicate libraries: 'lib/Dialect/ACIR/libACIRDialect.a'
[6/13] Linking CXX executable bin/acir-queue-pycgen
ld: warning: ignoring duplicate libraries: 'lib/Dialect/ACIR/libACIRDialect.a'
[7/13] Linking CXX executable bin/acir-opt
ld: warning: ignoring duplicate libraries: '/opt/homebrew/Cellar/llvm/22.1.8/lib/libMLIRFuncDialect.a', '/opt/homebrew/Cellar/llvm/22.1.8/lib/libMLIRSCFDialect.a', 'lib/Analysis/libACIRAnalysis.a', 'lib/Dialect/ACIR/libACIRDialect.a', 'lib/Transforms/libACIRTransforms.a'
[8/13] Linking CXX executable bin/ACIROpsTests
ld: warning: ignoring duplicate libraries: '/opt/homebrew/Cellar/llvm/22.1.8/lib/libMLIRAsmParser.a', '/opt/homebrew/Cellar/llvm/22.1.8/lib/libMLIRDataLayoutInterfaces.a', '/opt/homebrew/Cellar/llvm/22.1.8/lib/libMLIRFuncDialect.a', '/opt/homebrew/Cellar/llvm/22.1.8/lib/libMLIRIR.a', '/opt/homebrew/Cellar/llvm/22.1.8/lib/libMLIRSCFDialect.a', '/opt/homebrew/Cellar/llvm/22.1.8/lib/libMLIRSideEffectInterfaces.a', 'lib/Dialect/ACIR/libACIRDialect.a'
[9/13] Linking CXX executable bin/ACIRModelAnalysisTests
ld: warning: ignoring duplicate libraries: '/opt/homebrew/Cellar/llvm/22.1.8/lib/libMLIRAsmParser.a', '/opt/homebrew/Cellar/llvm/22.1.8/lib/libMLIRFuncDialect.a', '/opt/homebrew/Cellar/llvm/22.1.8/lib/libMLIRIR.a', '/opt/homebrew/Cellar/llvm/22.1.8/lib/libMLIRSCFDialect.a', 'lib/Analysis/libACIRAnalysis.a', 'lib/Dialect/ACIR/libACIRDialect.a'
[10/13] Linking CXX executable bin/ACIRProcessStatePlanTests
ld: warning: ignoring duplicate libraries: '/opt/homebrew/Cellar/llvm/22.1.8/lib/libMLIRAsmParser.a', '/opt/homebrew/Cellar/llvm/22.1.8/lib/libMLIRIR.a', '/opt/homebrew/Cellar/llvm/22.1.8/lib/libMLIRPass.a', 'lib/Analysis/libACIRAnalysis.a', 'lib/Dialect/ACIR/libACIRDialect.a'
[11/13] Linking CXX executable bin/ACIRBindingTests
ld: warning: ignoring duplicate libraries: '/opt/homebrew/Cellar/llvm/22.1.8/lib/libLLVMSupport.a', '/opt/homebrew/Cellar/llvm/22.1.8/lib/libMLIRFuncDialect.a', '/opt/homebrew/Cellar/llvm/22.1.8/lib/libMLIRSCFDialect.a', 'lib/Bindings/libACIRBindings.a', 'lib/Dialect/ACIR/libACIRDialect.a'
[12/13] Linking CXX executable bin/ACIRToACSimTests
ld: warning: ignoring duplicate libraries: '/opt/homebrew/Cellar/llvm/22.1.8/lib/libLLVMSupport.a', '/opt/homebrew/Cellar/llvm/22.1.8/lib/libMLIRPass.a', 'lib/Dialect/ACIR/libACIRDialect.a'
[13/13] Linking CXX executable bin/CompilerTests
[0/1] Running Agentic Circuit lit tests
-- Testing: 181 tests, 10 workers --
PASS: AgenticCircuit :: CodeGen/extension-provider.mlir (1 of 181)
PASS: AgenticCircuit :: CodeGen/full-structured-model.mlir (2 of 181)
PASS: AgenticCircuit :: ACSim/ops-invalid.mlir (3 of 181)
PASS: AgenticCircuit :: CodeGen/nested-modules.mlir (4 of 181)
PASS: AgenticCircuit :: ACIR/resources-invalid.mlir (5 of 181)
PASS: AgenticCircuit :: ACIR/hierarchy-invalid.mlir (6 of 181)
PASS: AgenticCircuit :: CodeGen/driver-stages.mlir (7 of 181)
PASS: AgenticCircuit :: ACIR/address-time-invalid.mlir (8 of 181)
PASS: AgenticCircuit :: CodeGen/determinism.mlir (9 of 181)
PASS: AgenticCircuit :: CodeGen/emit-cxx-current.mlir (10 of 181)
PASS: AgenticCircuit :: Analysis/raw-structure-preflight.mlir (11 of 181)
PASS: AgenticCircuit :: CodeGen/multidimensional-array.mlir (12 of 181)
PASS: AgenticCircuit :: ACIR/interfaces-invalid.mlir (13 of 181)
PASS: AgenticCircuit :: ACIR/types-invalid.mlir (14 of 181)
PASS: AgenticCircuit :: ACIR/review-r1-invalid.mlir (15 of 181)
PASS: AgenticCircuit :: ACIR/var-expressions-invalid.mlir (16 of 181)
PASS: AgenticCircuit :: ACIR/protocols-invalid.mlir (17 of 181)
PASS: AgenticCircuit :: Transforms/rule-state-driven-lowering.mlir (18 of 181)
PASS: AgenticCircuit :: CodeGen/table-slot-multiple-tables.mlir (19 of 181)
PASS: AgenticCircuit :: Transforms/queue-module-freeze.mlir (20 of 181)
PASS: AgenticCircuit :: ACIR/table-invalid.mlir (21 of 181)
PASS: AgenticCircuit :: ACIR/var-state-invalid.mlir (22 of 181)
PASS: AgenticCircuit :: ACIR/queue-var-types-invalid.mlir (23 of 181)
PASS: AgenticCircuit :: ACIR/process-invalid.mlir (24 of 181)
PASS: AgenticCircuit :: Transforms/rule-table-lowering.mlir (25 of 181)
PASS: AgenticCircuit :: ACSim/generated-call-contract.mlir (26 of 181)
PASS: AgenticCircuit :: ACIR/trace-invalid.mlir (27 of 181)
PASS: AgenticCircuit :: Transforms/rule-snapshot-set-lowering.mlir (28 of 181)
PASS: AgenticCircuit :: ACIR/protocols-review-r1-invalid.mlir (29 of 181)
PASS: AgenticCircuit :: Transforms/rule-multi-state-lowering.mlir (30 of 181)
PASS: AgenticCircuit :: ACIR/review-r2-invalid.mlir (31 of 181)
PASS: AgenticCircuit :: CodeGen/table-endpoint-value-constraints.mlir (32 of 181)
PASS: AgenticCircuit :: Transforms/rule-consume-only-lowering.mlir (33 of 181)
PASS: AgenticCircuit :: ACIR/collections-invalid.mlir (34 of 181)
PASS: AgenticCircuit :: ACIR/canonical-entrypoint.mlir (35 of 181)
PASS: AgenticCircuit :: ACIR/firing-invalid.mlir (36 of 181)
PASS: AgenticCircuit :: Analysis/process-state-verifier.mlir (37 of 181)
PASS: AgenticCircuit :: ACIR/runtime-references-invalid.mlir (38 of 181)
PASS: AgenticCircuit :: Transforms/variable-state-lowering.mlir (39 of 181)
PASS: AgenticCircuit :: Transforms/verify-model.mlir (40 of 181)
PASS: AgenticCircuit :: Transforms/variable-module-state-lowering.mlir (41 of 181)
PASS: AgenticCircuit :: Transforms/rule-branch-local-lowering.mlir (42 of 181)
PASS: AgenticCircuit :: Conversion/bindings-invalid.mlir (43 of 181)
PASS: AgenticCircuit :: Transforms/queue-stateful-module-freeze.mlir (44 of 181)
PASS: AgenticCircuit :: Transforms/freeze-topology.mlir (45 of 181)
PASS: AgenticCircuit :: ACIR/view-provenance.mlir (46 of 181)
PASS: AgenticCircuit :: Transforms/rule-branch-join-lowering.mlir (47 of 181)
PASS: AgenticCircuit :: Transforms/variable-array-state-lowering.mlir (48 of 181)
PASS: AgenticCircuit :: Transforms/rule-optional-output-lowering.mlir (49 of 181)
PASS: AgenticCircuit :: CodeGen/bit-operations.mlir (50 of 181)
PASS: AgenticCircuit :: CodeGen/masked-match.mlir (51 of 181)
PASS: AgenticCircuit :: Transforms/rule-lowering.mlir (52 of 181)
PASS: AgenticCircuit :: Transforms/queue-multi-rule-module-freeze.mlir (53 of 181)
PASS: AgenticCircuit :: Transforms/rule-multi-input-lowering.mlir (54 of 181)
PASS: AgenticCircuit :: Transforms/queue-multi-rule-multi-owner-module.mlir (55 of 181)
PASS: AgenticCircuit :: Python/cli-compile.mlir (56 of 181)
PASS: AgenticCircuit :: ACIR/memory-invalid.mlir (57 of 181)
PASS: AgenticCircuit :: Transforms/rule-table-multi-input-lowering.mlir (58 of 181)
PASS: AgenticCircuit :: ACIR/topology-review-r1-invalid.mlir (59 of 181)
PASS: AgenticCircuit :: ACIR/interfaces-review-r1-invalid.mlir (60 of 181)
PASS: AgenticCircuit :: ACIR/rule-table-invalid.mlir (61 of 181)
PASS: AgenticCircuit :: Transforms/queue-multi-owner-module-freeze.mlir (62 of 181)
PASS: AgenticCircuit :: Transforms/variable-struct-state-lowering.mlir (63 of 181)
PASS: AgenticCircuit :: Transforms/queue-root-result-freeze.mlir (64 of 181)
PASS: AgenticCircuit :: CodeGen/atomic-transform.mlir (65 of 181)
PASS: AgenticCircuit :: ACIR/rule-invalid.mlir (66 of 181)
PASS: AgenticCircuit :: ACSim/types-invalid.mlir (67 of 181)
PASS: AgenticCircuit :: Transforms/rule-lowering-invalid.mlir (68 of 181)
PASS: AgenticCircuit :: Transforms/table-endpoint-value-constraints-invalid.mlir (69 of 181)
PASS: AgenticCircuit :: Transforms/queue-nested-module-freeze.mlir (70 of 181)
PASS: AgenticCircuit :: ACIR/contracts-invalid.mlir (71 of 181)
PASS: AgenticCircuit :: ACIR/records-invalid.mlir (72 of 181)
PASS: AgenticCircuit :: Transforms/queue-mixed-nested-module.mlir (73 of 181)
PASS: AgenticCircuit :: ACIR/transform-invalid.mlir (74 of 181)
PASS: AgenticCircuit :: ACIR/declarations-invalid.mlir (75 of 181)
PASS: AgenticCircuit :: CodeGen/bit-widths.mlir (76 of 181)
PASS: AgenticCircuit :: CodeGen/value-select.mlir (77 of 181)
PASS: AgenticCircuit :: ACSim/ops-valid.mlir (78 of 181)
PASS: AgenticCircuit :: ACIR/firing-footprint-invalid.mlir (79 of 181)
PASS: AgenticCircuit :: ACIR/guarantees-review-r1-invalid.mlir (80 of 181)
PASS: AgenticCircuit :: Conversion/structure.mlir (81 of 181)
PASS: AgenticCircuit :: Transforms/deterministic-canonicalization.mlir (82 of 181)
PASS: AgenticCircuit :: ACIR/bitfield-schema-invalid.mlir (83 of 181)
PASS: AgenticCircuit :: ACIR/dependency-invalid.mlir (84 of 181)
PASS: AgenticCircuit :: ACIR/ownership-order-review-r2.mlir (85 of 181)
PASS: AgenticCircuit :: ACIR/control-feedback-invalid.mlir (86 of 181)
PASS: AgenticCircuit :: ACIR/dialect-smoke.mlir (87 of 181)
PASS: AgenticCircuit :: ACIR/masked-matching-invalid.mlir (88 of 181)
PASS: AgenticCircuit :: Conversion/bindings.mlir (89 of 181)
PASS: AgenticCircuit :: ACIR/aggregate-values-invalid.mlir (90 of 181)
PASS: AgenticCircuit :: Bindings/resolve-empty.mlir (91 of 181)
PASS: AgenticCircuit :: ACIR/port-mapping-review-r2.mlir (92 of 181)
PASS: AgenticCircuit :: Transforms/zero-delay-cycles.mlir (93 of 181)
PASS: AgenticCircuit :: Bindings/resolve-valid.mlir (94 of 181)
PASS: AgenticCircuit :: ACIR/transform.mlir (95 of 181)
PASS: AgenticCircuit :: Conversion/hierarchy.mlir (96 of 181)
PASS: AgenticCircuit :: Conversion/atomic-failure.mlir (97 of 181)
PASS: AgenticCircuit :: ACIR/reorder-invalid.mlir (98 of 181)
PASS: AgenticCircuit :: ACSim/types-valid.mlir (99 of 181)
PASS: AgenticCircuit :: ACIR/var-expressions.mlir (100 of 181)
PASS: AgenticCircuit :: Conversion/collections.mlir (101 of 181)
PASS: AgenticCircuit :: ACIR/reorder.mlir (102 of 181)
PASS: AgenticCircuit :: ACIR/memory.mlir (103 of 181)
PASS: AgenticCircuit :: ACIR/credit.mlir (104 of 181)
PASS: AgenticCircuit :: ACIR/types-valid.mlir (105 of 181)
PASS: AgenticCircuit :: ACIR/select.mlir (106 of 181)
PASS: AgenticCircuit :: ACIR/scope-invalid.mlir (107 of 181)
PASS: AgenticCircuit :: ACSim/dialect-smoke.mlir (108 of 181)
PASS: AgenticCircuit :: ACIR/barrier-invalid.mlir (109 of 181)
PASS: AgenticCircuit :: ACIR/queue-var-types.mlir (110 of 181)
PASS: AgenticCircuit :: ACIR/broadcast-invalid.mlir (111 of 181)
PASS: AgenticCircuit :: ACIR/barrier.mlir (112 of 181)
PASS: AgenticCircuit :: Conversion/process-missing-mapping.mlir (113 of 181)
PASS: AgenticCircuit :: Conversion/whole-model.mlir (114 of 181)
PASS: AgenticCircuit :: ACIR/address-selectors-valid.mlir (115 of 181)
PASS: AgenticCircuit :: ACIR/state-snapshot-set-invalid.mlir (116 of 181)
PASS: AgenticCircuit :: ACIR/dependency.mlir (117 of 181)
PASS: AgenticCircuit :: ACIR/source-sink.mlir (118 of 181)
PASS: AgenticCircuit :: ACIR/enum-values-invalid.mlir (119 of 181)
PASS: AgenticCircuit :: ACIR/contracts-valid.mlir (120 of 181)
PASS: AgenticCircuit :: ACIR/credit-invalid.mlir (121 of 181)
PASS: AgenticCircuit :: Bindings/resolve-missing.mlir (122 of 181)
PASS: AgenticCircuit :: ACIR/resources-forward-malformed-invalid.mlir (123 of 181)
PASS: AgenticCircuit :: ACIR/trace-valid.mlir (124 of 181)
PASS: AgenticCircuit :: ACIR/contract-epoch.mlir (125 of 181)
PASS: AgenticCircuit :: ACIR/route-invalid.mlir (126 of 181)
PASS: AgenticCircuit :: ACIR/masked-matching.mlir (127 of 181)
PASS: AgenticCircuit :: ACIR/aggregate-values.mlir (128 of 181)
PASS: AgenticCircuit :: ACIR/bitfield-schema.mlir (129 of 181)
PASS: AgenticCircuit :: ACIR/declarations-valid.mlir (130 of 181)
PASS: AgenticCircuit :: ACSim/reusable-modules.mlir (131 of 181)
PASS: AgenticCircuit :: ACIR/firing.mlir (132 of 181)
PASS: AgenticCircuit :: ACIR/select-invalid.mlir (133 of 181)
PASS: AgenticCircuit :: ACIR/process-valid.mlir (134 of 181)
PASS: AgenticCircuit :: ACIR/protocols-valid.mlir (135 of 181)
PASS: AgenticCircuit :: Transforms/value-constraints-invalid.mlir (136 of 181)
PASS: AgenticCircuit :: ACIR/address-map-canonical-order.mlir (137 of 181)
PASS: AgenticCircuit :: ACIR/enum-values.mlir (138 of 181)
PASS: AgenticCircuit :: ACIR/resources-valid.mlir (139 of 181)
PASS: AgenticCircuit :: Conversion/process-live-values.mlir (140 of 181)
PASS: AgenticCircuit :: ACIR/table.mlir (141 of 181)
PASS: AgenticCircuit :: CodeGen/opcode-catalog.mlir (142 of 181)
PASS: AgenticCircuit :: CodeGen/popcount.mlir (143 of 181)
PASS: AgenticCircuit :: ACIR/expect.mlir (144 of 181)
PASS: AgenticCircuit :: Conversion/time-domains.mlir (145 of 181)
PASS: AgenticCircuit :: ACIR/expect-invalid.mlir (146 of 181)
PASS: AgenticCircuit :: ACIR/interfaces-valid.mlir (147 of 181)
PASS: AgenticCircuit :: Transforms/value-constraints-rule-lowering.mlir (148 of 181)
PASS: AgenticCircuit :: Conversion/pure-results.mlir (149 of 181)
PASS: AgenticCircuit :: ACIR/address-time-valid.mlir (150 of 181)
PASS: AgenticCircuit :: CodeGen/arbiter-verilog.mlir (151 of 181)
PASS: AgenticCircuit :: CodeGen/count-leading-zeros.mlir (152 of 181)
PASS: AgenticCircuit :: ACIR/source-sink-invalid.mlir (153 of 181)
PASS: AgenticCircuit :: Conversion/process-control-flow.mlir (154 of 181)
PASS: AgenticCircuit :: ACIR/review-r1-valid.mlir (155 of 181)
PASS: AgenticCircuit :: ACIR/broadcast.mlir (156 of 181)
PASS: AgenticCircuit :: Conversion/typed-graph.mlir (157 of 181)
PASS: AgenticCircuit :: CodeGen/arbiter.mlir (158 of 181)
PASS: AgenticCircuit :: Conversion/process-basic.mlir (159 of 181)
PASS: AgenticCircuit :: ACIR/records-valid.mlir (160 of 181)
PASS: AgenticCircuit :: ACIR/observe.mlir (161 of 181)
PASS: AgenticCircuit :: Conversion/process-invalid.mlir (162 of 181)
PASS: AgenticCircuit :: ACIR/scope.mlir (163 of 181)
PASS: AgenticCircuit :: Transforms/queue-var-cse.mlir (164 of 181)
PASS: AgenticCircuit :: ACIR/fork-invalid.mlir (165 of 181)
PASS: AgenticCircuit :: ACIR/hierarchy-valid.mlir (166 of 181)
PASS: AgenticCircuit :: CodeGen/driver-errors.mlir (167 of 181)
PASS: AgenticCircuit :: ACIR/control-feedback.mlir (168 of 181)
PASS: AgenticCircuit :: ACSim/generated-wrapper-activation.mlir (169 of 181)
PASS: AgenticCircuit :: Python/frontend-lowering.mlir (170 of 181)
PASS: AgenticCircuit :: Transforms/rule-checks.mlir (171 of 181)
PASS: AgenticCircuit :: CodeGen/acir-build-input-contract.mlir (172 of 181)
PASS: AgenticCircuit :: Transforms/value-constraints.mlir (173 of 181)
PASS: AgenticCircuit :: Analysis/process-state-pass.mlir (174 of 181)
PASS: AgenticCircuit :: Bindings/resolve-ambiguous.mlir (175 of 181)
PASS: AgenticCircuit :: CodeGen/process-control-flow.mlir (176 of 181)
PASS: AgenticCircuit :: ACIR/fork.mlir (177 of 181)
PASS: AgenticCircuit :: ACIR/observe-invalid.mlir (178 of 181)
PASS: AgenticCircuit :: ACIR/collections-valid.mlir (179 of 181)
PASS: AgenticCircuit :: CodeGen/forbidden-generated-dependencies.mlir (180 of 181)
PASS: AgenticCircuit :: ACIR/route.mlir (181 of 181)

Testing Time: 21.32s

Total Discovered Tests: 181
  Passed: 181 (100.00%)
Test project /Users/zhoubot/linx-isa/tools/pyCircuit/.pycircuit_out/acir/dev-llvm22
      Start  1: WorkspaceE2ETests
      Start 15: ACIRModelAnalysisTests
      Start 16: ACIRProcessStatePlanTests
      Start  9: PycVerilogBackendTests
 1/20 Test  #9: PycVerilogBackendTests ..............   Passed    3.28 sec
      Start 19: CodeGenTests
 2/20 Test #16: ACIRProcessStatePlanTests ...........   Passed    8.99 sec
      Start  2: DavinciOOTraceTests
 3/20 Test  #2: DavinciOOTraceTests .................   Passed    1.43 sec
      Start  4: BitfieldE2ETests
 4/20 Test  #4: BitfieldE2ETests ....................   Passed    1.23 sec
      Start  6: EnumPayloadE2ETests
 5/20 Test  #6: EnumPayloadE2ETests .................   Passed    1.18 sec
      Start  5: NestedPayloadE2ETests
 6/20 Test  #5: NestedPayloadE2ETests ...............   Passed    1.20 sec
      Start 12: ACIROpsTests
 7/20 Test #12: ACIROpsTests ........................   Passed    8.12 sec
      Start  7: AggregatePayloadE2ETests
 8/20 Test #15: ACIRModelAnalysisTests ..............   Passed   22.50 sec
      Start  8: RecursiveAggregatePayloadE2ETests
 9/20 Test  #7: AggregatePayloadE2ETests ............   Passed    1.21 sec
      Start 14: ACSimOpsTests
10/20 Test  #8: RecursiveAggregatePayloadE2ETests ...   Passed    1.20 sec
      Start  3: RuleRetirementE2ETests
11/20 Test #14: ACSimOpsTests .......................   Passed    0.44 sec
      Start 20: CompilerTests
12/20 Test #20: CompilerTests .......................   Passed    0.85 sec
      Start 17: ACIRBindingTests
13/20 Test #17: ACIRBindingTests ....................   Passed    0.99 sec
      Start 18: ACIRToACSimTests
14/20 Test  #3: RuleRetirementE2ETests ..............   Passed    2.15 sec
      Start 11: ACIRTypesTests
15/20 Test #11: ACIRTypesTests ......................   Passed    0.10 sec
      Start 13: ACSimTypesTests
16/20 Test #13: ACSimTypesTests .....................   Passed    0.03 sec
      Start 10: GfsimTests
17/20 Test #10: GfsimTests ..........................   Passed    0.04 sec
18/20 Test #18: ACIRToACSimTests ....................   Passed    1.07 sec
19/20 Test #19: CodeGenTests ........................   Passed   32.94 sec
20/20 Test  #1: WorkspaceE2ETests ...................   Passed   59.57 sec

100% tests passed, 0 tests failed out of 20

Label Time Summary:
aggregate-payload    =   2.40 sec*proc (2 tests)
bitfield             =   1.23 sec*proc (1 test)
davincioo            =   1.43 sec*proc (1 test)
e2e                  =  69.16 sec*proc (8 tests)
enum-payload         =   1.18 sec*proc (1 test)
gfsim                =   8.16 sec*proc (6 tests)
nested-payload       =   1.20 sec*proc (1 test)
pyc                  =   3.28 sec*proc (1 test)
recursive-payload    =   1.20 sec*proc (1 test)
rule                 =   2.15 sec*proc (1 test)
verilog              =   3.28 sec*proc (1 test)
workspace            =  59.57 sec*proc (1 test)

Total Test time (real) =  59.58 sec
[pyc] AC G2: build and install the repo-local pyc6 + AC toolchain
[pyc] configure (/Users/zhoubot/linx-isa/tools/pyCircuit/.pycircuit_out/gates/20260906-issue39-closure-r3/agentic-circuit/toolchain/build)
-- The C compiler identification is AppleClang 21.0.0.21000101
-- The CXX compiler identification is AppleClang 21.0.0.21000101
-- Detecting C compiler ABI info
-- Detecting C compiler ABI info - done
-- Check for working C compiler: /usr/bin/cc - skipped
-- Detecting C compile features
-- Detecting C compile features - done
-- Detecting CXX compiler ABI info
-- Detecting CXX compiler ABI info - done
-- Check for working CXX compiler: /usr/bin/c++ - skipped
-- Detecting CXX compile features
-- Detecting CXX compile features - done
-- Performing Test HAVE_FFI_CALL
-- Performing Test HAVE_FFI_CALL - Success
-- Found FFI: /Applications/Xcode.app/Contents/Developer/Platforms/MacOSX.platform/Developer/SDKs/MacOSX.sdk/usr/lib/libffi.tbd
-- Looking for histedit.h
-- Looking for histedit.h - found
-- Found LibEdit: /Applications/Xcode.app/Contents/Developer/Platforms/MacOSX.platform/Developer/SDKs/MacOSX.sdk/usr/include (found version "2.11")
-- Found ZLIB: /Applications/Xcode.app/Contents/Developer/Platforms/MacOSX.platform/Developer/SDKs/MacOSX.sdk/usr/lib/libz.tbd (found version "1.2.12")
-- Found zstd: /opt/homebrew/lib/libzstd.dylib
-- Found LibXml2: /Applications/Xcode.app/Contents/Developer/Platforms/MacOSX.platform/Developer/SDKs/MacOSX.sdk/usr/lib/libxml2.tbd (found version "2.9.13")
-- Using LLVMConfig.cmake in: /opt/homebrew/Cellar/llvm/22.1.8/lib/cmake/llvm
-- Using MLIRConfig.cmake in: /opt/homebrew/Cellar/llvm/22.1.8/lib/cmake/mlir
-- Linker detection: Apple
-- Performing Test LLVM_LINKER_SUPPORTS_NO_EXPORTED_SYMBOLS
-- Performing Test LLVM_LINKER_SUPPORTS_NO_EXPORTED_SYMBOLS - Success
-- Performing Test LLVM_LINKER_SUPPORTS_NO_WARN_DUPLICATE_LIBRARIES
-- Performing Test LLVM_LINKER_SUPPORTS_NO_WARN_DUPLICATE_LIBRARIES - Success
-- Performing Test LLVM_USES_LIBSTDCXX
-- Performing Test LLVM_USES_LIBSTDCXX - Failed
-- Performing Test LLVM_DEFAULT_TO_GLIBCXX_USE_CXX11_ABI
-- Performing Test LLVM_DEFAULT_TO_GLIBCXX_USE_CXX11_ABI - Failed
-- Performing Test C_SUPPORTS_FPIC
-- Performing Test C_SUPPORTS_FPIC - Success
-- Performing Test CXX_SUPPORTS_FPIC
-- Performing Test CXX_SUPPORTS_FPIC - Success
-- Building with -fPIC
-- Performing Test C_SUPPORTS_FNO_SEMANTIC_INTERPOSITION
-- Performing Test C_SUPPORTS_FNO_SEMANTIC_INTERPOSITION - Failed
-- Performing Test CXX_SUPPORTS_FNO_SEMANTIC_INTERPOSITION
-- Performing Test CXX_SUPPORTS_FNO_SEMANTIC_INTERPOSITION - Failed
-- Performing Test SUPPORTS_FVISIBILITY_INLINES_HIDDEN_FLAG
-- Performing Test SUPPORTS_FVISIBILITY_INLINES_HIDDEN_FLAG - Success
-- Performing Test CXX_SUPPORTS_SUGGEST_OVERRIDE_FLAG
-- Performing Test CXX_SUPPORTS_SUGGEST_OVERRIDE_FLAG - Success
-- Performing Test CXX_WSUGGEST_OVERRIDE_ALLOWS_ONLY_FINAL
-- Performing Test CXX_WSUGGEST_OVERRIDE_ALLOWS_ONLY_FINAL - Success
-- Performing Test C_WCOMMENT_ALLOWS_LINE_WRAP
-- Performing Test C_WCOMMENT_ALLOWS_LINE_WRAP - Success
-- Performing Test C_SUPPORTS_MISLEADING_INDENTATION_FLAG
-- Performing Test C_SUPPORTS_MISLEADING_INDENTATION_FLAG - Success
-- Performing Test CXX_SUPPORTS_MISLEADING_INDENTATION_FLAG
-- Performing Test CXX_SUPPORTS_MISLEADING_INDENTATION_FLAG - Success
-- Performing Test C_SUPPORTS_CTAD_MAYBE_UNSPPORTED_FLAG
-- Performing Test C_SUPPORTS_CTAD_MAYBE_UNSPPORTED_FLAG - Success
-- Performing Test CXX_SUPPORTS_CTAD_MAYBE_UNSPPORTED_FLAG
-- Performing Test CXX_SUPPORTS_CTAD_MAYBE_UNSPPORTED_FLAG - Success
-- Performing Test LINKER_SUPPORTS_COLOR_DIAGNOSTICS
-- Performing Test LINKER_SUPPORTS_COLOR_DIAGNOSTICS - Failed
-- Looking for os_signpost_interval_begin
-- Looking for os_signpost_interval_begin - found
-- Performing Test macos_signposts_usable
-- Performing Test macos_signposts_usable - Success
-- Looking for flock
-- Looking for flock - found
-- Reusing parent LLVM/MLIR 22.1.8 targets for Agentic Circuit
-- Using LLVM 22.1.8 from /opt/homebrew/Cellar/llvm/22.1.8/lib/cmake/llvm
-- Using MLIR 22.1.8 from /opt/homebrew/Cellar/llvm/22.1.8/lib/cmake/mlir
-- Found Python3: /opt/homebrew/Frameworks/Python.framework/Versions/3.14/bin/python3.14 (found suitable version "3.14.6", minimum required is "3.11") found components: Interpreter Development.Module
-- Configuring done (2.8s)
-- Generating done (0.1s)
-- Build files have been written to: /Users/zhoubot/linx-isa/tools/pyCircuit/.pycircuit_out/gates/20260906-issue39-closure-r3/agentic-circuit/toolchain/build
[pyc] build pycc + runtime (/Users/zhoubot/linx-isa/tools/pyCircuit/.pycircuit_out/gates/20260906-issue39-closure-r3/agentic-circuit/toolchain/build)
ninja: Entering directory `/Users/zhoubot/linx-isa/tools/pyCircuit/.pycircuit_out/gates/20260906-issue39-closure-r3/agentic-circuit/toolchain/build'
[1/37] Building include/pyc/Dialect/PYC/PYCTypes.h.inc...
[2/37] Building include/pyc/Dialect/PYC/PYCTypes.cpp.inc...
[3/37] Building CXX object library/cpp/CMakeFiles/pyc6_runtime.dir/pyc_runtime.cpp.o
[4/37] Building include/pyc/Dialect/PYC/PYCOps.cpp.inc...
[5/37] Building include/pyc/Dialect/PYC/PYCOps.h.inc...
[6/37] Linking CXX static library lib/libpyc6_runtime.a
[7/37] Building CXX object compiler/mlir/CMakeFiles/pyc_dialect.dir/lib/Dialect/PYC/PYCTypes.cpp.o
In file included from /Users/zhoubot/linx-isa/tools/pyCircuit/compiler/mlir/lib/Dialect/PYC/PYCTypes.cpp:9:
/Users/zhoubot/linx-isa/tools/pyCircuit/.pycircuit_out/gates/20260906-issue39-closure-r3/agentic-circuit/toolchain/build/compiler/mlir/include/pyc/Dialect/PYC/PYCTypes.cpp.inc:20:36: warning: unused function 'generatedTypeParser' [-Wunused-function]
   20 | static ::mlir::OptionalParseResult generatedTypeParser(::mlir::AsmParser &parser, ::llvm::StringRef *mnemonic, ::mlir::Type &value) {
      |                                    ^~~~~~~~~~~~~~~~~~~
/Users/zhoubot/linx-isa/tools/pyCircuit/.pycircuit_out/gates/20260906-issue39-closure-r3/agentic-circuit/toolchain/build/compiler/mlir/include/pyc/Dialect/PYC/PYCTypes.cpp.inc:36:30: warning: unused function 'generatedTypePrinter' [-Wunused-function]
   36 | static ::llvm::LogicalResult generatedTypePrinter(::mlir::Type def, ::mlir::AsmPrinter &printer) {
      |                              ^~~~~~~~~~~~~~~~~~~~
2 warnings generated.
[8/37] Building CXX object compiler/mlir/CMakeFiles/pyc_transforms.dir/lib/Transforms/CheckFlatTypesPass.cpp.o
[9/37] Building CXX object compiler/mlir/CMakeFiles/pyc_transforms.dir/lib/Transforms/CheckHierarchyDisciplinePass.cpp.o
[10/37] Building CXX object compiler/mlir/CMakeFiles/pyc_transforms.dir/lib/Transforms/CheckCombCyclesPass.cpp.o
[11/37] Building CXX object compiler/mlir/CMakeFiles/pyc_transforms.dir/lib/Transforms/CheckNoDynamicPass.cpp.o
[12/37] Building CXX object compiler/mlir/CMakeFiles/pyc_transforms.dir/lib/Transforms/CheckLogicDepthPass.cpp.o
/Users/zhoubot/linx-isa/tools/pyCircuit/compiler/mlir/lib/Transforms/CheckLogicDepthPass.cpp:53:26: warning: comparison of integers of different signs: 'value_type' (aka 'unsigned long long') and 'int64_t' (aka 'long long') [-Wsign-compare]
   53 |     if (*dim < 0 || *dim >= vecTy.getRank())
      |                     ~~~~ ^  ~~~~~~~~~~~~~~~
/Users/zhoubot/linx-isa/tools/pyCircuit/compiler/mlir/lib/Transforms/CheckLogicDepthPass.cpp:78:12: note: in instantiation of function template specialization 'pyc::(anonymous namespace)::vectorReduceCost<pyc::VOrReduceOp>' requested here
   78 |     return vectorReduceCost(vr);
      |            ^
/Users/zhoubot/linx-isa/tools/pyCircuit/compiler/mlir/lib/Transforms/CheckLogicDepthPass.cpp:53:26: warning: comparison of integers of different signs: 'value_type' (aka 'unsigned long long') and 'int64_t' (aka 'long long') [-Wsign-compare]
   53 |     if (*dim < 0 || *dim >= vecTy.getRank())
      |                     ~~~~ ^  ~~~~~~~~~~~~~~~
/Users/zhoubot/linx-isa/tools/pyCircuit/compiler/mlir/lib/Transforms/CheckLogicDepthPass.cpp:80:12: note: in instantiation of function template specialization 'pyc::(anonymous namespace)::vectorReduceCost<pyc::VAndReduceOp>' requested here
   80 |     return vectorReduceCost(vr);
      |            ^
/Users/zhoubot/linx-isa/tools/pyCircuit/compiler/mlir/lib/Transforms/CheckLogicDepthPass.cpp:53:26: warning: comparison of integers of different signs: 'value_type' (aka 'unsigned long long') and 'int64_t' (aka 'long long') [-Wsign-compare]
   53 |     if (*dim < 0 || *dim >= vecTy.getRank())
      |                     ~~~~ ^  ~~~~~~~~~~~~~~~
/Users/zhoubot/linx-isa/tools/pyCircuit/compiler/mlir/lib/Transforms/CheckLogicDepthPass.cpp:82:12: note: in instantiation of function template specialization 'pyc::(anonymous namespace)::vectorReduceCost<pyc::VAddReduceOp>' requested here
   82 |     return vectorReduceCost(vr);
      |            ^
3 warnings generated.
[13/37] Building CXX object compiler/mlir/CMakeFiles/pyc_transforms.dir/lib/Transforms/CombDepGraph.cpp.o
/Users/zhoubot/linx-isa/tools/pyCircuit/compiler/mlir/lib/Transforms/CombDepGraph.cpp:40:26: warning: comparison of integers of different signs: 'value_type' (aka 'unsigned long long') and 'int64_t' (aka 'long long') [-Wsign-compare]
   40 |     if (*dim < 0 || *dim >= vecTy.getRank())
      |                     ~~~~ ^  ~~~~~~~~~~~~~~~
/Users/zhoubot/linx-isa/tools/pyCircuit/compiler/mlir/lib/Transforms/CombDepGraph.cpp:65:12: note: in instantiation of function template specialization 'pyc::(anonymous namespace)::vectorReduceCost<pyc::VOrReduceOp>' requested here
   65 |     return vectorReduceCost(vr);
      |            ^
/Users/zhoubot/linx-isa/tools/pyCircuit/compiler/mlir/lib/Transforms/CombDepGraph.cpp:40:26: warning: comparison of integers of different signs: 'value_type' (aka 'unsigned long long') and 'int64_t' (aka 'long long') [-Wsign-compare]
   40 |     if (*dim < 0 || *dim >= vecTy.getRank())
      |                     ~~~~ ^  ~~~~~~~~~~~~~~~
/Users/zhoubot/linx-isa/tools/pyCircuit/compiler/mlir/lib/Transforms/CombDepGraph.cpp:67:12: note: in instantiation of function template specialization 'pyc::(anonymous namespace)::vectorReduceCost<pyc::VAndReduceOp>' requested here
   67 |     return vectorReduceCost(vr);
      |            ^
/Users/zhoubot/linx-isa/tools/pyCircuit/compiler/mlir/lib/Transforms/CombDepGraph.cpp:40:26: warning: comparison of integers of different signs: 'value_type' (aka 'unsigned long long') and 'int64_t' (aka 'long long') [-Wsign-compare]
   40 |     if (*dim < 0 || *dim >= vecTy.getRank())
      |                     ~~~~ ^  ~~~~~~~~~~~~~~~
/Users/zhoubot/linx-isa/tools/pyCircuit/compiler/mlir/lib/Transforms/CombDepGraph.cpp:69:12: note: in instantiation of function template specialization 'pyc::(anonymous namespace)::vectorReduceCost<pyc::VAddReduceOp>' requested here
   69 |     return vectorReduceCost(vr);
      |            ^
3 warnings generated.
[14/37] Building CXX object compiler/mlir/CMakeFiles/pyc_transforms.dir/lib/Transforms/CheckFrontendContractPass.cpp.o
/Users/zhoubot/linx-isa/tools/pyCircuit/compiler/mlir/lib/Transforms/CheckFrontendContractPass.cpp:182:12: warning: unused variable 'checkBoolAttr' [-Wunused-variable]
  182 |       auto checkBoolAttr = [&](StringRef name, llvm::StringRef code, llvm::StringRef hint) -> BoolAttr {
      |            ^~~~~~~~~~~~~
1 warning generated.
[15/37] Building CXX object compiler/mlir/CMakeFiles/pyc_transforms.dir/lib/Transforms/CollectCompileStatsPass.cpp.o
[16/37] Building CXX object compiler/mlir/CMakeFiles/pyc_transforms.dir/lib/Transforms/CheckClockDomainsPass.cpp.o
[17/37] Building CXX object compiler/mlir/CMakeFiles/pyc_transforms.dir/lib/Transforms/EliminateDeadInstancesPass.cpp.o
[18/37] Building CXX object compiler/mlir/CMakeFiles/pyc_transforms.dir/lib/Transforms/CombCanonicalizePass.cpp.o
/Users/zhoubot/linx-isa/tools/pyCircuit/compiler/mlir/lib/Transforms/CombCanonicalizePass.cpp:64:21: warning: 'create' is deprecated: Use OpTy::create instead [-Wdeprecated-declarations]
   64 |     return rewriter.create<pyc::ConstantOp>(loc, intTy, IntegerAttr::get(intTy, vv));
      |                     ^
/opt/homebrew/Cellar/llvm/22.1.8/include/mlir/IR/Builders.h:506:8: note: 'create' has been explicitly marked deprecated here
  506 |   OpTy create(Location location, Args &&...args) {
      |        ^
/Users/zhoubot/linx-isa/tools/pyCircuit/compiler/mlir/lib/Transforms/CombCanonicalizePass.cpp:64:21: warning: 'create<pyc::ConstantOp, mlir::IntegerType &, mlir::IntegerAttr>' is deprecated: Use OpTy::create instead [-Wdeprecated-declarations]
   64 |     return rewriter.create<pyc::ConstantOp>(loc, intTy, IntegerAttr::get(intTy, vv));
      |                     ^
/opt/homebrew/Cellar/llvm/22.1.8/include/mlir/IR/Builders.h:505:5: note: 'create<pyc::ConstantOp, mlir::IntegerType &, mlir::IntegerAttr>' has been explicitly marked deprecated here
  505 |   [[deprecated("Use OpTy::create instead")]]
      |     ^
/Users/zhoubot/linx-isa/tools/pyCircuit/compiler/mlir/lib/Transforms/CombCanonicalizePass.cpp:74:29: warning: 'create' is deprecated: Use OpTy::create instead [-Wdeprecated-declarations]
   74 |     Value scalar = rewriter.create<pyc::ConstantOp>(loc, elemTy, IntegerAttr::get(elemTy, vv));
      |                             ^
/opt/homebrew/Cellar/llvm/22.1.8/include/mlir/IR/Builders.h:506:8: note: 'create' has been explicitly marked deprecated here
  506 |   OpTy create(Location location, Args &&...args) {
      |        ^
/Users/zhoubot/linx-isa/tools/pyCircuit/compiler/mlir/lib/Transforms/CombCanonicalizePass.cpp:74:29: warning: 'create<pyc::ConstantOp, mlir::IntegerType &, mlir::IntegerAttr>' is deprecated: Use OpTy::create instead [-Wdeprecated-declarations]
   74 |     Value scalar = rewriter.create<pyc::ConstantOp>(loc, elemTy, IntegerAttr::get(elemTy, vv));
      |                             ^
/opt/homebrew/Cellar/llvm/22.1.8/include/mlir/IR/Builders.h:505:5: note: 'create<pyc::ConstantOp, mlir::IntegerType &, mlir::IntegerAttr>' has been explicitly marked deprecated here
  505 |   [[deprecated("Use OpTy::create instead")]]
      |     ^
/Users/zhoubot/linx-isa/tools/pyCircuit/compiler/mlir/lib/Transforms/CombCanonicalizePass.cpp:75:21: warning: 'create' is deprecated: Use OpTy::create instead [-Wdeprecated-declarations]
   75 |     return rewriter.create<pyc::VBroadcastOp>(loc, vt, scalar, vt.getShape()[0]);
      |                     ^
/opt/homebrew/Cellar/llvm/22.1.8/include/mlir/IR/Builders.h:506:8: note: 'create' has been explicitly marked deprecated here
  506 |   OpTy create(Location location, Args &&...args) {
      |        ^
/Users/zhoubot/linx-isa/tools/pyCircuit/compiler/mlir/lib/Transforms/CombCanonicalizePass.cpp:75:21: warning: 'create<pyc::VBroadcastOp, mlir::VectorType &, mlir::Value &, const long long &>' is deprecated: Use OpTy::create instead [-Wdeprecated-declarations]
   75 |     return rewriter.create<pyc::VBroadcastOp>(loc, vt, scalar, vt.getShape()[0]);
      |                     ^
/opt/homebrew/Cellar/llvm/22.1.8/include/mlir/IR/Builders.h:505:5: note: 'create<pyc::VBroadcastOp, mlir::VectorType &, mlir::Value &, const long long &>' has been explicitly marked deprecated here
  505 |   [[deprecated("Use OpTy::create instead")]]
      |     ^
/Users/zhoubot/linx-isa/tools/pyCircuit/compiler/mlir/lib/Transforms/CombCanonicalizePass.cpp:309:29: warning: 'create' is deprecated: Use OpTy::create instead [-Wdeprecated-declarations]
  309 |       Value nsel = rewriter.create<pyc::NotOp>(op.getLoc(), op.getSel());
      |                             ^
/opt/homebrew/Cellar/llvm/22.1.8/include/mlir/IR/Builders.h:506:8: note: 'create' has been explicitly marked deprecated here
  506 |   OpTy create(Location location, Args &&...args) {
      |        ^
/Users/zhoubot/linx-isa/tools/pyCircuit/compiler/mlir/lib/Transforms/CombCanonicalizePass.cpp:309:29: warning: 'create<pyc::NotOp, mlir::Value>' is deprecated: Use OpTy::create instead [-Wdeprecated-declarations]
  309 |       Value nsel = rewriter.create<pyc::NotOp>(op.getLoc(), op.getSel());
      |                             ^
/opt/homebrew/Cellar/llvm/22.1.8/include/mlir/IR/Builders.h:505:5: note: 'create<pyc::NotOp, mlir::Value>' has been explicitly marked deprecated here
  505 |   [[deprecated("Use OpTy::create instead")]]
      |     ^
/Users/zhoubot/linx-isa/tools/pyCircuit/compiler/mlir/lib/Transforms/CombCanonicalizePass.cpp:315:29: warning: 'create' is deprecated: Use OpTy::create instead [-Wdeprecated-declarations]
  315 |       Value nsel = rewriter.create<pyc::NotOp>(op.getLoc(), op.getSel());
      |                             ^
/opt/homebrew/Cellar/llvm/22.1.8/include/mlir/IR/Builders.h:506:8: note: 'create' has been explicitly marked deprecated here
  506 |   OpTy create(Location location, Args &&...args) {
      |        ^
/Users/zhoubot/linx-isa/tools/pyCircuit/compiler/mlir/lib/Transforms/CombCanonicalizePass.cpp:315:29: warning: 'create<pyc::NotOp, mlir::Value>' is deprecated: Use OpTy::create instead [-Wdeprecated-declarations]
  315 |       Value nsel = rewriter.create<pyc::NotOp>(op.getLoc(), op.getSel());
      |                             ^
/opt/homebrew/Cellar/llvm/22.1.8/include/mlir/IR/Builders.h:505:5: note: 'create<pyc::NotOp, mlir::Value>' has been explicitly marked deprecated here
  505 |   [[deprecated("Use OpTy::create instead")]]
      |     ^
/Users/zhoubot/linx-isa/tools/pyCircuit/compiler/mlir/lib/Transforms/CombCanonicalizePass.cpp:413:28: warning: 'create' is deprecated: Use OpTy::create instead [-Wdeprecated-declarations]
  413 |         Value x = rewriter.create<pyc::XorOp>(op.getLoc(), op.getType(), A, B);
      |                            ^
/opt/homebrew/Cellar/llvm/22.1.8/include/mlir/IR/Builders.h:506:8: note: 'create' has been explicitly marked deprecated here
  506 |   OpTy create(Location location, Args &&...args) {
      |        ^
/Users/zhoubot/linx-isa/tools/pyCircuit/compiler/mlir/lib/Transforms/CombCanonicalizePass.cpp:413:28: warning: 'create<pyc::XorOp, mlir::Type, mlir::Value &, mlir::Value &>' is deprecated: Use OpTy::create instead [-Wdeprecated-declarations]
  413 |         Value x = rewriter.create<pyc::XorOp>(op.getLoc(), op.getType(), A, B);
      |                            ^
/opt/homebrew/Cellar/llvm/22.1.8/include/mlir/IR/Builders.h:505:5: note: 'create<pyc::XorOp, mlir::Type, mlir::Value &, mlir::Value &>' has been explicitly marked deprecated here
  505 |   [[deprecated("Use OpTy::create instead")]]
      |     ^
/Users/zhoubot/linx-isa/tools/pyCircuit/compiler/mlir/lib/Transforms/CombCanonicalizePass.cpp:418:28: warning: 'create' is deprecated: Use OpTy::create instead [-Wdeprecated-declarations]
  418 |         Value x = rewriter.create<pyc::XorOp>(op.getLoc(), op.getType(), A, B);
      |                            ^
/opt/homebrew/Cellar/llvm/22.1.8/include/mlir/IR/Builders.h:506:8: note: 'create' has been explicitly marked deprecated here
  506 |   OpTy create(Location location, Args &&...args) {
      |        ^
/Users/zhoubot/linx-isa/tools/pyCircuit/compiler/mlir/lib/Transforms/CombCanonicalizePass.cpp:418:28: warning: 'create<pyc::XorOp, mlir::Type, mlir::Value &, mlir::Value &>' is deprecated: Use OpTy::create instead [-Wdeprecated-declarations]
  418 |         Value x = rewriter.create<pyc::XorOp>(op.getLoc(), op.getType(), A, B);
      |                            ^
/opt/homebrew/Cellar/llvm/22.1.8/include/mlir/IR/Builders.h:505:5: note: 'create<pyc::XorOp, mlir::Type, mlir::Value &, mlir::Value &>' has been explicitly marked deprecated here
  505 |   [[deprecated("Use OpTy::create instead")]]
      |     ^
/Users/zhoubot/linx-isa/tools/pyCircuit/compiler/mlir/lib/Transforms/CombCanonicalizePass.cpp:478:22: warning: 'create' is deprecated: Use OpTy::create instead [-Wdeprecated-declarations]
  478 |       sel = rewriter.create<pyc::VGetOp>(op.getLoc(), selLaneTy, sel, idx);
      |                      ^
/opt/homebrew/Cellar/llvm/22.1.8/include/mlir/IR/Builders.h:506:8: note: 'create' has been explicitly marked deprecated here
  506 |   OpTy create(Location location, Args &&...args) {
      |        ^
/Users/zhoubot/linx-isa/tools/pyCircuit/compiler/mlir/lib/Transforms/CombCanonicalizePass.cpp:478:22: warning: 'create<pyc::VGetOp, mlir::Type &, mlir::Value &, unsigned long long &>' is deprecated: Use OpTy::create instead [-Wdeprecated-declarations]
  478 |       sel = rewriter.create<pyc::VGetOp>(op.getLoc(), selLaneTy, sel, idx);
      |                      ^
/opt/homebrew/Cellar/llvm/22.1.8/include/mlir/IR/Builders.h:505:5: note: 'create<pyc::VGetOp, mlir::Type &, mlir::Value &, unsigned long long &>' has been explicitly marked deprecated here
  505 |   [[deprecated("Use OpTy::create instead")]]
      |     ^
/Users/zhoubot/linx-isa/tools/pyCircuit/compiler/mlir/lib/Transforms/CombCanonicalizePass.cpp:482:24: warning: 'create' is deprecated: Use OpTy::create instead [-Wdeprecated-declarations]
  482 |     Value a = rewriter.create<pyc::VGetOp>(op.getLoc(), laneTy, mux.getA(), idx);
      |                        ^
/opt/homebrew/Cellar/llvm/22.1.8/include/mlir/IR/Builders.h:506:8: note: 'create' has been explicitly marked deprecated here
  506 |   OpTy create(Location location, Args &&...args) {
      |        ^
/Users/zhoubot/linx-isa/tools/pyCircuit/compiler/mlir/lib/Transforms/CombCanonicalizePass.cpp:482:24: warning: 'create<pyc::VGetOp, mlir::Type &, mlir::Value, unsigned long long &>' is deprecated: Use OpTy::create instead [-Wdeprecated-declarations]
  482 |     Value a = rewriter.create<pyc::VGetOp>(op.getLoc(), laneTy, mux.getA(), idx);
      |                        ^
/opt/homebrew/Cellar/llvm/22.1.8/include/mlir/IR/Builders.h:505:5: note: 'create<pyc::VGetOp, mlir::Type &, mlir::Value, unsigned long long &>' has been explicitly marked deprecated here
  505 |   [[deprecated("Use OpTy::create instead")]]
      |     ^
/Users/zhoubot/linx-isa/tools/pyCircuit/compiler/mlir/lib/Transforms/CombCanonicalizePass.cpp:483:24: warning: 'create' is deprecated: Use OpTy::create instead [-Wdeprecated-declarations]
  483 |     Value b = rewriter.create<pyc::VGetOp>(op.getLoc(), laneTy, mux.getB(), idx);
      |                        ^
/opt/homebrew/Cellar/llvm/22.1.8/include/mlir/IR/Builders.h:506:8: note: 'create' has been explicitly marked deprecated here
  506 |   OpTy create(Location location, Args &&...args) {
      |        ^
/Users/zhoubot/linx-isa/tools/pyCircuit/compiler/mlir/lib/Transforms/CombCanonicalizePass.cpp:483:24: warning: 'create<pyc::VGetOp, mlir::Type &, mlir::Value, unsigned long long &>' is deprecated: Use OpTy::create instead [-Wdeprecated-declarations]
  483 |     Value b = rewriter.create<pyc::VGetOp>(op.getLoc(), laneTy, mux.getB(), idx);
      |                        ^
/opt/homebrew/Cellar/llvm/22.1.8/include/mlir/IR/Builders.h:505:5: note: 'create<pyc::VGetOp, mlir::Type &, mlir::Value, unsigned long long &>' has been explicitly marked deprecated here
  505 |   [[deprecated("Use OpTy::create instead")]]
      |     ^
/Users/zhoubot/linx-isa/tools/pyCircuit/compiler/mlir/lib/Transforms/CombCanonicalizePass.cpp:626:16: warning: 'applyPatternsAndFoldGreedily' is deprecated: Use applyPatternsGreedily() instead [-Wdeprecated-declarations]
  626 |     if (failed(applyPatternsAndFoldGreedily(f, std::move(patterns), cfg)))
      |                ^~~~~~~~~~~~~~~~~~~~~~~~~~~~
      |                applyPatternsGreedily
/opt/homebrew/Cellar/llvm/22.1.8/include/mlir/Transforms/GreedyPatternRewriteDriver.h:234:1: note: 'applyPatternsAndFoldGreedily' has been explicitly marked deprecated here
  234 | LLVM_DEPRECATED("Use applyPatternsGreedily() instead", "applyPatternsGreedily")
      | ^
/opt/homebrew/Cellar/llvm/22.1.8/include/llvm/Support/Compiler.h:250:50: note: expanded from macro 'LLVM_DEPRECATED'
  250 | #define LLVM_DEPRECATED(MSG, FIX) __attribute__((deprecated(MSG, FIX)))
      |                                                  ^
/Users/zhoubot/linx-isa/tools/pyCircuit/compiler/mlir/lib/Transforms/CombCanonicalizePass.cpp:552:27: warning: 'create' is deprecated: Use OpTy::create instead [-Wdeprecated-declarations]
  552 |       auto row = rewriter.create<pyc::VGetOp>(op.getLoc(), rowTy, op.getVec(), 0);
      |                           ^
/Applications/Xcode.app/Contents/Developer/Platforms/MacOSX.platform/Developer/SDKs/MacOSX.sdk/usr/include/c++/v1/__memory/unique_ptr.h:759:30: note: in instantiation of member function 'pyc::(anonymous namespace)::VReduceSingleLaneDim<pyc::VAddReduceOp>::matchAndRewrite' requested here
  759 |   return unique_ptr<_Tp>(new _Tp(std::forward<_Args>(__args)...));
      |                              ^
/opt/homebrew/Cellar/llvm/22.1.8/include/mlir/IR/PatternMatch.h:256:14: note: in instantiation of function template specialization 'std::make_unique<pyc::(anonymous namespace)::VReduceSingleLaneDim<pyc::VAddReduceOp>, mlir::MLIRContext *, 0>' requested here
  256 |         std::make_unique<T>(std::forward<Args>(args)...);
      |              ^
/opt/homebrew/Cellar/llvm/22.1.8/include/mlir/IR/PatternMatch.h:1007:25: note: in instantiation of function template specialization 'mlir::RewritePattern::create<pyc::(anonymous namespace)::VReduceSingleLaneDim<pyc::VAddReduceOp>, mlir::MLIRContext *>' requested here
 1007 |         RewritePattern::create<T>(std::forward<Args>(args)...);
      |                         ^
/opt/homebrew/Cellar/llvm/22.1.8/include/mlir/IR/PatternMatch.h:864:6: note: in instantiation of function template specialization 'mlir::RewritePatternSet::addImpl<pyc::(anonymous namespace)::VReduceSingleLaneDim<pyc::VAddReduceOp>, mlir::MLIRContext *>' requested here
  864 |     (addImpl<Ts>(/*debugLabels=*/{}, std::forward<ConstructorArg>(arg),
      |      ^
/Users/zhoubot/linx-isa/tools/pyCircuit/compiler/mlir/lib/Transforms/CombCanonicalizePass.cpp:594:14: note: in instantiation of function template specialization 'mlir::RewritePatternSet::add<pyc::(anonymous namespace)::MuxSameSelSimplify, pyc::(anonymous namespace)::MuxI1ToLogic, pyc::(anonymous namespace)::AndBasicSimplify, pyc::(anonymous namespace)::OrBasicSimplify, pyc::(anonymous namespace)::OrAndXorFactor, pyc::(anonymous namespace)::VGetOfVCreate, pyc::(anonymous namespace)::VGetOfVBroadcast, pyc::(anonymous namespace)::VGetOfVectorMux, pyc::(anonymous namespace)::VCreateOfConsecutiveVGets, pyc::(anonymous namespace)::FoldVectorConstantLanes<pyc::AddOp>, pyc::(anonymous namespace)::FoldVectorConstantLanes<pyc::SubOp>, pyc::(anonymous namespace)::FoldVectorConstantLanes<pyc::MulOp>, pyc::(anonymous namespace)::FoldVectorConstantLanes<pyc::UdivOp>, pyc::(anonymous namespace)::FoldVectorConstantLanes<pyc::UremOp>, pyc::(anonymous namespace)::FoldVectorConstantLanes<pyc::SdivOp>, pyc::(anonymous namespace)::FoldVectorConstantLanes<pyc::SremOp>, pyc::(anonymous namespace)::FoldVectorConstantLanes<pyc::AndOp>, pyc::(anonymous namespace)::FoldVectorConstantLanes<pyc::OrOp>, pyc::(anonymous namespace)::FoldVectorConstantLanes<pyc::XorOp>, pyc::(anonymous namespace)::FoldVectorConstantLanes<pyc::EqOp>, pyc::(anonymous namespace)::FoldVectorConstantLanes<pyc::UltOp>, pyc::(anonymous namespace)::FoldVectorConstantLanes<pyc::SltOp>, pyc::(anonymous namespace)::FoldRank2ReduceLanes<pyc::VOrReduceOp>, pyc::(anonymous namespace)::FoldRank2ReduceLanes<pyc::VAndReduceOp>, pyc::(anonymous namespace)::FoldRank2ReduceLanes<pyc::VAddReduceOp>, pyc::(anonymous namespace)::VReduceOfVBroadcast<pyc::VOrReduceOp>, pyc::(anonymous namespace)::VReduceOfVBroadcast<pyc::VAndReduceOp>, pyc::(anonymous namespace)::VReduceSingleLaneDim<pyc::VOrReduceOp>, pyc::(anonymous namespace)::VReduceSingleLaneDim<pyc::VAndReduceOp>, pyc::(anonymous namespace)::VReduceSingleLaneDim<pyc::VAddReduceOp>, mlir::MLIRContext *, void>' requested here
  594 |     patterns.add<MuxSameSelSimplify,
      |              ^
/opt/homebrew/Cellar/llvm/22.1.8/include/mlir/IR/Builders.h:506:8: note: 'create' has been explicitly marked deprecated here
  506 |   OpTy create(Location location, Args &&...args) {
      |        ^
/Users/zhoubot/linx-isa/tools/pyCircuit/compiler/mlir/lib/Transforms/CombCanonicalizePass.cpp:552:27: warning: 'create<pyc::VGetOp, mlir::VectorType &, mlir::Value, int>' is deprecated: Use OpTy::create instead [-Wdeprecated-declarations]
  552 |       auto row = rewriter.create<pyc::VGetOp>(op.getLoc(), rowTy, op.getVec(), 0);
      |                           ^
/opt/homebrew/Cellar/llvm/22.1.8/include/mlir/IR/Builders.h:505:5: note: 'create<pyc::VGetOp, mlir::VectorType &, mlir::Value, int>' has been explicitly marked deprecated here
  505 |   [[deprecated("Use OpTy::create instead")]]
      |     ^
/Users/zhoubot/linx-isa/tools/pyCircuit/compiler/mlir/lib/Transforms/CombCanonicalizePass.cpp:576:32: warning: 'create' is deprecated: Use OpTy::create instead [-Wdeprecated-declarations]
  576 |       elems.push_back(rewriter.create<pyc::VGetOp>(op.getLoc(), rowTy.getElementType(), row, 0));
      |                                ^
/opt/homebrew/Cellar/llvm/22.1.8/include/mlir/IR/Builders.h:506:8: note: 'create' has been explicitly marked deprecated here
  506 |   OpTy create(Location location, Args &&...args) {
      |        ^
/Users/zhoubot/linx-isa/tools/pyCircuit/compiler/mlir/lib/Transforms/CombCanonicalizePass.cpp:576:32: warning: 'create<pyc::VGetOp, mlir::Type, mlir::Value &, int>' is deprecated: Use OpTy::create instead [-Wdeprecated-declarations]
  576 |       elems.push_back(rewriter.create<pyc::VGetOp>(op.getLoc(), rowTy.getElementType(), row, 0));
      |                                ^
/opt/homebrew/Cellar/llvm/22.1.8/include/mlir/IR/Builders.h:505:5: note: 'create<pyc::VGetOp, mlir::Type, mlir::Value &, int>' has been explicitly marked deprecated here
  505 |   [[deprecated("Use OpTy::create instead")]]
      |     ^
/Users/zhoubot/linx-isa/tools/pyCircuit/compiler/mlir/lib/Transforms/CombCanonicalizePass.cpp:552:27: warning: 'create' is deprecated: Use OpTy::create instead [-Wdeprecated-declarations]
  552 |       auto row = rewriter.create<pyc::VGetOp>(op.getLoc(), rowTy, op.getVec(), 0);
      |                           ^
/Applications/Xcode.app/Contents/Developer/Platforms/MacOSX.platform/Developer/SDKs/MacOSX.sdk/usr/include/c++/v1/__memory/unique_ptr.h:759:30: note: in instantiation of member function 'pyc::(anonymous namespace)::VReduceSingleLaneDim<pyc::VAndReduceOp>::matchAndRewrite' requested here
  759 |   return unique_ptr<_Tp>(new _Tp(std::forward<_Args>(__args)...));
      |                              ^
/opt/homebrew/Cellar/llvm/22.1.8/include/mlir/IR/PatternMatch.h:256:14: note: in instantiation of function template specialization 'std::make_unique<pyc::(anonymous namespace)::VReduceSingleLaneDim<pyc::VAndReduceOp>, mlir::MLIRContext *, 0>' requested here
  256 |         std::make_unique<T>(std::forward<Args>(args)...);
      |              ^
/opt/homebrew/Cellar/llvm/22.1.8/include/mlir/IR/PatternMatch.h:1007:25: note: in instantiation of function template specialization 'mlir::RewritePattern::create<pyc::(anonymous namespace)::VReduceSingleLaneDim<pyc::VAndReduceOp>, mlir::MLIRContext *>' requested here
 1007 |         RewritePattern::create<T>(std::forward<Args>(args)...);
      |                         ^
/opt/homebrew/Cellar/llvm/22.1.8/include/mlir/IR/PatternMatch.h:864:6: note: in instantiation of function template specialization 'mlir::RewritePatternSet::addImpl<pyc::(anonymous namespace)::VReduceSingleLaneDim<pyc::VAndReduceOp>, mlir::MLIRContext *>' requested here
  864 |     (addImpl<Ts>(/*debugLabels=*/{}, std::forward<ConstructorArg>(arg),
      |      ^
/Users/zhoubot/linx-isa/tools/pyCircuit/compiler/mlir/lib/Transforms/CombCanonicalizePass.cpp:594:14: note: in instantiation of function template specialization 'mlir::RewritePatternSet::add<pyc::(anonymous namespace)::MuxSameSelSimplify, pyc::(anonymous namespace)::MuxI1ToLogic, pyc::(anonymous namespace)::AndBasicSimplify, pyc::(anonymous namespace)::OrBasicSimplify, pyc::(anonymous namespace)::OrAndXorFactor, pyc::(anonymous namespace)::VGetOfVCreate, pyc::(anonymous namespace)::VGetOfVBroadcast, pyc::(anonymous namespace)::VGetOfVectorMux, pyc::(anonymous namespace)::VCreateOfConsecutiveVGets, pyc::(anonymous namespace)::FoldVectorConstantLanes<pyc::AddOp>, pyc::(anonymous namespace)::FoldVectorConstantLanes<pyc::SubOp>, pyc::(anonymous namespace)::FoldVectorConstantLanes<pyc::MulOp>, pyc::(anonymous namespace)::FoldVectorConstantLanes<pyc::UdivOp>, pyc::(anonymous namespace)::FoldVectorConstantLanes<pyc::UremOp>, pyc::(anonymous namespace)::FoldVectorConstantLanes<pyc::SdivOp>, pyc::(anonymous namespace)::FoldVectorConstantLanes<pyc::SremOp>, pyc::(anonymous namespace)::FoldVectorConstantLanes<pyc::AndOp>, pyc::(anonymous namespace)::FoldVectorConstantLanes<pyc::OrOp>, pyc::(anonymous namespace)::FoldVectorConstantLanes<pyc::XorOp>, pyc::(anonymous namespace)::FoldVectorConstantLanes<pyc::EqOp>, pyc::(anonymous namespace)::FoldVectorConstantLanes<pyc::UltOp>, pyc::(anonymous namespace)::FoldVectorConstantLanes<pyc::SltOp>, pyc::(anonymous namespace)::FoldRank2ReduceLanes<pyc::VOrReduceOp>, pyc::(anonymous namespace)::FoldRank2ReduceLanes<pyc::VAndReduceOp>, pyc::(anonymous namespace)::FoldRank2ReduceLanes<pyc::VAddReduceOp>, pyc::(anonymous namespace)::VReduceOfVBroadcast<pyc::VOrReduceOp>, pyc::(anonymous namespace)::VReduceOfVBroadcast<pyc::VAndReduceOp>, pyc::(anonymous namespace)::VReduceSingleLaneDim<pyc::VOrReduceOp>, pyc::(anonymous namespace)::VReduceSingleLaneDim<pyc::VAndReduceOp>, pyc::(anonymous namespace)::VReduceSingleLaneDim<pyc::VAddReduceOp>, mlir::MLIRContext *, void>' requested here
  594 |     patterns.add<MuxSameSelSimplify,
      |              ^
/opt/homebrew/Cellar/llvm/22.1.8/include/mlir/IR/Builders.h:506:8: note: 'create' has been explicitly marked deprecated here
  506 |   OpTy create(Location location, Args &&...args) {
      |        ^
/Users/zhoubot/linx-isa/tools/pyCircuit/compiler/mlir/lib/Transforms/CombCanonicalizePass.cpp:552:27: warning: 'create<pyc::VGetOp, mlir::VectorType &, mlir::Value, int>' is deprecated: Use OpTy::create instead [-Wdeprecated-declarations]
  552 |       auto row = rewriter.create<pyc::VGetOp>(op.getLoc(), rowTy, op.getVec(), 0);
      |                           ^
/opt/homebrew/Cellar/llvm/22.1.8/include/mlir/IR/Builders.h:505:5: note: 'create<pyc::VGetOp, mlir::VectorType &, mlir::Value, int>' has been explicitly marked deprecated here
  505 |   [[deprecated("Use OpTy::create instead")]]
      |     ^
/Users/zhoubot/linx-isa/tools/pyCircuit/compiler/mlir/lib/Transforms/CombCanonicalizePass.cpp:576:32: warning: 'create' is deprecated: Use OpTy::create instead [-Wdeprecated-declarations]
  576 |       elems.push_back(rewriter.create<pyc::VGetOp>(op.getLoc(), rowTy.getElementType(), row, 0));
      |                                ^
/opt/homebrew/Cellar/llvm/22.1.8/include/mlir/IR/Builders.h:506:8: note: 'create' has been explicitly marked deprecated here
  506 |   OpTy create(Location location, Args &&...args) {
      |        ^
/Users/zhoubot/linx-isa/tools/pyCircuit/compiler/mlir/lib/Transforms/CombCanonicalizePass.cpp:576:32: warning: 'create<pyc::VGetOp, mlir::Type, mlir::Value &, int>' is deprecated: Use OpTy::create instead [-Wdeprecated-declarations]
  576 |       elems.push_back(rewriter.create<pyc::VGetOp>(op.getLoc(), rowTy.getElementType(), row, 0));
      |                                ^
/opt/homebrew/Cellar/llvm/22.1.8/include/mlir/IR/Builders.h:505:5: note: 'create<pyc::VGetOp, mlir::Type, mlir::Value &, int>' has been explicitly marked deprecated here
  505 |   [[deprecated("Use OpTy::create instead")]]
      |     ^
/Users/zhoubot/linx-isa/tools/pyCircuit/compiler/mlir/lib/Transforms/CombCanonicalizePass.cpp:552:27: warning: 'create' is deprecated: Use OpTy::create instead [-Wdeprecated-declarations]
  552 |       auto row = rewriter.create<pyc::VGetOp>(op.getLoc(), rowTy, op.getVec(), 0);
      |                           ^
/Applications/Xcode.app/Contents/Developer/Platforms/MacOSX.platform/Developer/SDKs/MacOSX.sdk/usr/include/c++/v1/__memory/unique_ptr.h:759:30: note: in instantiation of member function 'pyc::(anonymous namespace)::VReduceSingleLaneDim<pyc::VOrReduceOp>::matchAndRewrite' requested here
  759 |   return unique_ptr<_Tp>(new _Tp(std::forward<_Args>(__args)...));
      |                              ^
/opt/homebrew/Cellar/llvm/22.1.8/include/mlir/IR/PatternMatch.h:256:14: note: in instantiation of function template specialization 'std::make_unique<pyc::(anonymous namespace)::VReduceSingleLaneDim<pyc::VOrReduceOp>, mlir::MLIRContext *, 0>' requested here
  256 |         std::make_unique<T>(std::forward<Args>(args)...);
      |              ^
/opt/homebrew/Cellar/llvm/22.1.8/include/mlir/IR/PatternMatch.h:1007:25: note: in instantiation of function template specialization 'mlir::RewritePattern::create<pyc::(anonymous namespace)::VReduceSingleLaneDim<pyc::VOrReduceOp>, mlir::MLIRContext *>' requested here
 1007 |         RewritePattern::create<T>(std::forward<Args>(args)...);
      |                         ^
/opt/homebrew/Cellar/llvm/22.1.8/include/mlir/IR/PatternMatch.h:864:6: note: in instantiation of function template specialization 'mlir::RewritePatternSet::addImpl<pyc::(anonymous namespace)::VReduceSingleLaneDim<pyc::VOrReduceOp>, mlir::MLIRContext *>' requested here
  864 |     (addImpl<Ts>(/*debugLabels=*/{}, std::forward<ConstructorArg>(arg),
      |      ^
/Users/zhoubot/linx-isa/tools/pyCircuit/compiler/mlir/lib/Transforms/CombCanonicalizePass.cpp:594:14: note: in instantiation of function template specialization 'mlir::RewritePatternSet::add<pyc::(anonymous namespace)::MuxSameSelSimplify, pyc::(anonymous namespace)::MuxI1ToLogic, pyc::(anonymous namespace)::AndBasicSimplify, pyc::(anonymous namespace)::OrBasicSimplify, pyc::(anonymous namespace)::OrAndXorFactor, pyc::(anonymous namespace)::VGetOfVCreate, pyc::(anonymous namespace)::VGetOfVBroadcast, pyc::(anonymous namespace)::VGetOfVectorMux, pyc::(anonymous namespace)::VCreateOfConsecutiveVGets, pyc::(anonymous namespace)::FoldVectorConstantLanes<pyc::AddOp>, pyc::(anonymous namespace)::FoldVectorConstantLanes<pyc::SubOp>, pyc::(anonymous namespace)::FoldVectorConstantLanes<pyc::MulOp>, pyc::(anonymous namespace)::FoldVectorConstantLanes<pyc::UdivOp>, pyc::(anonymous namespace)::FoldVectorConstantLanes<pyc::UremOp>, pyc::(anonymous namespace)::FoldVectorConstantLanes<pyc::SdivOp>, pyc::(anonymous namespace)::FoldVectorConstantLanes<pyc::SremOp>, pyc::(anonymous namespace)::FoldVectorConstantLanes<pyc::AndOp>, pyc::(anonymous namespace)::FoldVectorConstantLanes<pyc::OrOp>, pyc::(anonymous namespace)::FoldVectorConstantLanes<pyc::XorOp>, pyc::(anonymous namespace)::FoldVectorConstantLanes<pyc::EqOp>, pyc::(anonymous namespace)::FoldVectorConstantLanes<pyc::UltOp>, pyc::(anonymous namespace)::FoldVectorConstantLanes<pyc::SltOp>, pyc::(anonymous namespace)::FoldRank2ReduceLanes<pyc::VOrReduceOp>, pyc::(anonymous namespace)::FoldRank2ReduceLanes<pyc::VAndReduceOp>, pyc::(anonymous namespace)::FoldRank2ReduceLanes<pyc::VAddReduceOp>, pyc::(anonymous namespace)::VReduceOfVBroadcast<pyc::VOrReduceOp>, pyc::(anonymous namespace)::VReduceOfVBroadcast<pyc::VAndReduceOp>, pyc::(anonymous namespace)::VReduceSingleLaneDim<pyc::VOrReduceOp>, pyc::(anonymous namespace)::VReduceSingleLaneDim<pyc::VAndReduceOp>, pyc::(anonymous namespace)::VReduceSingleLaneDim<pyc::VAddReduceOp>, mlir::MLIRContext *, void>' requested here
  594 |     patterns.add<MuxSameSelSimplify,
      |              ^
/opt/homebrew/Cellar/llvm/22.1.8/include/mlir/IR/Builders.h:506:8: note: 'create' has been explicitly marked deprecated here
  506 |   OpTy create(Location location, Args &&...args) {
      |        ^
/Users/zhoubot/linx-isa/tools/pyCircuit/compiler/mlir/lib/Transforms/CombCanonicalizePass.cpp:552:27: warning: 'create<pyc::VGetOp, mlir::VectorType &, mlir::Value, int>' is deprecated: Use OpTy::create instead [-Wdeprecated-declarations]
  552 |       auto row = rewriter.create<pyc::VGetOp>(op.getLoc(), rowTy, op.getVec(), 0);
      |                           ^
/opt/homebrew/Cellar/llvm/22.1.8/include/mlir/IR/Builders.h:505:5: note: 'create<pyc::VGetOp, mlir::VectorType &, mlir::Value, int>' has been explicitly marked deprecated here
  505 |   [[deprecated("Use OpTy::create instead")]]
      |     ^
/Users/zhoubot/linx-isa/tools/pyCircuit/compiler/mlir/lib/Transforms/CombCanonicalizePass.cpp:576:32: warning: 'create' is deprecated: Use OpTy::create instead [-Wdeprecated-declarations]
  576 |       elems.push_back(rewriter.create<pyc::VGetOp>(op.getLoc(), rowTy.getElementType(), row, 0));
      |                                ^
/opt/homebrew/Cellar/llvm/22.1.8/include/mlir/IR/Builders.h:506:8: note: 'create' has been explicitly marked deprecated here
  506 |   OpTy create(Location location, Args &&...args) {
      |        ^
/Users/zhoubot/linx-isa/tools/pyCircuit/compiler/mlir/lib/Transforms/CombCanonicalizePass.cpp:576:32: warning: 'create<pyc::VGetOp, mlir::Type, mlir::Value &, int>' is deprecated: Use OpTy::create instead [-Wdeprecated-declarations]
  576 |       elems.push_back(rewriter.create<pyc::VGetOp>(op.getLoc(), rowTy.getElementType(), row, 0));
      |                                ^
/opt/homebrew/Cellar/llvm/22.1.8/include/mlir/IR/Builders.h:505:5: note: 'create<pyc::VGetOp, mlir::Type, mlir::Value &, int>' has been explicitly marked deprecated here
  505 |   [[deprecated("Use OpTy::create instead")]]
      |     ^
/Users/zhoubot/linx-isa/tools/pyCircuit/compiler/mlir/lib/Transforms/CombCanonicalizePass.cpp:180:21: warning: 'create' is deprecated: Use OpTy::create instead [-Wdeprecated-declarations]
  180 |     return rewriter.create<pyc::AddOp>(op.getLoc(), laneTy, lhs, rhs);
      |                     ^
/Users/zhoubot/linx-isa/tools/pyCircuit/compiler/mlir/lib/Transforms/CombCanonicalizePass.cpp:228:23: note: in instantiation of member function 'pyc::(anonymous namespace)::FoldRank2ReduceLanes<pyc::VAddReduceOp>::combine' requested here
  228 |         accumulator = combine(op, laneTy, accumulator, value, rewriter);
      |                       ^
/Applications/Xcode.app/Contents/Developer/Platforms/MacOSX.platform/Developer/SDKs/MacOSX.sdk/usr/include/c++/v1/__memory/unique_ptr.h:759:30: note: in instantiation of member function 'pyc::(anonymous namespace)::FoldRank2ReduceLanes<pyc::VAddReduceOp>::matchAndRewrite' requested here
  759 |   return unique_ptr<_Tp>(new _Tp(std::forward<_Args>(__args)...));
      |                              ^
/opt/homebrew/Cellar/llvm/22.1.8/include/mlir/IR/PatternMatch.h:256:14: note: in instantiation of function template specialization 'std::make_unique<pyc::(anonymous namespace)::FoldRank2ReduceLanes<pyc::VAddReduceOp>, mlir::MLIRContext *, 0>' requested here
  256 |         std::make_unique<T>(std::forward<Args>(args)...);
      |              ^
/opt/homebrew/Cellar/llvm/22.1.8/include/mlir/IR/PatternMatch.h:1007:25: note: in instantiation of function template specialization 'mlir::RewritePattern::create<pyc::(anonymous namespace)::FoldRank2ReduceLanes<pyc::VAddReduceOp>, mlir::MLIRContext *>' requested here
 1007 |         RewritePattern::create<T>(std::forward<Args>(args)...);
      |                         ^
/opt/homebrew/Cellar/llvm/22.1.8/include/mlir/IR/PatternMatch.h:864:6: note: in instantiation of function template specialization 'mlir::RewritePatternSet::addImpl<pyc::(anonymous namespace)::FoldRank2ReduceLanes<pyc::VAddReduceOp>, mlir::MLIRContext *>' requested here
  864 |     (addImpl<Ts>(/*debugLabels=*/{}, std::forward<ConstructorArg>(arg),
      |      ^
/Users/zhoubot/linx-isa/tools/pyCircuit/compiler/mlir/lib/Transforms/CombCanonicalizePass.cpp:594:14: note: in instantiation of function template specialization 'mlir::RewritePatternSet::add<pyc::(anonymous namespace)::MuxSameSelSimplify, pyc::(anonymous namespace)::MuxI1ToLogic, pyc::(anonymous namespace)::AndBasicSimplify, pyc::(anonymous namespace)::OrBasicSimplify, pyc::(anonymous namespace)::OrAndXorFactor, pyc::(anonymous namespace)::VGetOfVCreate, pyc::(anonymous namespace)::VGetOfVBroadcast, pyc::(anonymous namespace)::VGetOfVectorMux, pyc::(anonymous namespace)::VCreateOfConsecutiveVGets, pyc::(anonymous namespace)::FoldVectorConstantLanes<pyc::AddOp>, pyc::(anonymous namespace)::FoldVectorConstantLanes<pyc::SubOp>, pyc::(anonymous namespace)::FoldVectorConstantLanes<pyc::MulOp>, pyc::(anonymous namespace)::FoldVectorConstantLanes<pyc::UdivOp>, pyc::(anonymous namespace)::FoldVectorConstantLanes<pyc::UremOp>, pyc::(anonymous namespace)::FoldVectorConstantLanes<pyc::SdivOp>, pyc::(anonymous namespace)::FoldVectorConstantLanes<pyc::SremOp>, pyc::(anonymous namespace)::FoldVectorConstantLanes<pyc::AndOp>, pyc::(anonymous namespace)::FoldVectorConstantLanes<pyc::OrOp>, pyc::(anonymous namespace)::FoldVectorConstantLanes<pyc::XorOp>, pyc::(anonymous namespace)::FoldVectorConstantLanes<pyc::EqOp>, pyc::(anonymous namespace)::FoldVectorConstantLanes<pyc::UltOp>, pyc::(anonymous namespace)::FoldVectorConstantLanes<pyc::SltOp>, pyc::(anonymous namespace)::FoldRank2ReduceLanes<pyc::VOrReduceOp>, pyc::(anonymous namespace)::FoldRank2ReduceLanes<pyc::VAndReduceOp>, pyc::(anonymous namespace)::FoldRank2ReduceLanes<pyc::VAddReduceOp>, pyc::(anonymous namespace)::VReduceOfVBroadcast<pyc::VOrReduceOp>, pyc::(anonymous namespace)::VReduceOfVBroadcast<pyc::VAndReduceOp>, pyc::(anonymous namespace)::VReduceSingleLaneDim<pyc::VOrReduceOp>, pyc::(anonymous namespace)::VReduceSingleLaneDim<pyc::VAndReduceOp>, pyc::(anonymous namespace)::VReduceSingleLaneDim<pyc::VAddReduceOp>, mlir::MLIRContext *, void>' requested here
  594 |     patterns.add<MuxSameSelSimplify,
      |              ^
/opt/homebrew/Cellar/llvm/22.1.8/include/mlir/IR/Builders.h:506:8: note: 'create' has been explicitly marked deprecated here
  506 |   OpTy create(Location location, Args &&...args) {
      |        ^
/Users/zhoubot/linx-isa/tools/pyCircuit/compiler/mlir/lib/Transforms/CombCanonicalizePass.cpp:180:21: warning: 'create<pyc::AddOp, mlir::Type &, mlir::Value &, mlir::Value &>' is deprecated: Use OpTy::create instead [-Wdeprecated-declarations]
  180 |     return rewriter.create<pyc::AddOp>(op.getLoc(), laneTy, lhs, rhs);
      |                     ^
/opt/homebrew/Cellar/llvm/22.1.8/include/mlir/IR/Builders.h:505:5: note: 'create<pyc::AddOp, mlir::Type &, mlir::Value &, mlir::Value &>' has been explicitly marked deprecated here
  505 |   [[deprecated("Use OpTy::create instead")]]
      |     ^
/Users/zhoubot/linx-isa/tools/pyCircuit/compiler/mlir/lib/Transforms/CombCanonicalizePass.cpp:179:23: warning: 'create' is deprecated: Use OpTy::create instead [-Wdeprecated-declarations]
  179 |       return rewriter.create<pyc::AndOp>(op.getLoc(), laneTy, lhs, rhs);
      |                       ^
/Users/zhoubot/linx-isa/tools/pyCircuit/compiler/mlir/lib/Transforms/CombCanonicalizePass.cpp:228:23: note: in instantiation of member function 'pyc::(anonymous namespace)::FoldRank2ReduceLanes<pyc::VAndReduceOp>::combine' requested here
  228 |         accumulator = combine(op, laneTy, accumulator, value, rewriter);
      |                       ^
/Applications/Xcode.app/Contents/Developer/Platforms/MacOSX.platform/Developer/SDKs/MacOSX.sdk/usr/include/c++/v1/__memory/unique_ptr.h:759:30: note: in instantiation of member function 'pyc::(anonymous namespace)::FoldRank2ReduceLanes<pyc::VAndReduceOp>::matchAndRewrite' requested here
  759 |   return unique_ptr<_Tp>(new _Tp(std::forward<_Args>(__args)...));
      |                              ^
/opt/homebrew/Cellar/llvm/22.1.8/include/mlir/IR/PatternMatch.h:256:14: note: in instantiation of function template specialization 'std::make_unique<pyc::(anonymous namespace)::FoldRank2ReduceLanes<pyc::VAndReduceOp>, mlir::MLIRContext *, 0>' requested here
  256 |         std::make_unique<T>(std::forward<Args>(args)...);
      |              ^
/opt/homebrew/Cellar/llvm/22.1.8/include/mlir/IR/PatternMatch.h:1007:25: note: in instantiation of function template specialization 'mlir::RewritePattern::create<pyc::(anonymous namespace)::FoldRank2ReduceLanes<pyc::VAndReduceOp>, mlir::MLIRContext *>' requested here
 1007 |         RewritePattern::create<T>(std::forward<Args>(args)...);
      |                         ^
/opt/homebrew/Cellar/llvm/22.1.8/include/mlir/IR/PatternMatch.h:864:6: note: in instantiation of function template specialization 'mlir::RewritePatternSet::addImpl<pyc::(anonymous namespace)::FoldRank2ReduceLanes<pyc::VAndReduceOp>, mlir::MLIRContext *>' requested here
  864 |     (addImpl<Ts>(/*debugLabels=*/{}, std::forward<ConstructorArg>(arg),
      |      ^
/Users/zhoubot/linx-isa/tools/pyCircuit/compiler/mlir/lib/Transforms/CombCanonicalizePass.cpp:594:14: note: in instantiation of function template specialization 'mlir::RewritePatternSet::add<pyc::(anonymous namespace)::MuxSameSelSimplify, pyc::(anonymous namespace)::MuxI1ToLogic, pyc::(anonymous namespace)::AndBasicSimplify, pyc::(anonymous namespace)::OrBasicSimplify, pyc::(anonymous namespace)::OrAndXorFactor, pyc::(anonymous namespace)::VGetOfVCreate, pyc::(anonymous namespace)::VGetOfVBroadcast, pyc::(anonymous namespace)::VGetOfVectorMux, pyc::(anonymous namespace)::VCreateOfConsecutiveVGets, pyc::(anonymous namespace)::FoldVectorConstantLanes<pyc::AddOp>, pyc::(anonymous namespace)::FoldVectorConstantLanes<pyc::SubOp>, pyc::(anonymous namespace)::FoldVectorConstantLanes<pyc::MulOp>, pyc::(anonymous namespace)::FoldVectorConstantLanes<pyc::UdivOp>, pyc::(anonymous namespace)::FoldVectorConstantLanes<pyc::UremOp>, pyc::(anonymous namespace)::FoldVectorConstantLanes<pyc::SdivOp>, pyc::(anonymous namespace)::FoldVectorConstantLanes<pyc::SremOp>, pyc::(anonymous namespace)::FoldVectorConstantLanes<pyc::AndOp>, pyc::(anonymous namespace)::FoldVectorConstantLanes<pyc::OrOp>, pyc::(anonymous namespace)::FoldVectorConstantLanes<pyc::XorOp>, pyc::(anonymous namespace)::FoldVectorConstantLanes<pyc::EqOp>, pyc::(anonymous namespace)::FoldVectorConstantLanes<pyc::UltOp>, pyc::(anonymous namespace)::FoldVectorConstantLanes<pyc::SltOp>, pyc::(anonymous namespace)::FoldRank2ReduceLanes<pyc::VOrReduceOp>, pyc::(anonymous namespace)::FoldRank2ReduceLanes<pyc::VAndReduceOp>, pyc::(anonymous namespace)::FoldRank2ReduceLanes<pyc::VAddReduceOp>, pyc::(anonymous namespace)::VReduceOfVBroadcast<pyc::VOrReduceOp>, pyc::(anonymous namespace)::VReduceOfVBroadcast<pyc::VAndReduceOp>, pyc::(anonymous namespace)::VReduceSingleLaneDim<pyc::VOrReduceOp>, pyc::(anonymous namespace)::VReduceSingleLaneDim<pyc::VAndReduceOp>, pyc::(anonymous namespace)::VReduceSingleLaneDim<pyc::VAddReduceOp>, mlir::MLIRContext *, void>' requested here
  594 |     patterns.add<MuxSameSelSimplify,
      |              ^
/opt/homebrew/Cellar/llvm/22.1.8/include/mlir/IR/Builders.h:506:8: note: 'create' has been explicitly marked deprecated here
  506 |   OpTy create(Location location, Args &&...args) {
      |        ^
/Users/zhoubot/linx-isa/tools/pyCircuit/compiler/mlir/lib/Transforms/CombCanonicalizePass.cpp:179:23: warning: 'create<pyc::AndOp, mlir::Type &, mlir::Value &, mlir::Value &>' is deprecated: Use OpTy::create instead [-Wdeprecated-declarations]
  179 |       return rewriter.create<pyc::AndOp>(op.getLoc(), laneTy, lhs, rhs);
      |                       ^
/opt/homebrew/Cellar/llvm/22.1.8/include/mlir/IR/Builders.h:505:5: note: 'create<pyc::AndOp, mlir::Type &, mlir::Value &, mlir::Value &>' has been explicitly marked deprecated here
  505 |   [[deprecated("Use OpTy::create instead")]]
      |     ^
/Users/zhoubot/linx-isa/tools/pyCircuit/compiler/mlir/lib/Transforms/CombCanonicalizePass.cpp:180:21: warning: 'create' is deprecated: Use OpTy::create instead [-Wdeprecated-declarations]
  180 |     return rewriter.create<pyc::AddOp>(op.getLoc(), laneTy, lhs, rhs);
      |                     ^
/opt/homebrew/Cellar/llvm/22.1.8/include/mlir/IR/Builders.h:506:8: note: 'create' has been explicitly marked deprecated here
  506 |   OpTy create(Location location, Args &&...args) {
      |        ^
/Users/zhoubot/linx-isa/tools/pyCircuit/compiler/mlir/lib/Transforms/CombCanonicalizePass.cpp:180:21: warning: 'create<pyc::AddOp, mlir::Type &, mlir::Value &, mlir::Value &>' is deprecated: Use OpTy::create instead [-Wdeprecated-declarations]
  180 |     return rewriter.create<pyc::AddOp>(op.getLoc(), laneTy, lhs, rhs);
      |                     ^
/opt/homebrew/Cellar/llvm/22.1.8/include/mlir/IR/Builders.h:505:5: note: 'create<pyc::AddOp, mlir::Type &, mlir::Value &, mlir::Value &>' has been explicitly marked deprecated here
  505 |   [[deprecated("Use OpTy::create instead")]]
      |     ^
/Users/zhoubot/linx-isa/tools/pyCircuit/compiler/mlir/lib/Transforms/CombCanonicalizePass.cpp:177:23: warning: 'create' is deprecated: Use OpTy::create instead [-Wdeprecated-declarations]
  177 |       return rewriter.create<pyc::OrOp>(op.getLoc(), laneTy, lhs, rhs);
      |                       ^
/Users/zhoubot/linx-isa/tools/pyCircuit/compiler/mlir/lib/Transforms/CombCanonicalizePass.cpp:228:23: note: in instantiation of member function 'pyc::(anonymous namespace)::FoldRank2ReduceLanes<pyc::VOrReduceOp>::combine' requested here
  228 |         accumulator = combine(op, laneTy, accumulator, value, rewriter);
      |                       ^
/Applications/Xcode.app/Contents/Developer/Platforms/MacOSX.platform/Developer/SDKs/MacOSX.sdk/usr/include/c++/v1/__memory/unique_ptr.h:759:30: note: in instantiation of member function 'pyc::(anonymous namespace)::FoldRank2ReduceLanes<pyc::VOrReduceOp>::matchAndRewrite' requested here
  759 |   return unique_ptr<_Tp>(new _Tp(std::forward<_Args>(__args)...));
      |                              ^
/opt/homebrew/Cellar/llvm/22.1.8/include/mlir/IR/PatternMatch.h:256:14: note: in instantiation of function template specialization 'std::make_unique<pyc::(anonymous namespace)::FoldRank2ReduceLanes<pyc::VOrReduceOp>, mlir::MLIRContext *, 0>' requested here
  256 |         std::make_unique<T>(std::forward<Args>(args)...);
      |              ^
/opt/homebrew/Cellar/llvm/22.1.8/include/mlir/IR/PatternMatch.h:1007:25: note: in instantiation of function template specialization 'mlir::RewritePattern::create<pyc::(anonymous namespace)::FoldRank2ReduceLanes<pyc::VOrReduceOp>, mlir::MLIRContext *>' requested here
 1007 |         RewritePattern::create<T>(std::forward<Args>(args)...);
      |                         ^
/opt/homebrew/Cellar/llvm/22.1.8/include/mlir/IR/PatternMatch.h:864:6: note: in instantiation of function template specialization 'mlir::RewritePatternSet::addImpl<pyc::(anonymous namespace)::FoldRank2ReduceLanes<pyc::VOrReduceOp>, mlir::MLIRContext *>' requested here
  864 |     (addImpl<Ts>(/*debugLabels=*/{}, std::forward<ConstructorArg>(arg),
      |      ^
/Users/zhoubot/linx-isa/tools/pyCircuit/compiler/mlir/lib/Transforms/CombCanonicalizePass.cpp:594:14: note: in instantiation of function template specialization 'mlir::RewritePatternSet::add<pyc::(anonymous namespace)::MuxSameSelSimplify, pyc::(anonymous namespace)::MuxI1ToLogic, pyc::(anonymous namespace)::AndBasicSimplify, pyc::(anonymous namespace)::OrBasicSimplify, pyc::(anonymous namespace)::OrAndXorFactor, pyc::(anonymous namespace)::VGetOfVCreate, pyc::(anonymous namespace)::VGetOfVBroadcast, pyc::(anonymous namespace)::VGetOfVectorMux, pyc::(anonymous namespace)::VCreateOfConsecutiveVGets, pyc::(anonymous namespace)::FoldVectorConstantLanes<pyc::AddOp>, pyc::(anonymous namespace)::FoldVectorConstantLanes<pyc::SubOp>, pyc::(anonymous namespace)::FoldVectorConstantLanes<pyc::MulOp>, pyc::(anonymous namespace)::FoldVectorConstantLanes<pyc::UdivOp>, pyc::(anonymous namespace)::FoldVectorConstantLanes<pyc::UremOp>, pyc::(anonymous namespace)::FoldVectorConstantLanes<pyc::SdivOp>, pyc::(anonymous namespace)::FoldVectorConstantLanes<pyc::SremOp>, pyc::(anonymous namespace)::FoldVectorConstantLanes<pyc::AndOp>, pyc::(anonymous namespace)::FoldVectorConstantLanes<pyc::OrOp>, pyc::(anonymous namespace)::FoldVectorConstantLanes<pyc::XorOp>, pyc::(anonymous namespace)::FoldVectorConstantLanes<pyc::EqOp>, pyc::(anonymous namespace)::FoldVectorConstantLanes<pyc::UltOp>, pyc::(anonymous namespace)::FoldVectorConstantLanes<pyc::SltOp>, pyc::(anonymous namespace)::FoldRank2ReduceLanes<pyc::VOrReduceOp>, pyc::(anonymous namespace)::FoldRank2ReduceLanes<pyc::VAndReduceOp>, pyc::(anonymous namespace)::FoldRank2ReduceLanes<pyc::VAddReduceOp>, pyc::(anonymous namespace)::VReduceOfVBroadcast<pyc::VOrReduceOp>, pyc::(anonymous namespace)::VReduceOfVBroadcast<pyc::VAndReduceOp>, pyc::(anonymous namespace)::VReduceSingleLaneDim<pyc::VOrReduceOp>, pyc::(anonymous namespace)::VReduceSingleLaneDim<pyc::VAndReduceOp>, pyc::(anonymous namespace)::VReduceSingleLaneDim<pyc::VAddReduceOp>, mlir::MLIRContext *, void>' requested here
  594 |     patterns.add<MuxSameSelSimplify,
      |              ^
/opt/homebrew/Cellar/llvm/22.1.8/include/mlir/IR/Builders.h:506:8: note: 'create' has been explicitly marked deprecated here
  506 |   OpTy create(Location location, Args &&...args) {
      |        ^
/Users/zhoubot/linx-isa/tools/pyCircuit/compiler/mlir/lib/Transforms/CombCanonicalizePass.cpp:177:23: warning: 'create<pyc::OrOp, mlir::Type &, mlir::Value &, mlir::Value &>' is deprecated: Use OpTy::create instead [-Wdeprecated-declarations]
  177 |       return rewriter.create<pyc::OrOp>(op.getLoc(), laneTy, lhs, rhs);
      |                       ^
/opt/homebrew/Cellar/llvm/22.1.8/include/mlir/IR/Builders.h:505:5: note: 'create<pyc::OrOp, mlir::Type &, mlir::Value &, mlir::Value &>' has been explicitly marked deprecated here
  505 |   [[deprecated("Use OpTy::create instead")]]
      |     ^
/Users/zhoubot/linx-isa/tools/pyCircuit/compiler/mlir/lib/Transforms/CombCanonicalizePass.cpp:180:21: warning: 'create' is deprecated: Use OpTy::create instead [-Wdeprecated-declarations]
  180 |     return rewriter.create<pyc::AddOp>(op.getLoc(), laneTy, lhs, rhs);
      |                     ^
/opt/homebrew/Cellar/llvm/22.1.8/include/mlir/IR/Builders.h:506:8: note: 'create' has been explicitly marked deprecated here
  506 |   OpTy create(Location location, Args &&...args) {
      |        ^
/Users/zhoubot/linx-isa/tools/pyCircuit/compiler/mlir/lib/Transforms/CombCanonicalizePass.cpp:180:21: warning: 'create<pyc::AddOp, mlir::Type &, mlir::Value &, mlir::Value &>' is deprecated: Use OpTy::create instead [-Wdeprecated-declarations]
  180 |     return rewriter.create<pyc::AddOp>(op.getLoc(), laneTy, lhs, rhs);
      |                     ^
/opt/homebrew/Cellar/llvm/22.1.8/include/mlir/IR/Builders.h:505:5: note: 'create<pyc::AddOp, mlir::Type &, mlir::Value &, mlir::Value &>' has been explicitly marked deprecated here
  505 |   [[deprecated("Use OpTy::create instead")]]
      |     ^
/Users/zhoubot/linx-isa/tools/pyCircuit/compiler/mlir/lib/Transforms/CombCanonicalizePass.cpp:163:32: warning: 'create' is deprecated: Use OpTy::create instead [-Wdeprecated-declarations]
  163 |       lanes.push_back(rewriter.create<OpT>(op.getLoc(), laneTy, lhs, rhs));
      |                                ^
/Applications/Xcode.app/Contents/Developer/Platforms/MacOSX.platform/Developer/SDKs/MacOSX.sdk/usr/include/c++/v1/__memory/unique_ptr.h:759:30: note: in instantiation of member function 'pyc::(anonymous namespace)::FoldVectorConstantLanes<pyc::SltOp>::matchAndRewrite' requested here
  759 |   return unique_ptr<_Tp>(new _Tp(std::forward<_Args>(__args)...));
      |                              ^
/opt/homebrew/Cellar/llvm/22.1.8/include/mlir/IR/PatternMatch.h:256:14: note: in instantiation of function template specialization 'std::make_unique<pyc::(anonymous namespace)::FoldVectorConstantLanes<pyc::SltOp>, mlir::MLIRContext *, 0>' requested here
  256 |         std::make_unique<T>(std::forward<Args>(args)...);
      |              ^
/opt/homebrew/Cellar/llvm/22.1.8/include/mlir/IR/PatternMatch.h:1007:25: note: in instantiation of function template specialization 'mlir::RewritePattern::create<pyc::(anonymous namespace)::FoldVectorConstantLanes<pyc::SltOp>, mlir::MLIRContext *>' requested here
 1007 |         RewritePattern::create<T>(std::forward<Args>(args)...);
      |                         ^
/opt/homebrew/Cellar/llvm/22.1.8/include/mlir/IR/PatternMatch.h:864:6: note: in instantiation of function template specialization 'mlir::RewritePatternSet::addImpl<pyc::(anonymous namespace)::FoldVectorConstantLanes<pyc::SltOp>, mlir::MLIRContext *>' requested here
  864 |     (addImpl<Ts>(/*debugLabels=*/{}, std::forward<ConstructorArg>(arg),
      |      ^
/Users/zhoubot/linx-isa/tools/pyCircuit/compiler/mlir/lib/Transforms/CombCanonicalizePass.cpp:594:14: note: in instantiation of function template specialization 'mlir::RewritePatternSet::add<pyc::(anonymous namespace)::MuxSameSelSimplify, pyc::(anonymous namespace)::MuxI1ToLogic, pyc::(anonymous namespace)::AndBasicSimplify, pyc::(anonymous namespace)::OrBasicSimplify, pyc::(anonymous namespace)::OrAndXorFactor, pyc::(anonymous namespace)::VGetOfVCreate, pyc::(anonymous namespace)::VGetOfVBroadcast, pyc::(anonymous namespace)::VGetOfVectorMux, pyc::(anonymous namespace)::VCreateOfConsecutiveVGets, pyc::(anonymous namespace)::FoldVectorConstantLanes<pyc::AddOp>, pyc::(anonymous namespace)::FoldVectorConstantLanes<pyc::SubOp>, pyc::(anonymous namespace)::FoldVectorConstantLanes<pyc::MulOp>, pyc::(anonymous namespace)::FoldVectorConstantLanes<pyc::UdivOp>, pyc::(anonymous namespace)::FoldVectorConstantLanes<pyc::UremOp>, pyc::(anonymous namespace)::FoldVectorConstantLanes<pyc::SdivOp>, pyc::(anonymous namespace)::FoldVectorConstantLanes<pyc::SremOp>, pyc::(anonymous namespace)::FoldVectorConstantLanes<pyc::AndOp>, pyc::(anonymous namespace)::FoldVectorConstantLanes<pyc::OrOp>, pyc::(anonymous namespace)::FoldVectorConstantLanes<pyc::XorOp>, pyc::(anonymous namespace)::FoldVectorConstantLanes<pyc::EqOp>, pyc::(anonymous namespace)::FoldVectorConstantLanes<pyc::UltOp>, pyc::(anonymous namespace)::FoldVectorConstantLanes<pyc::SltOp>, pyc::(anonymous namespace)::FoldRank2ReduceLanes<pyc::VOrReduceOp>, pyc::(anonymous namespace)::FoldRank2ReduceLanes<pyc::VAndReduceOp>, pyc::(anonymous namespace)::FoldRank2ReduceLanes<pyc::VAddReduceOp>, pyc::(anonymous namespace)::VReduceOfVBroadcast<pyc::VOrReduceOp>, pyc::(anonymous namespace)::VReduceOfVBroadcast<pyc::VAndReduceOp>, pyc::(anonymous namespace)::VReduceSingleLaneDim<pyc::VOrReduceOp>, pyc::(anonymous namespace)::VReduceSingleLaneDim<pyc::VAndReduceOp>, pyc::(anonymous namespace)::VReduceSingleLaneDim<pyc::VAddReduceOp>, mlir::MLIRContext *, void>' requested here
  594 |     patterns.add<MuxSameSelSimplify,
      |              ^
/opt/homebrew/Cellar/llvm/22.1.8/include/mlir/IR/Builders.h:506:8: note: 'create' has been explicitly marked deprecated here
  506 |   OpTy create(Location location, Args &&...args) {
      |        ^
/Users/zhoubot/linx-isa/tools/pyCircuit/compiler/mlir/lib/Transforms/CombCanonicalizePass.cpp:163:32: warning: 'create<pyc::SltOp, mlir::Type &, mlir::Value &, mlir::Value &>' is deprecated: Use OpTy::create instead [-Wdeprecated-declarations]
  163 |       lanes.push_back(rewriter.create<OpT>(op.getLoc(), laneTy, lhs, rhs));
      |                                ^
/opt/homebrew/Cellar/llvm/22.1.8/include/mlir/IR/Builders.h:505:5: note: 'create<pyc::SltOp, mlir::Type &, mlir::Value &, mlir::Value &>' has been explicitly marked deprecated here
  505 |   [[deprecated("Use OpTy::create instead")]]
      |     ^
/Users/zhoubot/linx-isa/tools/pyCircuit/compiler/mlir/lib/Transforms/CombCanonicalizePass.cpp:163:32: warning: 'create' is deprecated: Use OpTy::create instead [-Wdeprecated-declarations]
  163 |       lanes.push_back(rewriter.create<OpT>(op.getLoc(), laneTy, lhs, rhs));
      |                                ^
/Applications/Xcode.app/Contents/Developer/Platforms/MacOSX.platform/Developer/SDKs/MacOSX.sdk/usr/include/c++/v1/__memory/unique_ptr.h:759:30: note: in instantiation of member function 'pyc::(anonymous namespace)::FoldVectorConstantLanes<pyc::UltOp>::matchAndRewrite' requested here
  759 |   return unique_ptr<_Tp>(new _Tp(std::forward<_Args>(__args)...));
      |                              ^
/opt/homebrew/Cellar/llvm/22.1.8/include/mlir/IR/PatternMatch.h:256:14: note: in instantiation of function template specialization 'std::make_unique<pyc::(anonymous namespace)::FoldVectorConstantLanes<pyc::UltOp>, mlir::MLIRContext *, 0>' requested here
  256 |         std::make_unique<T>(std::forward<Args>(args)...);
      |              ^
/opt/homebrew/Cellar/llvm/22.1.8/include/mlir/IR/PatternMatch.h:1007:25: note: in instantiation of function template specialization 'mlir::RewritePattern::create<pyc::(anonymous namespace)::FoldVectorConstantLanes<pyc::UltOp>, mlir::MLIRContext *>' requested here
 1007 |         RewritePattern::create<T>(std::forward<Args>(args)...);
      |                         ^
/opt/homebrew/Cellar/llvm/22.1.8/include/mlir/IR/PatternMatch.h:864:6: note: in instantiation of function template specialization 'mlir::RewritePatternSet::addImpl<pyc::(anonymous namespace)::FoldVectorConstantLanes<pyc::UltOp>, mlir::MLIRContext *>' requested here
  864 |     (addImpl<Ts>(/*debugLabels=*/{}, std::forward<ConstructorArg>(arg),
      |      ^
/Users/zhoubot/linx-isa/tools/pyCircuit/compiler/mlir/lib/Transforms/CombCanonicalizePass.cpp:594:14: note: in instantiation of function template specialization 'mlir::RewritePatternSet::add<pyc::(anonymous namespace)::MuxSameSelSimplify, pyc::(anonymous namespace)::MuxI1ToLogic, pyc::(anonymous namespace)::AndBasicSimplify, pyc::(anonymous namespace)::OrBasicSimplify, pyc::(anonymous namespace)::OrAndXorFactor, pyc::(anonymous namespace)::VGetOfVCreate, pyc::(anonymous namespace)::VGetOfVBroadcast, pyc::(anonymous namespace)::VGetOfVectorMux, pyc::(anonymous namespace)::VCreateOfConsecutiveVGets, pyc::(anonymous namespace)::FoldVectorConstantLanes<pyc::AddOp>, pyc::(anonymous namespace)::FoldVectorConstantLanes<pyc::SubOp>, pyc::(anonymous namespace)::FoldVectorConstantLanes<pyc::MulOp>, pyc::(anonymous namespace)::FoldVectorConstantLanes<pyc::UdivOp>, pyc::(anonymous namespace)::FoldVectorConstantLanes<pyc::UremOp>, pyc::(anonymous namespace)::FoldVectorConstantLanes<pyc::SdivOp>, pyc::(anonymous namespace)::FoldVectorConstantLanes<pyc::SremOp>, pyc::(anonymous namespace)::FoldVectorConstantLanes<pyc::AndOp>, pyc::(anonymous namespace)::FoldVectorConstantLanes<pyc::OrOp>, pyc::(anonymous namespace)::FoldVectorConstantLanes<pyc::XorOp>, pyc::(anonymous namespace)::FoldVectorConstantLanes<pyc::EqOp>, pyc::(anonymous namespace)::FoldVectorConstantLanes<pyc::UltOp>, pyc::(anonymous namespace)::FoldVectorConstantLanes<pyc::SltOp>, pyc::(anonymous namespace)::FoldRank2ReduceLanes<pyc::VOrReduceOp>, pyc::(anonymous namespace)::FoldRank2ReduceLanes<pyc::VAndReduceOp>, pyc::(anonymous namespace)::FoldRank2ReduceLanes<pyc::VAddReduceOp>, pyc::(anonymous namespace)::VReduceOfVBroadcast<pyc::VOrReduceOp>, pyc::(anonymous namespace)::VReduceOfVBroadcast<pyc::VAndReduceOp>, pyc::(anonymous namespace)::VReduceSingleLaneDim<pyc::VOrReduceOp>, pyc::(anonymous namespace)::VReduceSingleLaneDim<pyc::VAndReduceOp>, pyc::(anonymous namespace)::VReduceSingleLaneDim<pyc::VAddReduceOp>, mlir::MLIRContext *, void>' requested here
  594 |     patterns.add<MuxSameSelSimplify,
      |              ^
/opt/homebrew/Cellar/llvm/22.1.8/include/mlir/IR/Builders.h:506:8: note: 'create' has been explicitly marked deprecated here
  506 |   OpTy create(Location location, Args &&...args) {
      |        ^
/Users/zhoubot/linx-isa/tools/pyCircuit/compiler/mlir/lib/Transforms/CombCanonicalizePass.cpp:163:32: warning: 'create<pyc::UltOp, mlir::Type &, mlir::Value &, mlir::Value &>' is deprecated: Use OpTy::create instead [-Wdeprecated-declarations]
  163 |       lanes.push_back(rewriter.create<OpT>(op.getLoc(), laneTy, lhs, rhs));
      |                                ^
/opt/homebrew/Cellar/llvm/22.1.8/include/mlir/IR/Builders.h:505:5: note: 'create<pyc::UltOp, mlir::Type &, mlir::Value &, mlir::Value &>' has been explicitly marked deprecated here
  505 |   [[deprecated("Use OpTy::create instead")]]
      |     ^
/Users/zhoubot/linx-isa/tools/pyCircuit/compiler/mlir/lib/Transforms/CombCanonicalizePass.cpp:163:32: warning: 'create' is deprecated: Use OpTy::create instead [-Wdeprecated-declarations]
  163 |       lanes.push_back(rewriter.create<OpT>(op.getLoc(), laneTy, lhs, rhs));
      |                                ^
/Applications/Xcode.app/Contents/Developer/Platforms/MacOSX.platform/Developer/SDKs/MacOSX.sdk/usr/include/c++/v1/__memory/unique_ptr.h:759:30: note: in instantiation of member function 'pyc::(anonymous namespace)::FoldVectorConstantLanes<pyc::EqOp>::matchAndRewrite' requested here
  759 |   return unique_ptr<_Tp>(new _Tp(std::forward<_Args>(__args)...));
      |                              ^
/opt/homebrew/Cellar/llvm/22.1.8/include/mlir/IR/PatternMatch.h:256:14: note: in instantiation of function template specialization 'std::make_unique<pyc::(anonymous namespace)::FoldVectorConstantLanes<pyc::EqOp>, mlir::MLIRContext *, 0>' requested here
  256 |         std::make_unique<T>(std::forward<Args>(args)...);
      |              ^
/opt/homebrew/Cellar/llvm/22.1.8/include/mlir/IR/PatternMatch.h:1007:25: note: in instantiation of function template specialization 'mlir::RewritePattern::create<pyc::(anonymous namespace)::FoldVectorConstantLanes<pyc::EqOp>, mlir::MLIRContext *>' requested here
 1007 |         RewritePattern::create<T>(std::forward<Args>(args)...);
      |                         ^
/opt/homebrew/Cellar/llvm/22.1.8/include/mlir/IR/PatternMatch.h:864:6: note: in instantiation of function template specialization 'mlir::RewritePatternSet::addImpl<pyc::(anonymous namespace)::FoldVectorConstantLanes<pyc::EqOp>, mlir::MLIRContext *>' requested here
  864 |     (addImpl<Ts>(/*debugLabels=*/{}, std::forward<ConstructorArg>(arg),
      |      ^
/Users/zhoubot/linx-isa/tools/pyCircuit/compiler/mlir/lib/Transforms/CombCanonicalizePass.cpp:594:14: note: in instantiation of function template specialization 'mlir::RewritePatternSet::add<pyc::(anonymous namespace)::MuxSameSelSimplify, pyc::(anonymous namespace)::MuxI1ToLogic, pyc::(anonymous namespace)::AndBasicSimplify, pyc::(anonymous namespace)::OrBasicSimplify, pyc::(anonymous namespace)::OrAndXorFactor, pyc::(anonymous namespace)::VGetOfVCreate, pyc::(anonymous namespace)::VGetOfVBroadcast, pyc::(anonymous namespace)::VGetOfVectorMux, pyc::(anonymous namespace)::VCreateOfConsecutiveVGets, pyc::(anonymous namespace)::FoldVectorConstantLanes<pyc::AddOp>, pyc::(anonymous namespace)::FoldVectorConstantLanes<pyc::SubOp>, pyc::(anonymous namespace)::FoldVectorConstantLanes<pyc::MulOp>, pyc::(anonymous namespace)::FoldVectorConstantLanes<pyc::UdivOp>, pyc::(anonymous namespace)::FoldVectorConstantLanes<pyc::UremOp>, pyc::(anonymous namespace)::FoldVectorConstantLanes<pyc::SdivOp>, pyc::(anonymous namespace)::FoldVectorConstantLanes<pyc::SremOp>, pyc::(anonymous namespace)::FoldVectorConstantLanes<pyc::AndOp>, pyc::(anonymous namespace)::FoldVectorConstantLanes<pyc::OrOp>, pyc::(anonymous namespace)::FoldVectorConstantLanes<pyc::XorOp>, pyc::(anonymous namespace)::FoldVectorConstantLanes<pyc::EqOp>, pyc::(anonymous namespace)::FoldVectorConstantLanes<pyc::UltOp>, pyc::(anonymous namespace)::FoldVectorConstantLanes<pyc::SltOp>, pyc::(anonymous namespace)::FoldRank2ReduceLanes<pyc::VOrReduceOp>, pyc::(anonymous namespace)::FoldRank2ReduceLanes<pyc::VAndReduceOp>, pyc::(anonymous namespace)::FoldRank2ReduceLanes<pyc::VAddReduceOp>, pyc::(anonymous namespace)::VReduceOfVBroadcast<pyc::VOrReduceOp>, pyc::(anonymous namespace)::VReduceOfVBroadcast<pyc::VAndReduceOp>, pyc::(anonymous namespace)::VReduceSingleLaneDim<pyc::VOrReduceOp>, pyc::(anonymous namespace)::VReduceSingleLaneDim<pyc::VAndReduceOp>, pyc::(anonymous namespace)::VReduceSingleLaneDim<pyc::VAddReduceOp>, mlir::MLIRContext *, void>' requested here
  594 |     patterns.add<MuxSameSelSimplify,
      |              ^
/opt/homebrew/Cellar/llvm/22.1.8/include/mlir/IR/Builders.h:506:8: note: 'create' has been explicitly marked deprecated here
  506 |   OpTy create(Location location, Args &&...args) {
      |        ^
/Users/zhoubot/linx-isa/tools/pyCircuit/compiler/mlir/lib/Transforms/CombCanonicalizePass.cpp:163:32: warning: 'create<pyc::EqOp, mlir::Type &, mlir::Value &, mlir::Value &>' is deprecated: Use OpTy::create instead [-Wdeprecated-declarations]
  163 |       lanes.push_back(rewriter.create<OpT>(op.getLoc(), laneTy, lhs, rhs));
      |                                ^
/opt/homebrew/Cellar/llvm/22.1.8/include/mlir/IR/Builders.h:505:5: note: 'create<pyc::EqOp, mlir::Type &, mlir::Value &, mlir::Value &>' has been explicitly marked deprecated here
  505 |   [[deprecated("Use OpTy::create instead")]]
      |     ^
/Users/zhoubot/linx-isa/tools/pyCircuit/compiler/mlir/lib/Transforms/CombCanonicalizePass.cpp:163:32: warning: 'create' is deprecated: Use OpTy::create instead [-Wdeprecated-declarations]
  163 |       lanes.push_back(rewriter.create<OpT>(op.getLoc(), laneTy, lhs, rhs));
      |                                ^
/Applications/Xcode.app/Contents/Developer/Platforms/MacOSX.platform/Developer/SDKs/MacOSX.sdk/usr/include/c++/v1/__memory/unique_ptr.h:759:30: note: in instantiation of member function 'pyc::(anonymous namespace)::FoldVectorConstantLanes<pyc::XorOp>::matchAndRewrite' requested here
  759 |   return unique_ptr<_Tp>(new _Tp(std::forward<_Args>(__args)...));
      |                              ^
/opt/homebrew/Cellar/llvm/22.1.8/include/mlir/IR/PatternMatch.h:256:14: note: in instantiation of function template specialization 'std::make_unique<pyc::(anonymous namespace)::FoldVectorConstantLanes<pyc::XorOp>, mlir::MLIRContext *, 0>' requested here
  256 |         std::make_unique<T>(std::forward<Args>(args)...);
      |              ^
/opt/homebrew/Cellar/llvm/22.1.8/include/mlir/IR/PatternMatch.h:1007:25: note: in instantiation of function template specialization 'mlir::RewritePattern::create<pyc::(anonymous namespace)::FoldVectorConstantLanes<pyc::XorOp>, mlir::MLIRContext *>' requested here
 1007 |         RewritePattern::create<T>(std::forward<Args>(args)...);
      |                         ^
/opt/homebrew/Cellar/llvm/22.1.8/include/mlir/IR/PatternMatch.h:864:6: note: in instantiation of function template specialization 'mlir::RewritePatternSet::addImpl<pyc::(anonymous namespace)::FoldVectorConstantLanes<pyc::XorOp>, mlir::MLIRContext *>' requested here
  864 |     (addImpl<Ts>(/*debugLabels=*/{}, std::forward<ConstructorArg>(arg),
      |      ^
/Users/zhoubot/linx-isa/tools/pyCircuit/compiler/mlir/lib/Transforms/CombCanonicalizePass.cpp:594:14: note: in instantiation of function template specialization 'mlir::RewritePatternSet::add<pyc::(anonymous namespace)::MuxSameSelSimplify, pyc::(anonymous namespace)::MuxI1ToLogic, pyc::(anonymous namespace)::AndBasicSimplify, pyc::(anonymous namespace)::OrBasicSimplify, pyc::(anonymous namespace)::OrAndXorFactor, pyc::(anonymous namespace)::VGetOfVCreate, pyc::(anonymous namespace)::VGetOfVBroadcast, pyc::(anonymous namespace)::VGetOfVectorMux, pyc::(anonymous namespace)::VCreateOfConsecutiveVGets, pyc::(anonymous namespace)::FoldVectorConstantLanes<pyc::AddOp>, pyc::(anonymous namespace)::FoldVectorConstantLanes<pyc::SubOp>, pyc::(anonymous namespace)::FoldVectorConstantLanes<pyc::MulOp>, pyc::(anonymous namespace)::FoldVectorConstantLanes<pyc::UdivOp>, pyc::(anonymous namespace)::FoldVectorConstantLanes<pyc::UremOp>, pyc::(anonymous namespace)::FoldVectorConstantLanes<pyc::SdivOp>, pyc::(anonymous namespace)::FoldVectorConstantLanes<pyc::SremOp>, pyc::(anonymous namespace)::FoldVectorConstantLanes<pyc::AndOp>, pyc::(anonymous namespace)::FoldVectorConstantLanes<pyc::OrOp>, pyc::(anonymous namespace)::FoldVectorConstantLanes<pyc::XorOp>, pyc::(anonymous namespace)::FoldVectorConstantLanes<pyc::EqOp>, pyc::(anonymous namespace)::FoldVectorConstantLanes<pyc::UltOp>, pyc::(anonymous namespace)::FoldVectorConstantLanes<pyc::SltOp>, pyc::(anonymous namespace)::FoldRank2ReduceLanes<pyc::VOrReduceOp>, pyc::(anonymous namespace)::FoldRank2ReduceLanes<pyc::VAndReduceOp>, pyc::(anonymous namespace)::FoldRank2ReduceLanes<pyc::VAddReduceOp>, pyc::(anonymous namespace)::VReduceOfVBroadcast<pyc::VOrReduceOp>, pyc::(anonymous namespace)::VReduceOfVBroadcast<pyc::VAndReduceOp>, pyc::(anonymous namespace)::VReduceSingleLaneDim<pyc::VOrReduceOp>, pyc::(anonymous namespace)::VReduceSingleLaneDim<pyc::VAndReduceOp>, pyc::(anonymous namespace)::VReduceSingleLaneDim<pyc::VAddReduceOp>, mlir::MLIRContext *, void>' requested here
  594 |     patterns.add<MuxSameSelSimplify,
      |              ^
/opt/homebrew/Cellar/llvm/22.1.8/include/mlir/IR/Builders.h:506:8: note: 'create' has been explicitly marked deprecated here
  506 |   OpTy create(Location location, Args &&...args) {
      |        ^
/Users/zhoubot/linx-isa/tools/pyCircuit/compiler/mlir/lib/Transforms/CombCanonicalizePass.cpp:163:32: warning: 'create<pyc::XorOp, mlir::Type &, mlir::Value &, mlir::Value &>' is deprecated: Use OpTy::create instead [-Wdeprecated-declarations]
  163 |       lanes.push_back(rewriter.create<OpT>(op.getLoc(), laneTy, lhs, rhs));
      |                                ^
/opt/homebrew/Cellar/llvm/22.1.8/include/mlir/IR/Builders.h:505:5: note: 'create<pyc::XorOp, mlir::Type &, mlir::Value &, mlir::Value &>' has been explicitly marked deprecated here
  505 |   [[deprecated("Use OpTy::create instead")]]
      |     ^
/Users/zhoubot/linx-isa/tools/pyCircuit/compiler/mlir/lib/Transforms/CombCanonicalizePass.cpp:163:32: warning: 'create' is deprecated: Use OpTy::create instead [-Wdeprecated-declarations]
  163 |       lanes.push_back(rewriter.create<OpT>(op.getLoc(), laneTy, lhs, rhs));
      |                                ^
/Applications/Xcode.app/Contents/Developer/Platforms/MacOSX.platform/Developer/SDKs/MacOSX.sdk/usr/include/c++/v1/__memory/unique_ptr.h:759:30: note: in instantiation of member function 'pyc::(anonymous namespace)::FoldVectorConstantLanes<pyc::OrOp>::matchAndRewrite' requested here
  759 |   return unique_ptr<_Tp>(new _Tp(std::forward<_Args>(__args)...));
      |                              ^
/opt/homebrew/Cellar/llvm/22.1.8/include/mlir/IR/PatternMatch.h:256:14: note: in instantiation of function template specialization 'std::make_unique<pyc::(anonymous namespace)::FoldVectorConstantLanes<pyc::OrOp>, mlir::MLIRContext *, 0>' requested here
  256 |         std::make_unique<T>(std::forward<Args>(args)...);
      |              ^
/opt/homebrew/Cellar/llvm/22.1.8/include/mlir/IR/PatternMatch.h:1007:25: note: in instantiation of function template specialization 'mlir::RewritePattern::create<pyc::(anonymous namespace)::FoldVectorConstantLanes<pyc::OrOp>, mlir::MLIRContext *>' requested here
 1007 |         RewritePattern::create<T>(std::forward<Args>(args)...);
      |                         ^
/opt/homebrew/Cellar/llvm/22.1.8/include/mlir/IR/PatternMatch.h:864:6: note: in instantiation of function template specialization 'mlir::RewritePatternSet::addImpl<pyc::(anonymous namespace)::FoldVectorConstantLanes<pyc::OrOp>, mlir::MLIRContext *>' requested here
  864 |     (addImpl<Ts>(/*debugLabels=*/{}, std::forward<ConstructorArg>(arg),
      |      ^
/Users/zhoubot/linx-isa/tools/pyCircuit/compiler/mlir/lib/Transforms/CombCanonicalizePass.cpp:594:14: note: in instantiation of function template specialization 'mlir::RewritePatternSet::add<pyc::(anonymous namespace)::MuxSameSelSimplify, pyc::(anonymous namespace)::MuxI1ToLogic, pyc::(anonymous namespace)::AndBasicSimplify, pyc::(anonymous namespace)::OrBasicSimplify, pyc::(anonymous namespace)::OrAndXorFactor, pyc::(anonymous namespace)::VGetOfVCreate, pyc::(anonymous namespace)::VGetOfVBroadcast, pyc::(anonymous namespace)::VGetOfVectorMux, pyc::(anonymous namespace)::VCreateOfConsecutiveVGets, pyc::(anonymous namespace)::FoldVectorConstantLanes<pyc::AddOp>, pyc::(anonymous namespace)::FoldVectorConstantLanes<pyc::SubOp>, pyc::(anonymous namespace)::FoldVectorConstantLanes<pyc::MulOp>, pyc::(anonymous namespace)::FoldVectorConstantLanes<pyc::UdivOp>, pyc::(anonymous namespace)::FoldVectorConstantLanes<pyc::UremOp>, pyc::(anonymous namespace)::FoldVectorConstantLanes<pyc::SdivOp>, pyc::(anonymous namespace)::FoldVectorConstantLanes<pyc::SremOp>, pyc::(anonymous namespace)::FoldVectorConstantLanes<pyc::AndOp>, pyc::(anonymous namespace)::FoldVectorConstantLanes<pyc::OrOp>, pyc::(anonymous namespace)::FoldVectorConstantLanes<pyc::XorOp>, pyc::(anonymous namespace)::FoldVectorConstantLanes<pyc::EqOp>, pyc::(anonymous namespace)::FoldVectorConstantLanes<pyc::UltOp>, pyc::(anonymous namespace)::FoldVectorConstantLanes<pyc::SltOp>, pyc::(anonymous namespace)::FoldRank2ReduceLanes<pyc::VOrReduceOp>, pyc::(anonymous namespace)::FoldRank2ReduceLanes<pyc::VAndReduceOp>, pyc::(anonymous namespace)::FoldRank2ReduceLanes<pyc::VAddReduceOp>, pyc::(anonymous namespace)::VReduceOfVBroadcast<pyc::VOrReduceOp>, pyc::(anonymous namespace)::VReduceOfVBroadcast<pyc::VAndReduceOp>, pyc::(anonymous namespace)::VReduceSingleLaneDim<pyc::VOrReduceOp>, pyc::(anonymous namespace)::VReduceSingleLaneDim<pyc::VAndReduceOp>, pyc::(anonymous namespace)::VReduceSingleLaneDim<pyc::VAddReduceOp>, mlir::MLIRContext *, void>' requested here
  594 |     patterns.add<MuxSameSelSimplify,
      |              ^
/opt/homebrew/Cellar/llvm/22.1.8/include/mlir/IR/Builders.h:506:8: note: 'create' has been explicitly marked deprecated here
  506 |   OpTy create(Location location, Args &&...args) {
      |        ^
/Users/zhoubot/linx-isa/tools/pyCircuit/compiler/mlir/lib/Transforms/CombCanonicalizePass.cpp:163:32: warning: 'create<pyc::OrOp, mlir::Type &, mlir::Value &, mlir::Value &>' is deprecated: Use OpTy::create instead [-Wdeprecated-declarations]
  163 |       lanes.push_back(rewriter.create<OpT>(op.getLoc(), laneTy, lhs, rhs));
      |                                ^
/opt/homebrew/Cellar/llvm/22.1.8/include/mlir/IR/Builders.h:505:5: note: 'create<pyc::OrOp, mlir::Type &, mlir::Value &, mlir::Value &>' has been explicitly marked deprecated here
  505 |   [[deprecated("Use OpTy::create instead")]]
      |     ^
/Users/zhoubot/linx-isa/tools/pyCircuit/compiler/mlir/lib/Transforms/CombCanonicalizePass.cpp:163:32: warning: 'create' is deprecated: Use OpTy::create instead [-Wdeprecated-declarations]
  163 |       lanes.push_back(rewriter.create<OpT>(op.getLoc(), laneTy, lhs, rhs));
      |                                ^
/Applications/Xcode.app/Contents/Developer/Platforms/MacOSX.platform/Developer/SDKs/MacOSX.sdk/usr/include/c++/v1/__memory/unique_ptr.h:759:30: note: in instantiation of member function 'pyc::(anonymous namespace)::FoldVectorConstantLanes<pyc::AndOp>::matchAndRewrite' requested here
  759 |   return unique_ptr<_Tp>(new _Tp(std::forward<_Args>(__args)...));
      |                              ^
/opt/homebrew/Cellar/llvm/22.1.8/include/mlir/IR/PatternMatch.h:256:14: note: in instantiation of function template specialization 'std::make_unique<pyc::(anonymous namespace)::FoldVectorConstantLanes<pyc::AndOp>, mlir::MLIRContext *, 0>' requested here
  256 |         std::make_unique<T>(std::forward<Args>(args)...);
      |              ^
/opt/homebrew/Cellar/llvm/22.1.8/include/mlir/IR/PatternMatch.h:1007:25: note: in instantiation of function template specialization 'mlir::RewritePattern::create<pyc::(anonymous namespace)::FoldVectorConstantLanes<pyc::AndOp>, mlir::MLIRContext *>' requested here
 1007 |         RewritePattern::create<T>(std::forward<Args>(args)...);
      |                         ^
/opt/homebrew/Cellar/llvm/22.1.8/include/mlir/IR/PatternMatch.h:864:6: note: in instantiation of function template specialization 'mlir::RewritePatternSet::addImpl<pyc::(anonymous namespace)::FoldVectorConstantLanes<pyc::AndOp>, mlir::MLIRContext *>' requested here
  864 |     (addImpl<Ts>(/*debugLabels=*/{}, std::forward<ConstructorArg>(arg),
      |      ^
/Users/zhoubot/linx-isa/tools/pyCircuit/compiler/mlir/lib/Transforms/CombCanonicalizePass.cpp:594:14: note: in instantiation of function template specialization 'mlir::RewritePatternSet::add<pyc::(anonymous namespace)::MuxSameSelSimplify, pyc::(anonymous namespace)::MuxI1ToLogic, pyc::(anonymous namespace)::AndBasicSimplify, pyc::(anonymous namespace)::OrBasicSimplify, pyc::(anonymous namespace)::OrAndXorFactor, pyc::(anonymous namespace)::VGetOfVCreate, pyc::(anonymous namespace)::VGetOfVBroadcast, pyc::(anonymous namespace)::VGetOfVectorMux, pyc::(anonymous namespace)::VCreateOfConsecutiveVGets, pyc::(anonymous namespace)::FoldVectorConstantLanes<pyc::AddOp>, pyc::(anonymous namespace)::FoldVectorConstantLanes<pyc::SubOp>, pyc::(anonymous namespace)::FoldVectorConstantLanes<pyc::MulOp>, pyc::(anonymous namespace)::FoldVectorConstantLanes<pyc::UdivOp>, pyc::(anonymous namespace)::FoldVectorConstantLanes<pyc::UremOp>, pyc::(anonymous namespace)::FoldVectorConstantLanes<pyc::SdivOp>, pyc::(anonymous namespace)::FoldVectorConstantLanes<pyc::SremOp>, pyc::(anonymous namespace)::FoldVectorConstantLanes<pyc::AndOp>, pyc::(anonymous namespace)::FoldVectorConstantLanes<pyc::OrOp>, pyc::(anonymous namespace)::FoldVectorConstantLanes<pyc::XorOp>, pyc::(anonymous namespace)::FoldVectorConstantLanes<pyc::EqOp>, pyc::(anonymous namespace)::FoldVectorConstantLanes<pyc::UltOp>, pyc::(anonymous namespace)::FoldVectorConstantLanes<pyc::SltOp>, pyc::(anonymous namespace)::FoldRank2ReduceLanes<pyc::VOrReduceOp>, pyc::(anonymous namespace)::FoldRank2ReduceLanes<pyc::VAndReduceOp>, pyc::(anonymous namespace)::FoldRank2ReduceLanes<pyc::VAddReduceOp>, pyc::(anonymous namespace)::VReduceOfVBroadcast<pyc::VOrReduceOp>, pyc::(anonymous namespace)::VReduceOfVBroadcast<pyc::VAndReduceOp>, pyc::(anonymous namespace)::VReduceSingleLaneDim<pyc::VOrReduceOp>, pyc::(anonymous namespace)::VReduceSingleLaneDim<pyc::VAndReduceOp>, pyc::(anonymous namespace)::VReduceSingleLaneDim<pyc::VAddReduceOp>, mlir::MLIRContext *, void>' requested here
  594 |     patterns.add<MuxSameSelSimplify,
      |              ^
/opt/homebrew/Cellar/llvm/22.1.8/include/mlir/IR/Builders.h:506:8: note: 'create' has been explicitly marked deprecated here
  506 |   OpTy create(Location location, Args &&...args) {
      |        ^
/Users/zhoubot/linx-isa/tools/pyCircuit/compiler/mlir/lib/Transforms/CombCanonicalizePass.cpp:163:32: warning: 'create<pyc::AndOp, mlir::Type &, mlir::Value &, mlir::Value &>' is deprecated: Use OpTy::create instead [-Wdeprecated-declarations]
  163 |       lanes.push_back(rewriter.create<OpT>(op.getLoc(), laneTy, lhs, rhs));
      |                                ^
/opt/homebrew/Cellar/llvm/22.1.8/include/mlir/IR/Builders.h:505:5: note: 'create<pyc::AndOp, mlir::Type &, mlir::Value &, mlir::Value &>' has been explicitly marked deprecated here
  505 |   [[deprecated("Use OpTy::create instead")]]
      |     ^
/Users/zhoubot/linx-isa/tools/pyCircuit/compiler/mlir/lib/Transforms/CombCanonicalizePass.cpp:163:32: warning: 'create' is deprecated: Use OpTy::create instead [-Wdeprecated-declarations]
  163 |       lanes.push_back(rewriter.create<OpT>(op.getLoc(), laneTy, lhs, rhs));
      |                                ^
/Applications/Xcode.app/Contents/Developer/Platforms/MacOSX.platform/Developer/SDKs/MacOSX.sdk/usr/include/c++/v1/__memory/unique_ptr.h:759:30: note: in instantiation of member function 'pyc::(anonymous namespace)::FoldVectorConstantLanes<pyc::SremOp>::matchAndRewrite' requested here
  759 |   return unique_ptr<_Tp>(new _Tp(std::forward<_Args>(__args)...));
      |                              ^
/opt/homebrew/Cellar/llvm/22.1.8/include/mlir/IR/PatternMatch.h:256:14: note: in instantiation of function template specialization 'std::make_unique<pyc::(anonymous namespace)::FoldVectorConstantLanes<pyc::SremOp>, mlir::MLIRContext *, 0>' requested here
  256 |         std::make_unique<T>(std::forward<Args>(args)...);
      |              ^
/opt/homebrew/Cellar/llvm/22.1.8/include/mlir/IR/PatternMatch.h:1007:25: note: in instantiation of function template specialization 'mlir::RewritePattern::create<pyc::(anonymous namespace)::FoldVectorConstantLanes<pyc::SremOp>, mlir::MLIRContext *>' requested here
 1007 |         RewritePattern::create<T>(std::forward<Args>(args)...);
      |                         ^
/opt/homebrew/Cellar/llvm/22.1.8/include/mlir/IR/PatternMatch.h:864:6: note: in instantiation of function template specialization 'mlir::RewritePatternSet::addImpl<pyc::(anonymous namespace)::FoldVectorConstantLanes<pyc::SremOp>, mlir::MLIRContext *>' requested here
  864 |     (addImpl<Ts>(/*debugLabels=*/{}, std::forward<ConstructorArg>(arg),
      |      ^
/Users/zhoubot/linx-isa/tools/pyCircuit/compiler/mlir/lib/Transforms/CombCanonicalizePass.cpp:594:14: note: in instantiation of function template specialization 'mlir::RewritePatternSet::add<pyc::(anonymous namespace)::MuxSameSelSimplify, pyc::(anonymous namespace)::MuxI1ToLogic, pyc::(anonymous namespace)::AndBasicSimplify, pyc::(anonymous namespace)::OrBasicSimplify, pyc::(anonymous namespace)::OrAndXorFactor, pyc::(anonymous namespace)::VGetOfVCreate, pyc::(anonymous namespace)::VGetOfVBroadcast, pyc::(anonymous namespace)::VGetOfVectorMux, pyc::(anonymous namespace)::VCreateOfConsecutiveVGets, pyc::(anonymous namespace)::FoldVectorConstantLanes<pyc::AddOp>, pyc::(anonymous namespace)::FoldVectorConstantLanes<pyc::SubOp>, pyc::(anonymous namespace)::FoldVectorConstantLanes<pyc::MulOp>, pyc::(anonymous namespace)::FoldVectorConstantLanes<pyc::UdivOp>, pyc::(anonymous namespace)::FoldVectorConstantLanes<pyc::UremOp>, pyc::(anonymous namespace)::FoldVectorConstantLanes<pyc::SdivOp>, pyc::(anonymous namespace)::FoldVectorConstantLanes<pyc::SremOp>, pyc::(anonymous namespace)::FoldVectorConstantLanes<pyc::AndOp>, pyc::(anonymous namespace)::FoldVectorConstantLanes<pyc::OrOp>, pyc::(anonymous namespace)::FoldVectorConstantLanes<pyc::XorOp>, pyc::(anonymous namespace)::FoldVectorConstantLanes<pyc::EqOp>, pyc::(anonymous namespace)::FoldVectorConstantLanes<pyc::UltOp>, pyc::(anonymous namespace)::FoldVectorConstantLanes<pyc::SltOp>, pyc::(anonymous namespace)::FoldRank2ReduceLanes<pyc::VOrReduceOp>, pyc::(anonymous namespace)::FoldRank2ReduceLanes<pyc::VAndReduceOp>, pyc::(anonymous namespace)::FoldRank2ReduceLanes<pyc::VAddReduceOp>, pyc::(anonymous namespace)::VReduceOfVBroadcast<pyc::VOrReduceOp>, pyc::(anonymous namespace)::VReduceOfVBroadcast<pyc::VAndReduceOp>, pyc::(anonymous namespace)::VReduceSingleLaneDim<pyc::VOrReduceOp>, pyc::(anonymous namespace)::VReduceSingleLaneDim<pyc::VAndReduceOp>, pyc::(anonymous namespace)::VReduceSingleLaneDim<pyc::VAddReduceOp>, mlir::MLIRContext *, void>' requested here
  594 |     patterns.add<MuxSameSelSimplify,
      |              ^
/opt/homebrew/Cellar/llvm/22.1.8/include/mlir/IR/Builders.h:506:8: note: 'create' has been explicitly marked deprecated here
  506 |   OpTy create(Location location, Args &&...args) {
      |        ^
/Users/zhoubot/linx-isa/tools/pyCircuit/compiler/mlir/lib/Transforms/CombCanonicalizePass.cpp:163:32: warning: 'create<pyc::SremOp, mlir::Type &, mlir::Value &, mlir::Value &>' is deprecated: Use OpTy::create instead [-Wdeprecated-declarations]
  163 |       lanes.push_back(rewriter.create<OpT>(op.getLoc(), laneTy, lhs, rhs));
      |                                ^
/opt/homebrew/Cellar/llvm/22.1.8/include/mlir/IR/Builders.h:505:5: note: 'create<pyc::SremOp, mlir::Type &, mlir::Value &, mlir::Value &>' has been explicitly marked deprecated here
  505 |   [[deprecated("Use OpTy::create instead")]]
      |     ^
/Users/zhoubot/linx-isa/tools/pyCircuit/compiler/mlir/lib/Transforms/CombCanonicalizePass.cpp:163:32: warning: 'create' is deprecated: Use OpTy::create instead [-Wdeprecated-declarations]
  163 |       lanes.push_back(rewriter.create<OpT>(op.getLoc(), laneTy, lhs, rhs));
      |                                ^
/Applications/Xcode.app/Contents/Developer/Platforms/MacOSX.platform/Developer/SDKs/MacOSX.sdk/usr/include/c++/v1/__memory/unique_ptr.h:759:30: note: in instantiation of member function 'pyc::(anonymous namespace)::FoldVectorConstantLanes<pyc::SdivOp>::matchAndRewrite' requested here
  759 |   return unique_ptr<_Tp>(new _Tp(std::forward<_Args>(__args)...));
      |                              ^
/opt/homebrew/Cellar/llvm/22.1.8/include/mlir/IR/PatternMatch.h:256:14: note: in instantiation of function template specialization 'std::make_unique<pyc::(anonymous namespace)::FoldVectorConstantLanes<pyc::SdivOp>, mlir::MLIRContext *, 0>' requested here
  256 |         std::make_unique<T>(std::forward<Args>(args)...);
      |              ^
/opt/homebrew/Cellar/llvm/22.1.8/include/mlir/IR/PatternMatch.h:1007:25: note: in instantiation of function template specialization 'mlir::RewritePattern::create<pyc::(anonymous namespace)::FoldVectorConstantLanes<pyc::SdivOp>, mlir::MLIRContext *>' requested here
 1007 |         RewritePattern::create<T>(std::forward<Args>(args)...);
      |                         ^
/opt/homebrew/Cellar/llvm/22.1.8/include/mlir/IR/PatternMatch.h:864:6: note: in instantiation of function template specialization 'mlir::RewritePatternSet::addImpl<pyc::(anonymous namespace)::FoldVectorConstantLanes<pyc::SdivOp>, mlir::MLIRContext *>' requested here
  864 |     (addImpl<Ts>(/*debugLabels=*/{}, std::forward<ConstructorArg>(arg),
      |      ^
/Users/zhoubot/linx-isa/tools/pyCircuit/compiler/mlir/lib/Transforms/CombCanonicalizePass.cpp:594:14: note: in instantiation of function template specialization 'mlir::RewritePatternSet::add<pyc::(anonymous namespace)::MuxSameSelSimplify, pyc::(anonymous namespace)::MuxI1ToLogic, pyc::(anonymous namespace)::AndBasicSimplify, pyc::(anonymous namespace)::OrBasicSimplify, pyc::(anonymous namespace)::OrAndXorFactor, pyc::(anonymous namespace)::VGetOfVCreate, pyc::(anonymous namespace)::VGetOfVBroadcast, pyc::(anonymous namespace)::VGetOfVectorMux, pyc::(anonymous namespace)::VCreateOfConsecutiveVGets, pyc::(anonymous namespace)::FoldVectorConstantLanes<pyc::AddOp>, pyc::(anonymous namespace)::FoldVectorConstantLanes<pyc::SubOp>, pyc::(anonymous namespace)::FoldVectorConstantLanes<pyc::MulOp>, pyc::(anonymous namespace)::FoldVectorConstantLanes<pyc::UdivOp>, pyc::(anonymous namespace)::FoldVectorConstantLanes<pyc::UremOp>, pyc::(anonymous namespace)::FoldVectorConstantLanes<pyc::SdivOp>, pyc::(anonymous namespace)::FoldVectorConstantLanes<pyc::SremOp>, pyc::(anonymous namespace)::FoldVectorConstantLanes<pyc::AndOp>, pyc::(anonymous namespace)::FoldVectorConstantLanes<pyc::OrOp>, pyc::(anonymous namespace)::FoldVectorConstantLanes<pyc::XorOp>, pyc::(anonymous namespace)::FoldVectorConstantLanes<pyc::EqOp>, pyc::(anonymous namespace)::FoldVectorConstantLanes<pyc::UltOp>, pyc::(anonymous namespace)::FoldVectorConstantLanes<pyc::SltOp>, pyc::(anonymous namespace)::FoldRank2ReduceLanes<pyc::VOrReduceOp>, pyc::(anonymous namespace)::FoldRank2ReduceLanes<pyc::VAndReduceOp>, pyc::(anonymous namespace)::FoldRank2ReduceLanes<pyc::VAddReduceOp>, pyc::(anonymous namespace)::VReduceOfVBroadcast<pyc::VOrReduceOp>, pyc::(anonymous namespace)::VReduceOfVBroadcast<pyc::VAndReduceOp>, pyc::(anonymous namespace)::VReduceSingleLaneDim<pyc::VOrReduceOp>, pyc::(anonymous namespace)::VReduceSingleLaneDim<pyc::VAndReduceOp>, pyc::(anonymous namespace)::VReduceSingleLaneDim<pyc::VAddReduceOp>, mlir::MLIRContext *, void>' requested here
  594 |     patterns.add<MuxSameSelSimplify,
      |              ^
/opt/homebrew/Cellar/llvm/22.1.8/include/mlir/IR/Builders.h:506:8: note: 'create' has been explicitly marked deprecated here
  506 |   OpTy create(Location location, Args &&...args) {
      |        ^
/Users/zhoubot/linx-isa/tools/pyCircuit/compiler/mlir/lib/Transforms/CombCanonicalizePass.cpp:163:32: warning: 'create<pyc::SdivOp, mlir::Type &, mlir::Value &, mlir::Value &>' is deprecated: Use OpTy::create instead [-Wdeprecated-declarations]
  163 |       lanes.push_back(rewriter.create<OpT>(op.getLoc(), laneTy, lhs, rhs));
      |                                ^
/opt/homebrew/Cellar/llvm/22.1.8/include/mlir/IR/Builders.h:505:5: note: 'create<pyc::SdivOp, mlir::Type &, mlir::Value &, mlir::Value &>' has been explicitly marked deprecated here
  505 |   [[deprecated("Use OpTy::create instead")]]
      |     ^
/Users/zhoubot/linx-isa/tools/pyCircuit/compiler/mlir/lib/Transforms/CombCanonicalizePass.cpp:163:32: warning: 'create' is deprecated: Use OpTy::create instead [-Wdeprecated-declarations]
  163 |       lanes.push_back(rewriter.create<OpT>(op.getLoc(), laneTy, lhs, rhs));
      |                                ^
/Applications/Xcode.app/Contents/Developer/Platforms/MacOSX.platform/Developer/SDKs/MacOSX.sdk/usr/include/c++/v1/__memory/unique_ptr.h:759:30: note: in instantiation of member function 'pyc::(anonymous namespace)::FoldVectorConstantLanes<pyc::UremOp>::matchAndRewrite' requested here
  759 |   return unique_ptr<_Tp>(new _Tp(std::forward<_Args>(__args)...));
      |                              ^
/opt/homebrew/Cellar/llvm/22.1.8/include/mlir/IR/PatternMatch.h:256:14: note: in instantiation of function template specialization 'std::make_unique<pyc::(anonymous namespace)::FoldVectorConstantLanes<pyc::UremOp>, mlir::MLIRContext *, 0>' requested here
  256 |         std::make_unique<T>(std::forward<Args>(args)...);
      |              ^
/opt/homebrew/Cellar/llvm/22.1.8/include/mlir/IR/PatternMatch.h:1007:25: note: in instantiation of function template specialization 'mlir::RewritePattern::create<pyc::(anonymous namespace)::FoldVectorConstantLanes<pyc::UremOp>, mlir::MLIRContext *>' requested here
 1007 |         RewritePattern::create<T>(std::forward<Args>(args)...);
      |                         ^
/opt/homebrew/Cellar/llvm/22.1.8/include/mlir/IR/PatternMatch.h:864:6: note: in instantiation of function template specialization 'mlir::RewritePatternSet::addImpl<pyc::(anonymous namespace)::FoldVectorConstantLanes<pyc::UremOp>, mlir::MLIRContext *>' requested here
  864 |     (addImpl<Ts>(/*debugLabels=*/{}, std::forward<ConstructorArg>(arg),
      |      ^
/Users/zhoubot/linx-isa/tools/pyCircuit/compiler/mlir/lib/Transforms/CombCanonicalizePass.cpp:594:14: note: in instantiation of function template specialization 'mlir::RewritePatternSet::add<pyc::(anonymous namespace)::MuxSameSelSimplify, pyc::(anonymous namespace)::MuxI1ToLogic, pyc::(anonymous namespace)::AndBasicSimplify, pyc::(anonymous namespace)::OrBasicSimplify, pyc::(anonymous namespace)::OrAndXorFactor, pyc::(anonymous namespace)::VGetOfVCreate, pyc::(anonymous namespace)::VGetOfVBroadcast, pyc::(anonymous namespace)::VGetOfVectorMux, pyc::(anonymous namespace)::VCreateOfConsecutiveVGets, pyc::(anonymous namespace)::FoldVectorConstantLanes<pyc::AddOp>, pyc::(anonymous namespace)::FoldVectorConstantLanes<pyc::SubOp>, pyc::(anonymous namespace)::FoldVectorConstantLanes<pyc::MulOp>, pyc::(anonymous namespace)::FoldVectorConstantLanes<pyc::UdivOp>, pyc::(anonymous namespace)::FoldVectorConstantLanes<pyc::UremOp>, pyc::(anonymous namespace)::FoldVectorConstantLanes<pyc::SdivOp>, pyc::(anonymous namespace)::FoldVectorConstantLanes<pyc::SremOp>, pyc::(anonymous namespace)::FoldVectorConstantLanes<pyc::AndOp>, pyc::(anonymous namespace)::FoldVectorConstantLanes<pyc::OrOp>, pyc::(anonymous namespace)::FoldVectorConstantLanes<pyc::XorOp>, pyc::(anonymous namespace)::FoldVectorConstantLanes<pyc::EqOp>, pyc::(anonymous namespace)::FoldVectorConstantLanes<pyc::UltOp>, pyc::(anonymous namespace)::FoldVectorConstantLanes<pyc::SltOp>, pyc::(anonymous namespace)::FoldRank2ReduceLanes<pyc::VOrReduceOp>, pyc::(anonymous namespace)::FoldRank2ReduceLanes<pyc::VAndReduceOp>, pyc::(anonymous namespace)::FoldRank2ReduceLanes<pyc::VAddReduceOp>, pyc::(anonymous namespace)::VReduceOfVBroadcast<pyc::VOrReduceOp>, pyc::(anonymous namespace)::VReduceOfVBroadcast<pyc::VAndReduceOp>, pyc::(anonymous namespace)::VReduceSingleLaneDim<pyc::VOrReduceOp>, pyc::(anonymous namespace)::VReduceSingleLaneDim<pyc::VAndReduceOp>, pyc::(anonymous namespace)::VReduceSingleLaneDim<pyc::VAddReduceOp>, mlir::MLIRContext *, void>' requested here
  594 |     patterns.add<MuxSameSelSimplify,
      |              ^
/opt/homebrew/Cellar/llvm/22.1.8/include/mlir/IR/Builders.h:506:8: note: 'create' has been explicitly marked deprecated here
  506 |   OpTy create(Location location, Args &&...args) {
      |        ^
/Users/zhoubot/linx-isa/tools/pyCircuit/compiler/mlir/lib/Transforms/CombCanonicalizePass.cpp:163:32: warning: 'create<pyc::UremOp, mlir::Type &, mlir::Value &, mlir::Value &>' is deprecated: Use OpTy::create instead [-Wdeprecated-declarations]
  163 |       lanes.push_back(rewriter.create<OpT>(op.getLoc(), laneTy, lhs, rhs));
      |                                ^
/opt/homebrew/Cellar/llvm/22.1.8/include/mlir/IR/Builders.h:505:5: note: 'create<pyc::UremOp, mlir::Type &, mlir::Value &, mlir::Value &>' has been explicitly marked deprecated here
  505 |   [[deprecated("Use OpTy::create instead")]]
      |     ^
/Users/zhoubot/linx-isa/tools/pyCircuit/compiler/mlir/lib/Transforms/CombCanonicalizePass.cpp:163:32: warning: 'create' is deprecated: Use OpTy::create instead [-Wdeprecated-declarations]
  163 |       lanes.push_back(rewriter.create<OpT>(op.getLoc(), laneTy, lhs, rhs));
      |                                ^
/Applications/Xcode.app/Contents/Developer/Platforms/MacOSX.platform/Developer/SDKs/MacOSX.sdk/usr/include/c++/v1/__memory/unique_ptr.h:759:30: note: in instantiation of member function 'pyc::(anonymous namespace)::FoldVectorConstantLanes<pyc::UdivOp>::matchAndRewrite' requested here
  759 |   return unique_ptr<_Tp>(new _Tp(std::forward<_Args>(__args)...));
      |                              ^
/opt/homebrew/Cellar/llvm/22.1.8/include/mlir/IR/PatternMatch.h:256:14: note: in instantiation of function template specialization 'std::make_unique<pyc::(anonymous namespace)::FoldVectorConstantLanes<pyc::UdivOp>, mlir::MLIRContext *, 0>' requested here
  256 |         std::make_unique<T>(std::forward<Args>(args)...);
      |              ^
/opt/homebrew/Cellar/llvm/22.1.8/include/mlir/IR/PatternMatch.h:1007:25: note: in instantiation of function template specialization 'mlir::RewritePattern::create<pyc::(anonymous namespace)::FoldVectorConstantLanes<pyc::UdivOp>, mlir::MLIRContext *>' requested here
 1007 |         RewritePattern::create<T>(std::forward<Args>(args)...);
      |                         ^
/opt/homebrew/Cellar/llvm/22.1.8/include/mlir/IR/PatternMatch.h:864:6: note: in instantiation of function template specialization 'mlir::RewritePatternSet::addImpl<pyc::(anonymous namespace)::FoldVectorConstantLanes<pyc::UdivOp>, mlir::MLIRContext *>' requested here
  864 |     (addImpl<Ts>(/*debugLabels=*/{}, std::forward<ConstructorArg>(arg),
      |      ^
/Users/zhoubot/linx-isa/tools/pyCircuit/compiler/mlir/lib/Transforms/CombCanonicalizePass.cpp:594:14: note: in instantiation of function template specialization 'mlir::RewritePatternSet::add<pyc::(anonymous namespace)::MuxSameSelSimplify, pyc::(anonymous namespace)::MuxI1ToLogic, pyc::(anonymous namespace)::AndBasicSimplify, pyc::(anonymous namespace)::OrBasicSimplify, pyc::(anonymous namespace)::OrAndXorFactor, pyc::(anonymous namespace)::VGetOfVCreate, pyc::(anonymous namespace)::VGetOfVBroadcast, pyc::(anonymous namespace)::VGetOfVectorMux, pyc::(anonymous namespace)::VCreateOfConsecutiveVGets, pyc::(anonymous namespace)::FoldVectorConstantLanes<pyc::AddOp>, pyc::(anonymous namespace)::FoldVectorConstantLanes<pyc::SubOp>, pyc::(anonymous namespace)::FoldVectorConstantLanes<pyc::MulOp>, pyc::(anonymous namespace)::FoldVectorConstantLanes<pyc::UdivOp>, pyc::(anonymous namespace)::FoldVectorConstantLanes<pyc::UremOp>, pyc::(anonymous namespace)::FoldVectorConstantLanes<pyc::SdivOp>, pyc::(anonymous namespace)::FoldVectorConstantLanes<pyc::SremOp>, pyc::(anonymous namespace)::FoldVectorConstantLanes<pyc::AndOp>, pyc::(anonymous namespace)::FoldVectorConstantLanes<pyc::OrOp>, pyc::(anonymous namespace)::FoldVectorConstantLanes<pyc::XorOp>, pyc::(anonymous namespace)::FoldVectorConstantLanes<pyc::EqOp>, pyc::(anonymous namespace)::FoldVectorConstantLanes<pyc::UltOp>, pyc::(anonymous namespace)::FoldVectorConstantLanes<pyc::SltOp>, pyc::(anonymous namespace)::FoldRank2ReduceLanes<pyc::VOrReduceOp>, pyc::(anonymous namespace)::FoldRank2ReduceLanes<pyc::VAndReduceOp>, pyc::(anonymous namespace)::FoldRank2ReduceLanes<pyc::VAddReduceOp>, pyc::(anonymous namespace)::VReduceOfVBroadcast<pyc::VOrReduceOp>, pyc::(anonymous namespace)::VReduceOfVBroadcast<pyc::VAndReduceOp>, pyc::(anonymous namespace)::VReduceSingleLaneDim<pyc::VOrReduceOp>, pyc::(anonymous namespace)::VReduceSingleLaneDim<pyc::VAndReduceOp>, pyc::(anonymous namespace)::VReduceSingleLaneDim<pyc::VAddReduceOp>, mlir::MLIRContext *, void>' requested here
  594 |     patterns.add<MuxSameSelSimplify,
      |              ^
/opt/homebrew/Cellar/llvm/22.1.8/include/mlir/IR/Builders.h:506:8: note: 'create' has been explicitly marked deprecated here
  506 |   OpTy create(Location location, Args &&...args) {
      |        ^
/Users/zhoubot/linx-isa/tools/pyCircuit/compiler/mlir/lib/Transforms/CombCanonicalizePass.cpp:163:32: warning: 'create<pyc::UdivOp, mlir::Type &, mlir::Value &, mlir::Value &>' is deprecated: Use OpTy::create instead [-Wdeprecated-declarations]
  163 |       lanes.push_back(rewriter.create<OpT>(op.getLoc(), laneTy, lhs, rhs));
      |                                ^
/opt/homebrew/Cellar/llvm/22.1.8/include/mlir/IR/Builders.h:505:5: note: 'create<pyc::UdivOp, mlir::Type &, mlir::Value &, mlir::Value &>' has been explicitly marked deprecated here
  505 |   [[deprecated("Use OpTy::create instead")]]
      |     ^
/Users/zhoubot/linx-isa/tools/pyCircuit/compiler/mlir/lib/Transforms/CombCanonicalizePass.cpp:163:32: warning: 'create' is deprecated: Use OpTy::create instead [-Wdeprecated-declarations]
  163 |       lanes.push_back(rewriter.create<OpT>(op.getLoc(), laneTy, lhs, rhs));
      |                                ^
/Applications/Xcode.app/Contents/Developer/Platforms/MacOSX.platform/Developer/SDKs/MacOSX.sdk/usr/include/c++/v1/__memory/unique_ptr.h:759:30: note: in instantiation of member function 'pyc::(anonymous namespace)::FoldVectorConstantLanes<pyc::MulOp>::matchAndRewrite' requested here
  759 |   return unique_ptr<_Tp>(new _Tp(std::forward<_Args>(__args)...));
      |                              ^
/opt/homebrew/Cellar/llvm/22.1.8/include/mlir/IR/PatternMatch.h:256:14: note: in instantiation of function template specialization 'std::make_unique<pyc::(anonymous namespace)::FoldVectorConstantLanes<pyc::MulOp>, mlir::MLIRContext *, 0>' requested here
  256 |         std::make_unique<T>(std::forward<Args>(args)...);
      |              ^
/opt/homebrew/Cellar/llvm/22.1.8/include/mlir/IR/PatternMatch.h:1007:25: note: in instantiation of function template specialization 'mlir::RewritePattern::create<pyc::(anonymous namespace)::FoldVectorConstantLanes<pyc::MulOp>, mlir::MLIRContext *>' requested here
 1007 |         RewritePattern::create<T>(std::forward<Args>(args)...);
      |                         ^
/opt/homebrew/Cellar/llvm/22.1.8/include/mlir/IR/PatternMatch.h:864:6: note: in instantiation of function template specialization 'mlir::RewritePatternSet::addImpl<pyc::(anonymous namespace)::FoldVectorConstantLanes<pyc::MulOp>, mlir::MLIRContext *>' requested here
  864 |     (addImpl<Ts>(/*debugLabels=*/{}, std::forward<ConstructorArg>(arg),
      |      ^
/Users/zhoubot/linx-isa/tools/pyCircuit/compiler/mlir/lib/Transforms/CombCanonicalizePass.cpp:594:14: note: in instantiation of function template specialization 'mlir::RewritePatternSet::add<pyc::(anonymous namespace)::MuxSameSelSimplify, pyc::(anonymous namespace)::MuxI1ToLogic, pyc::(anonymous namespace)::AndBasicSimplify, pyc::(anonymous namespace)::OrBasicSimplify, pyc::(anonymous namespace)::OrAndXorFactor, pyc::(anonymous namespace)::VGetOfVCreate, pyc::(anonymous namespace)::VGetOfVBroadcast, pyc::(anonymous namespace)::VGetOfVectorMux, pyc::(anonymous namespace)::VCreateOfConsecutiveVGets, pyc::(anonymous namespace)::FoldVectorConstantLanes<pyc::AddOp>, pyc::(anonymous namespace)::FoldVectorConstantLanes<pyc::SubOp>, pyc::(anonymous namespace)::FoldVectorConstantLanes<pyc::MulOp>, pyc::(anonymous namespace)::FoldVectorConstantLanes<pyc::UdivOp>, pyc::(anonymous namespace)::FoldVectorConstantLanes<pyc::UremOp>, pyc::(anonymous namespace)::FoldVectorConstantLanes<pyc::SdivOp>, pyc::(anonymous namespace)::FoldVectorConstantLanes<pyc::SremOp>, pyc::(anonymous namespace)::FoldVectorConstantLanes<pyc::AndOp>, pyc::(anonymous namespace)::FoldVectorConstantLanes<pyc::OrOp>, pyc::(anonymous namespace)::FoldVectorConstantLanes<pyc::XorOp>, pyc::(anonymous namespace)::FoldVectorConstantLanes<pyc::EqOp>, pyc::(anonymous namespace)::FoldVectorConstantLanes<pyc::UltOp>, pyc::(anonymous namespace)::FoldVectorConstantLanes<pyc::SltOp>, pyc::(anonymous namespace)::FoldRank2ReduceLanes<pyc::VOrReduceOp>, pyc::(anonymous namespace)::FoldRank2ReduceLanes<pyc::VAndReduceOp>, pyc::(anonymous namespace)::FoldRank2ReduceLanes<pyc::VAddReduceOp>, pyc::(anonymous namespace)::VReduceOfVBroadcast<pyc::VOrReduceOp>, pyc::(anonymous namespace)::VReduceOfVBroadcast<pyc::VAndReduceOp>, pyc::(anonymous namespace)::VReduceSingleLaneDim<pyc::VOrReduceOp>, pyc::(anonymous namespace)::VReduceSingleLaneDim<pyc::VAndReduceOp>, pyc::(anonymous namespace)::VReduceSingleLaneDim<pyc::VAddReduceOp>, mlir::MLIRContext *, void>' requested here
  594 |     patterns.add<MuxSameSelSimplify,
      |              ^
/opt/homebrew/Cellar/llvm/22.1.8/include/mlir/IR/Builders.h:506:8: note: 'create' has been explicitly marked deprecated here
  506 |   OpTy create(Location location, Args &&...args) {
      |        ^
/Users/zhoubot/linx-isa/tools/pyCircuit/compiler/mlir/lib/Transforms/CombCanonicalizePass.cpp:163:32: warning: 'create<pyc::MulOp, mlir::Type &, mlir::Value &, mlir::Value &>' is deprecated: Use OpTy::create instead [-Wdeprecated-declarations]
  163 |       lanes.push_back(rewriter.create<OpT>(op.getLoc(), laneTy, lhs, rhs));
      |                                ^
/opt/homebrew/Cellar/llvm/22.1.8/include/mlir/IR/Builders.h:505:5: note: 'create<pyc::MulOp, mlir::Type &, mlir::Value &, mlir::Value &>' has been explicitly marked deprecated here
  505 |   [[deprecated("Use OpTy::create instead")]]
      |     ^
/Users/zhoubot/linx-isa/tools/pyCircuit/compiler/mlir/lib/Transforms/CombCanonicalizePass.cpp:163:32: warning: 'create' is deprecated: Use OpTy::create instead [-Wdeprecated-declarations]
  163 |       lanes.push_back(rewriter.create<OpT>(op.getLoc(), laneTy, lhs, rhs));
      |                                ^
/Applications/Xcode.app/Contents/Developer/Platforms/MacOSX.platform/Developer/SDKs/MacOSX.sdk/usr/include/c++/v1/__memory/unique_ptr.h:759:30: note: in instantiation of member function 'pyc::(anonymous namespace)::FoldVectorConstantLanes<pyc::SubOp>::matchAndRewrite' requested here
  759 |   return unique_ptr<_Tp>(new _Tp(std::forward<_Args>(__args)...));
      |                              ^
/opt/homebrew/Cellar/llvm/22.1.8/include/mlir/IR/PatternMatch.h:256:14: note: in instantiation of function template specialization 'std::make_unique<pyc::(anonymous namespace)::FoldVectorConstantLanes<pyc::SubOp>, mlir::MLIRContext *, 0>' requested here
  256 |         std::make_unique<T>(std::forward<Args>(args)...);
      |              ^
/opt/homebrew/Cellar/llvm/22.1.8/include/mlir/IR/PatternMatch.h:1007:25: note: in instantiation of function template specialization 'mlir::RewritePattern::create<pyc::(anonymous namespace)::FoldVectorConstantLanes<pyc::SubOp>, mlir::MLIRContext *>' requested here
 1007 |         RewritePattern::create<T>(std::forward<Args>(args)...);
      |                         ^
/opt/homebrew/Cellar/llvm/22.1.8/include/mlir/IR/PatternMatch.h:864:6: note: in instantiation of function template specialization 'mlir::RewritePatternSet::addImpl<pyc::(anonymous namespace)::FoldVectorConstantLanes<pyc::SubOp>, mlir::MLIRContext *>' requested here
  864 |     (addImpl<Ts>(/*debugLabels=*/{}, std::forward<ConstructorArg>(arg),
      |      ^
/Users/zhoubot/linx-isa/tools/pyCircuit/compiler/mlir/lib/Transforms/CombCanonicalizePass.cpp:594:14: note: in instantiation of function template specialization 'mlir::RewritePatternSet::add<pyc::(anonymous namespace)::MuxSameSelSimplify, pyc::(anonymous namespace)::MuxI1ToLogic, pyc::(anonymous namespace)::AndBasicSimplify, pyc::(anonymous namespace)::OrBasicSimplify, pyc::(anonymous namespace)::OrAndXorFactor, pyc::(anonymous namespace)::VGetOfVCreate, pyc::(anonymous namespace)::VGetOfVBroadcast, pyc::(anonymous namespace)::VGetOfVectorMux, pyc::(anonymous namespace)::VCreateOfConsecutiveVGets, pyc::(anonymous namespace)::FoldVectorConstantLanes<pyc::AddOp>, pyc::(anonymous namespace)::FoldVectorConstantLanes<pyc::SubOp>, pyc::(anonymous namespace)::FoldVectorConstantLanes<pyc::MulOp>, pyc::(anonymous namespace)::FoldVectorConstantLanes<pyc::UdivOp>, pyc::(anonymous namespace)::FoldVectorConstantLanes<pyc::UremOp>, pyc::(anonymous namespace)::FoldVectorConstantLanes<pyc::SdivOp>, pyc::(anonymous namespace)::FoldVectorConstantLanes<pyc::SremOp>, pyc::(anonymous namespace)::FoldVectorConstantLanes<pyc::AndOp>, pyc::(anonymous namespace)::FoldVectorConstantLanes<pyc::OrOp>, pyc::(anonymous namespace)::FoldVectorConstantLanes<pyc::XorOp>, pyc::(anonymous namespace)::FoldVectorConstantLanes<pyc::EqOp>, pyc::(anonymous namespace)::FoldVectorConstantLanes<pyc::UltOp>, pyc::(anonymous namespace)::FoldVectorConstantLanes<pyc::SltOp>, pyc::(anonymous namespace)::FoldRank2ReduceLanes<pyc::VOrReduceOp>, pyc::(anonymous namespace)::FoldRank2ReduceLanes<pyc::VAndReduceOp>, pyc::(anonymous namespace)::FoldRank2ReduceLanes<pyc::VAddReduceOp>, pyc::(anonymous namespace)::VReduceOfVBroadcast<pyc::VOrReduceOp>, pyc::(anonymous namespace)::VReduceOfVBroadcast<pyc::VAndReduceOp>, pyc::(anonymous namespace)::VReduceSingleLaneDim<pyc::VOrReduceOp>, pyc::(anonymous namespace)::VReduceSingleLaneDim<pyc::VAndReduceOp>, pyc::(anonymous namespace)::VReduceSingleLaneDim<pyc::VAddReduceOp>, mlir::MLIRContext *, void>' requested here
  594 |     patterns.add<MuxSameSelSimplify,
      |              ^
/opt/homebrew/Cellar/llvm/22.1.8/include/mlir/IR/Builders.h:506:8: note: 'create' has been explicitly marked deprecated here
  506 |   OpTy create(Location location, Args &&...args) {
      |        ^
/Users/zhoubot/linx-isa/tools/pyCircuit/compiler/mlir/lib/Transforms/CombCanonicalizePass.cpp:163:32: warning: 'create<pyc::SubOp, mlir::Type &, mlir::Value &, mlir::Value &>' is deprecated: Use OpTy::create instead [-Wdeprecated-declarations]
  163 |       lanes.push_back(rewriter.create<OpT>(op.getLoc(), laneTy, lhs, rhs));
      |                                ^
/opt/homebrew/Cellar/llvm/22.1.8/include/mlir/IR/Builders.h:505:5: note: 'create<pyc::SubOp, mlir::Type &, mlir::Value &, mlir::Value &>' has been explicitly marked deprecated here
  505 |   [[deprecated("Use OpTy::create instead")]]
      |     ^
/Users/zhoubot/linx-isa/tools/pyCircuit/compiler/mlir/lib/Transforms/CombCanonicalizePass.cpp:163:32: warning: 'create' is deprecated: Use OpTy::create instead [-Wdeprecated-declarations]
  163 |       lanes.push_back(rewriter.create<OpT>(op.getLoc(), laneTy, lhs, rhs));
      |                                ^
/Applications/Xcode.app/Contents/Developer/Platforms/MacOSX.platform/Developer/SDKs/MacOSX.sdk/usr/include/c++/v1/__memory/unique_ptr.h:759:30: note: in instantiation of member function 'pyc::(anonymous namespace)::FoldVectorConstantLanes<pyc::AddOp>::matchAndRewrite' requested here
  759 |   return unique_ptr<_Tp>(new _Tp(std::forward<_Args>(__args)...));
      |                              ^
/opt/homebrew/Cellar/llvm/22.1.8/include/mlir/IR/PatternMatch.h:256:14: note: in instantiation of function template specialization 'std::make_unique<pyc::(anonymous namespace)::FoldVectorConstantLanes<pyc::AddOp>, mlir::MLIRContext *, 0>' requested here
  256 |         std::make_unique<T>(std::forward<Args>(args)...);
      |              ^
/opt/homebrew/Cellar/llvm/22.1.8/include/mlir/IR/PatternMatch.h:1007:25: note: in instantiation of function template specialization 'mlir::RewritePattern::create<pyc::(anonymous namespace)::FoldVectorConstantLanes<pyc::AddOp>, mlir::MLIRContext *>' requested here
 1007 |         RewritePattern::create<T>(std::forward<Args>(args)...);
      |                         ^
/opt/homebrew/Cellar/llvm/22.1.8/include/mlir/IR/PatternMatch.h:864:6: note: in instantiation of function template specialization 'mlir::RewritePatternSet::addImpl<pyc::(anonymous namespace)::FoldVectorConstantLanes<pyc::AddOp>, mlir::MLIRContext *>' requested here
  864 |     (addImpl<Ts>(/*debugLabels=*/{}, std::forward<ConstructorArg>(arg),
      |      ^
/Users/zhoubot/linx-isa/tools/pyCircuit/compiler/mlir/lib/Transforms/CombCanonicalizePass.cpp:594:14: note: in instantiation of function template specialization 'mlir::RewritePatternSet::add<pyc::(anonymous namespace)::MuxSameSelSimplify, pyc::(anonymous namespace)::MuxI1ToLogic, pyc::(anonymous namespace)::AndBasicSimplify, pyc::(anonymous namespace)::OrBasicSimplify, pyc::(anonymous namespace)::OrAndXorFactor, pyc::(anonymous namespace)::VGetOfVCreate, pyc::(anonymous namespace)::VGetOfVBroadcast, pyc::(anonymous namespace)::VGetOfVectorMux, pyc::(anonymous namespace)::VCreateOfConsecutiveVGets, pyc::(anonymous namespace)::FoldVectorConstantLanes<pyc::AddOp>, pyc::(anonymous namespace)::FoldVectorConstantLanes<pyc::SubOp>, pyc::(anonymous namespace)::FoldVectorConstantLanes<pyc::MulOp>, pyc::(anonymous namespace)::FoldVectorConstantLanes<pyc::UdivOp>, pyc::(anonymous namespace)::FoldVectorConstantLanes<pyc::UremOp>, pyc::(anonymous namespace)::FoldVectorConstantLanes<pyc::SdivOp>, pyc::(anonymous namespace)::FoldVectorConstantLanes<pyc::SremOp>, pyc::(anonymous namespace)::FoldVectorConstantLanes<pyc::AndOp>, pyc::(anonymous namespace)::FoldVectorConstantLanes<pyc::OrOp>, pyc::(anonymous namespace)::FoldVectorConstantLanes<pyc::XorOp>, pyc::(anonymous namespace)::FoldVectorConstantLanes<pyc::EqOp>, pyc::(anonymous namespace)::FoldVectorConstantLanes<pyc::UltOp>, pyc::(anonymous namespace)::FoldVectorConstantLanes<pyc::SltOp>, pyc::(anonymous namespace)::FoldRank2ReduceLanes<pyc::VOrReduceOp>, pyc::(anonymous namespace)::FoldRank2ReduceLanes<pyc::VAndReduceOp>, pyc::(anonymous namespace)::FoldRank2ReduceLanes<pyc::VAddReduceOp>, pyc::(anonymous namespace)::VReduceOfVBroadcast<pyc::VOrReduceOp>, pyc::(anonymous namespace)::VReduceOfVBroadcast<pyc::VAndReduceOp>, pyc::(anonymous namespace)::VReduceSingleLaneDim<pyc::VOrReduceOp>, pyc::(anonymous namespace)::VReduceSingleLaneDim<pyc::VAndReduceOp>, pyc::(anonymous namespace)::VReduceSingleLaneDim<pyc::VAddReduceOp>, mlir::MLIRContext *, void>' requested here
  594 |     patterns.add<MuxSameSelSimplify,
      |              ^
/opt/homebrew/Cellar/llvm/22.1.8/include/mlir/IR/Builders.h:506:8: note: 'create' has been explicitly marked deprecated here
  506 |   OpTy create(Location location, Args &&...args) {
      |        ^
/Users/zhoubot/linx-isa/tools/pyCircuit/compiler/mlir/lib/Transforms/CombCanonicalizePass.cpp:163:32: warning: 'create<pyc::AddOp, mlir::Type &, mlir::Value &, mlir::Value &>' is deprecated: Use OpTy::create instead [-Wdeprecated-declarations]
  163 |       lanes.push_back(rewriter.create<OpT>(op.getLoc(), laneTy, lhs, rhs));
      |                                ^
/opt/homebrew/Cellar/llvm/22.1.8/include/mlir/IR/Builders.h:505:5: note: 'create<pyc::AddOp, mlir::Type &, mlir::Value &, mlir::Value &>' has been explicitly marked deprecated here
  505 |   [[deprecated("Use OpTy::create instead")]]
      |     ^
69 warnings generated.
[19/37] Building CXX object compiler/mlir/CMakeFiles/pyc_transforms.dir/lib/Transforms/EliminateDeadStatePass.cpp.o
[20/37] Building CXX object compiler/mlir/CMakeFiles/pyc_transforms.dir/lib/Transforms/EliminateWiresPass.cpp.o
/Users/zhoubot/linx-isa/tools/pyCircuit/compiler/mlir/lib/Transforms/EliminateWiresPass.cpp:115:28: warning: 'create' is deprecated: Use OpTy::create instead [-Wdeprecated-declarations]
  115 |       auto alias = builder.create<pyc::AliasOp>(w.getLoc(), src.getType(), src);
      |                            ^
/opt/homebrew/Cellar/llvm/22.1.8/include/mlir/IR/Builders.h:506:8: note: 'create' has been explicitly marked deprecated here
  506 |   OpTy create(Location location, Args &&...args) {
      |        ^
/Users/zhoubot/linx-isa/tools/pyCircuit/compiler/mlir/lib/Transforms/EliminateWiresPass.cpp:115:28: warning: 'create<pyc::AliasOp, mlir::Type, mlir::Value &>' is deprecated: Use OpTy::create instead [-Wdeprecated-declarations]
  115 |       auto alias = builder.create<pyc::AliasOp>(w.getLoc(), src.getType(), src);
      |                            ^
/opt/homebrew/Cellar/llvm/22.1.8/include/mlir/IR/Builders.h:505:5: note: 'create<pyc::AliasOp, mlir::Type, mlir::Value &>' has been explicitly marked deprecated here
  505 |   [[deprecated("Use OpTy::create instead")]]
      |     ^
2 warnings generated.
[21/37] Building CXX object compiler/mlir/CMakeFiles/pyc_transforms.dir/lib/Transforms/FlattenInstancesPass.cpp.o
[22/37] Building CXX object compiler/mlir/CMakeFiles/pyc_transforms.dir/lib/Transforms/InlineFunctionsPass.cpp.o
[23/37] Building CXX object compiler/mlir/CMakeFiles/pyc_transforms.dir/lib/Transforms/PackI1RegsPass.cpp.o
/Users/zhoubot/linx-isa/tools/pyCircuit/compiler/mlir/lib/Transforms/PackI1RegsPass.cpp:153:32: warning: 'create' is deprecated: Use OpTy::create instead [-Wdeprecated-declarations]
  153 |     Value nextPacked = builder.create<pyc::ConcatOp>(loc, packedTy, nextInputs).getResult();
      |                                ^
/opt/homebrew/Cellar/llvm/22.1.8/include/mlir/IR/Builders.h:506:8: note: 'create' has been explicitly marked deprecated here
  506 |   OpTy create(Location location, Args &&...args) {
      |        ^
/Users/zhoubot/linx-isa/tools/pyCircuit/compiler/mlir/lib/Transforms/PackI1RegsPass.cpp:153:32: warning: 'create<pyc::ConcatOp, mlir::Type &, llvm::SmallVector<mlir::Value> &>' is deprecated: Use OpTy::create instead [-Wdeprecated-declarations]
  153 |     Value nextPacked = builder.create<pyc::ConcatOp>(loc, packedTy, nextInputs).getResult();
      |                                ^
/opt/homebrew/Cellar/llvm/22.1.8/include/mlir/IR/Builders.h:505:5: note: 'create<pyc::ConcatOp, mlir::Type &, llvm::SmallVector<mlir::Value> &>' has been explicitly marked deprecated here
  505 |   [[deprecated("Use OpTy::create instead")]]
      |     ^
/Users/zhoubot/linx-isa/tools/pyCircuit/compiler/mlir/lib/Transforms/PackI1RegsPass.cpp:154:32: warning: 'create' is deprecated: Use OpTy::create instead [-Wdeprecated-declarations]
  154 |     Value initPacked = builder.create<pyc::ConcatOp>(loc, packedTy, initInputs).getResult();
      |                                ^
/opt/homebrew/Cellar/llvm/22.1.8/include/mlir/IR/Builders.h:506:8: note: 'create' has been explicitly marked deprecated here
  506 |   OpTy create(Location location, Args &&...args) {
      |        ^
/Users/zhoubot/linx-isa/tools/pyCircuit/compiler/mlir/lib/Transforms/PackI1RegsPass.cpp:154:32: warning: 'create<pyc::ConcatOp, mlir::Type &, llvm::SmallVector<mlir::Value> &>' is deprecated: Use OpTy::create instead [-Wdeprecated-declarations]
  154 |     Value initPacked = builder.create<pyc::ConcatOp>(loc, packedTy, initInputs).getResult();
      |                                ^
/opt/homebrew/Cellar/llvm/22.1.8/include/mlir/IR/Builders.h:505:5: note: 'create<pyc::ConcatOp, mlir::Type &, llvm::SmallVector<mlir::Value> &>' has been explicitly marked deprecated here
  505 |   [[deprecated("Use OpTy::create instead")]]
      |     ^
/Users/zhoubot/linx-isa/tools/pyCircuit/compiler/mlir/lib/Transforms/PackI1RegsPass.cpp:156:17: warning: 'create' is deprecated: Use OpTy::create instead [-Wdeprecated-declarations]
  156 |         builder.create<pyc::RegOp>(loc, packedTy, first.getClk(), first.getRst(), first.getEn(), nextPacked, initPacked);
      |                 ^
/opt/homebrew/Cellar/llvm/22.1.8/include/mlir/IR/Builders.h:506:8: note: 'create' has been explicitly marked deprecated here
  506 |   OpTy create(Location location, Args &&...args) {
      |        ^
/Users/zhoubot/linx-isa/tools/pyCircuit/compiler/mlir/lib/Transforms/PackI1RegsPass.cpp:156:17: warning: 'create<pyc::RegOp, mlir::Type &, mlir::detail::TypedValue<pyc::ClockType>, mlir::detail::TypedValue<pyc::ResetType>, mlir::detail::TypedValue<mlir::IntegerType>, mlir::Value &, mlir::Value &>' is deprecated: Use OpTy::create instead [-Wdeprecated-declarations]
  156 |         builder.create<pyc::RegOp>(loc, packedTy, first.getClk(), first.getRst(), first.getEn(), nextPacked, initPacked);
      |                 ^
/opt/homebrew/Cellar/llvm/22.1.8/include/mlir/IR/Builders.h:505:5: note: 'create<pyc::RegOp, mlir::Type &, mlir::detail::TypedValue<pyc::ClockType>, mlir::detail::TypedValue<pyc::ResetType>, mlir::detail::TypedValue<mlir::IntegerType>, mlir::Value &, mlir::Value &>' has been explicitly marked deprecated here
  505 |   [[deprecated("Use OpTy::create instead")]]
      |     ^
/Users/zhoubot/linx-isa/tools/pyCircuit/compiler/mlir/lib/Transforms/PackI1RegsPass.cpp:162:26: warning: 'create' is deprecated: Use OpTy::create instead [-Wdeprecated-declarations]
  162 |       auto ext = builder.create<pyc::ExtractOp>(
      |                          ^
/opt/homebrew/Cellar/llvm/22.1.8/include/mlir/IR/Builders.h:506:8: note: 'create' has been explicitly marked deprecated here
  506 |   OpTy create(Location location, Args &&...args) {
      |        ^
/Users/zhoubot/linx-isa/tools/pyCircuit/compiler/mlir/lib/Transforms/PackI1RegsPass.cpp:162:26: warning: 'create<pyc::ExtractOp, mlir::Type &, mlir::Value, mlir::IntegerAttr, mlir::IntegerAttr>' is deprecated: Use OpTy::create instead [-Wdeprecated-declarations]
  162 |       auto ext = builder.create<pyc::ExtractOp>(
      |                          ^
/opt/homebrew/Cellar/llvm/22.1.8/include/mlir/IR/Builders.h:505:5: note: 'create<pyc::ExtractOp, mlir::Type &, mlir::Value, mlir::IntegerAttr, mlir::IntegerAttr>' has been explicitly marked deprecated here
  505 |   [[deprecated("Use OpTy::create instead")]]
      |     ^
/Users/zhoubot/linx-isa/tools/pyCircuit/compiler/mlir/lib/Transforms/PackI1RegsPass.cpp:200:31: warning: 'create' is deprecated: Use OpTy::create instead [-Wdeprecated-declarations]
  200 |       auto newAlias = builder.create<pyc::AliasOp>(a.getLoc(), bitTy, bits[*idx]);
      |                               ^
/opt/homebrew/Cellar/llvm/22.1.8/include/mlir/IR/Builders.h:506:8: note: 'create' has been explicitly marked deprecated here
  506 |   OpTy create(Location location, Args &&...args) {
      |        ^
/Users/zhoubot/linx-isa/tools/pyCircuit/compiler/mlir/lib/Transforms/PackI1RegsPass.cpp:200:31: warning: 'create<pyc::AliasOp, mlir::Type &, mlir::Value &>' is deprecated: Use OpTy::create instead [-Wdeprecated-declarations]
  200 |       auto newAlias = builder.create<pyc::AliasOp>(a.getLoc(), bitTy, bits[*idx]);
      |                               ^
/opt/homebrew/Cellar/llvm/22.1.8/include/mlir/IR/Builders.h:505:5: note: 'create<pyc::AliasOp, mlir::Type &, mlir::Value &>' has been explicitly marked deprecated here
  505 |   [[deprecated("Use OpTy::create instead")]]
      |     ^
10 warnings generated.
[24/37] Building CXX object compiler/mlir/CMakeFiles/pyc_transforms.dir/lib/Transforms/PrunePortsPass.cpp.o
/Users/zhoubot/linx-isa/tools/pyCircuit/compiler/mlir/lib/Transforms/PrunePortsPass.cpp:66:24: warning: 'create' is deprecated: Use OpTy::create instead [-Wdeprecated-declarations]
   66 |       auto newCall = b.create<func::CallOp>(call.getLoc(), call.getCalleeAttr(), call.getResultTypes(), newOperands);
      |                        ^
/opt/homebrew/Cellar/llvm/22.1.8/include/mlir/IR/Builders.h:506:8: note: 'create' has been explicitly marked deprecated here
  506 |   OpTy create(Location location, Args &&...args) {
      |        ^
/Users/zhoubot/linx-isa/tools/pyCircuit/compiler/mlir/lib/Transforms/PrunePortsPass.cpp:66:24: warning: 'create<mlir::func::CallOp, mlir::FlatSymbolRefAttr, mlir::ValueTypeRange<mlir::ResultRange>, llvm::SmallVector<mlir::Value> &>' is deprecated: Use OpTy::create instead [-Wdeprecated-declarations]
   66 |       auto newCall = b.create<func::CallOp>(call.getLoc(), call.getCalleeAttr(), call.getResultTypes(), newOperands);
      |                        ^
/opt/homebrew/Cellar/llvm/22.1.8/include/mlir/IR/Builders.h:505:5: note: 'create<mlir::func::CallOp, mlir::FlatSymbolRefAttr, mlir::ValueTypeRange<mlir::ResultRange>, llvm::SmallVector<mlir::Value> &>' has been explicitly marked deprecated here
  505 |   [[deprecated("Use OpTy::create instead")]]
      |     ^
2 warnings generated.
[25/37] Building CXX object compiler/mlir/CMakeFiles/pyc_dialect.dir/lib/Dialect/PYC/PYCDialect.cpp.o
/Users/zhoubot/linx-isa/tools/pyCircuit/compiler/mlir/lib/Dialect/PYC/PYCDialect.cpp:25:18: warning: 'create' is deprecated: Use OpTy::create instead [-Wdeprecated-declarations]
   25 |   return builder.create<pyc::ConstantOp>(loc, intTy, IntegerAttr::get(intTy, v));
      |                  ^
/opt/homebrew/Cellar/llvm/22.1.8/include/mlir/IR/Builders.h:506:8: note: 'create' has been explicitly marked deprecated here
  506 |   OpTy create(Location location, Args &&...args) {
      |        ^
/Users/zhoubot/linx-isa/tools/pyCircuit/compiler/mlir/lib/Dialect/PYC/PYCDialect.cpp:25:18: warning: 'create<pyc::ConstantOp, mlir::IntegerType &, mlir::IntegerAttr>' is deprecated: Use OpTy::create instead [-Wdeprecated-declarations]
   25 |   return builder.create<pyc::ConstantOp>(loc, intTy, IntegerAttr::get(intTy, v));
      |                  ^
/opt/homebrew/Cellar/llvm/22.1.8/include/mlir/IR/Builders.h:505:5: note: 'create<pyc::ConstantOp, mlir::IntegerType &, mlir::IntegerAttr>' has been explicitly marked deprecated here
  505 |   [[deprecated("Use OpTy::create instead")]]
      |     ^
2 warnings generated.
[26/37] Building CXX object compiler/mlir/CMakeFiles/pyc_transforms.dir/lib/Transforms/FuseCombPass.cpp.o
/Users/zhoubot/linx-isa/tools/pyCircuit/compiler/mlir/lib/Transforms/FuseCombPass.cpp:143:25: warning: 'create' is deprecated: Use OpTy::create instead [-Wdeprecated-declarations]
  143 |     auto comb = builder.create<pyc::CombOp>(run.front()->getLoc(), outTypes, inputs);
      |                         ^
/opt/homebrew/Cellar/llvm/22.1.8/include/mlir/IR/Builders.h:506:8: note: 'create' has been explicitly marked deprecated here
  506 |   OpTy create(Location location, Args &&...args) {
      |        ^
/Users/zhoubot/linx-isa/tools/pyCircuit/compiler/mlir/lib/Transforms/FuseCombPass.cpp:143:25: warning: 'create<pyc::CombOp, llvm::SmallVector<mlir::Type> &, llvm::SmallVector<mlir::Value> &>' is deprecated: Use OpTy::create instead [-Wdeprecated-declarations]
  143 |     auto comb = builder.create<pyc::CombOp>(run.front()->getLoc(), outTypes, inputs);
      |                         ^
/opt/homebrew/Cellar/llvm/22.1.8/include/mlir/IR/Builders.h:505:5: note: 'create<pyc::CombOp, llvm::SmallVector<mlir::Type> &, llvm::SmallVector<mlir::Value> &>' has been explicitly marked deprecated here
  505 |   [[deprecated("Use OpTy::create instead")]]
      |     ^
/Users/zhoubot/linx-isa/tools/pyCircuit/compiler/mlir/lib/Transforms/FuseCombPass.cpp:167:13: warning: 'create' is deprecated: Use OpTy::create instead [-Wdeprecated-declarations]
  167 |     builder.create<pyc::YieldOp>(comb.getLoc(), yieldVals);
      |             ^
/opt/homebrew/Cellar/llvm/22.1.8/include/mlir/IR/Builders.h:506:8: note: 'create' has been explicitly marked deprecated here
  506 |   OpTy create(Location location, Args &&...args) {
      |        ^
/Users/zhoubot/linx-isa/tools/pyCircuit/compiler/mlir/lib/Transforms/FuseCombPass.cpp:167:13: warning: 'create<pyc::YieldOp, llvm::SmallVector<mlir::Value> &>' is deprecated: Use OpTy::create instead [-Wdeprecated-declarations]
  167 |     builder.create<pyc::YieldOp>(comb.getLoc(), yieldVals);
      |             ^
/opt/homebrew/Cellar/llvm/22.1.8/include/mlir/IR/Builders.h:505:5: note: 'create<pyc::YieldOp, llvm::SmallVector<mlir::Value> &>' has been explicitly marked deprecated here
  505 |   [[deprecated("Use OpTy::create instead")]]
      |     ^
4 warnings generated.
[27/37] Building CXX object compiler/mlir/CMakeFiles/pyc_transforms.dir/lib/Transforms/SLPPackWiresPass.cpp.o
/Users/zhoubot/linx-isa/tools/pyCircuit/compiler/mlir/lib/Transforms/SLPPackWiresPass.cpp:23:19: warning: 'create' is deprecated: Use OpTy::create instead [-Wdeprecated-declarations]
   23 |   return rewriter.create<pyc::VCreateOp>(loc, vectorTypeLike(resultVT, laneTy), lanes);
      |                   ^
/opt/homebrew/Cellar/llvm/22.1.8/include/mlir/IR/Builders.h:506:8: note: 'create' has been explicitly marked deprecated here
  506 |   OpTy create(Location location, Args &&...args) {
      |        ^
/Users/zhoubot/linx-isa/tools/pyCircuit/compiler/mlir/lib/Transforms/SLPPackWiresPass.cpp:23:19: warning: 'create<pyc::VCreateOp, mlir::VectorType, llvm::ArrayRef<mlir::Value> &>' is deprecated: Use OpTy::create instead [-Wdeprecated-declarations]
   23 |   return rewriter.create<pyc::VCreateOp>(loc, vectorTypeLike(resultVT, laneTy), lanes);
      |                   ^
/opt/homebrew/Cellar/llvm/22.1.8/include/mlir/IR/Builders.h:505:5: note: 'create<pyc::VCreateOp, mlir::VectorType, llvm::ArrayRef<mlir::Value> &>' has been explicitly marked deprecated here
  505 |   [[deprecated("Use OpTy::create instead")]]
      |     ^
/Users/zhoubot/linx-isa/tools/pyCircuit/compiler/mlir/lib/Transforms/SLPPackWiresPass.cpp:132:16: warning: 'applyPatternsAndFoldGreedily' is deprecated: Use applyPatternsGreedily() instead [-Wdeprecated-declarations]
  132 |     if (failed(applyPatternsAndFoldGreedily(f, std::move(patterns), cfg)))
      |                ^~~~~~~~~~~~~~~~~~~~~~~~~~~~
      |                applyPatternsGreedily
/opt/homebrew/Cellar/llvm/22.1.8/include/mlir/Transforms/GreedyPatternRewriteDriver.h:234:1: note: 'applyPatternsAndFoldGreedily' has been explicitly marked deprecated here
  234 | LLVM_DEPRECATED("Use applyPatternsGreedily() instead", "applyPatternsGreedily")
      | ^
/opt/homebrew/Cellar/llvm/22.1.8/include/llvm/Support/Compiler.h:250:50: note: expanded from macro 'LLVM_DEPRECATED'
  250 | #define LLVM_DEPRECATED(MSG, FIX) __attribute__((deprecated(MSG, FIX)))
      |                                                  ^
3 warnings generated.
[28/37] Building CXX object compiler/mlir/CMakeFiles/pyc_transforms.dir/lib/Transforms/LowerSCFToPYCStaticPass.cpp.o
/Users/zhoubot/linx-isa/tools/pyCircuit/compiler/mlir/lib/Transforms/LowerSCFToPYCStaticPass.cpp:215:30: warning: 'create' is deprecated: Use OpTy::create instead [-Wdeprecated-declarations]
  215 |     muxed.push_back(rewriter.create<pyc::MuxOp>(op.getLoc(), ty, op.getCondition(), tv, ev));
      |                              ^
/opt/homebrew/Cellar/llvm/22.1.8/include/mlir/IR/Builders.h:506:8: note: 'create' has been explicitly marked deprecated here
  506 |   OpTy create(Location location, Args &&...args) {
      |        ^
/Users/zhoubot/linx-isa/tools/pyCircuit/compiler/mlir/lib/Transforms/LowerSCFToPYCStaticPass.cpp:215:30: warning: 'create<pyc::MuxOp, mlir::Type &, mlir::detail::TypedValue<mlir::IntegerType>, mlir::Value &, mlir::Value &>' is deprecated: Use OpTy::create instead [-Wdeprecated-declarations]
  215 |     muxed.push_back(rewriter.create<pyc::MuxOp>(op.getLoc(), ty, op.getCondition(), tv, ev));
      |                              ^
/opt/homebrew/Cellar/llvm/22.1.8/include/mlir/IR/Builders.h:505:5: note: 'create<pyc::MuxOp, mlir::Type &, mlir::detail::TypedValue<mlir::IntegerType>, mlir::Value &, mlir::Value &>' has been explicitly marked deprecated here
  505 |   [[deprecated("Use OpTy::create instead")]]
      |     ^
2 warnings generated.
[29/37] Building CXX object compiler/mlir/CMakeFiles/pyc_transforms.dir/lib/Transforms/SelectRtlPrimitivesPass.cpp.o
[30/37] Building CXX object compiler/mlir/CMakeFiles/pyc_transforms.dir/lib/Transforms/VectorUnrollPass.cpp.o
/Users/zhoubot/linx-isa/tools/pyCircuit/compiler/mlir/lib/Transforms/VectorUnrollPass.cpp:49:19: warning: 'create' is deprecated: Use OpTy::create instead [-Wdeprecated-declarations]
   49 |     cur = builder.create<pyc::VGetOp>(loc, resultTy, cur, idxAttr);
      |                   ^
/opt/homebrew/Cellar/llvm/22.1.8/include/mlir/IR/Builders.h:506:8: note: 'create' has been explicitly marked deprecated here
  506 |   OpTy create(Location location, Args &&...args) {
      |        ^
/Users/zhoubot/linx-isa/tools/pyCircuit/compiler/mlir/lib/Transforms/VectorUnrollPass.cpp:49:19: warning: 'create<pyc::VGetOp, mlir::Type &, mlir::Value &, mlir::IntegerAttr &>' is deprecated: Use OpTy::create instead [-Wdeprecated-declarations]
   49 |     cur = builder.create<pyc::VGetOp>(loc, resultTy, cur, idxAttr);
      |                   ^
/opt/homebrew/Cellar/llvm/22.1.8/include/mlir/IR/Builders.h:505:5: note: 'create<pyc::VGetOp, mlir::Type &, mlir::Value &, mlir::IntegerAttr &>' has been explicitly marked deprecated here
  505 |   [[deprecated("Use OpTy::create instead")]]
      |     ^
/Users/zhoubot/linx-isa/tools/pyCircuit/compiler/mlir/lib/Transforms/VectorUnrollPass.cpp:59:20: warning: 'create' is deprecated: Use OpTy::create instead [-Wdeprecated-declarations]
   59 |     return builder.create<pyc::VCreateOp>(loc, vecTy, lanes);
      |                    ^
/opt/homebrew/Cellar/llvm/22.1.8/include/mlir/IR/Builders.h:506:8: note: 'create' has been explicitly marked deprecated here
  506 |   OpTy create(Location location, Args &&...args) {
      |        ^
/Users/zhoubot/linx-isa/tools/pyCircuit/compiler/mlir/lib/Transforms/VectorUnrollPass.cpp:59:20: warning: 'create<pyc::VCreateOp, mlir::Type &, llvm::SmallVectorImpl<mlir::Value> &>' is deprecated: Use OpTy::create instead [-Wdeprecated-declarations]
   59 |     return builder.create<pyc::VCreateOp>(loc, vecTy, lanes);
      |                    ^
/opt/homebrew/Cellar/llvm/22.1.8/include/mlir/IR/Builders.h:505:5: note: 'create<pyc::VCreateOp, mlir::Type &, llvm::SmallVectorImpl<mlir::Value> &>' has been explicitly marked deprecated here
  505 |   [[deprecated("Use OpTy::create instead")]]
      |     ^
/Users/zhoubot/linx-isa/tools/pyCircuit/compiler/mlir/lib/Transforms/VectorUnrollPass.cpp:69:18: warning: 'create' is deprecated: Use OpTy::create instead [-Wdeprecated-declarations]
   69 |   return builder.create<pyc::VCreateOp>(loc, vecTy, rows);
      |                  ^
/opt/homebrew/Cellar/llvm/22.1.8/include/mlir/IR/Builders.h:506:8: note: 'create' has been explicitly marked deprecated here
  506 |   OpTy create(Location location, Args &&...args) {
      |        ^
/Users/zhoubot/linx-isa/tools/pyCircuit/compiler/mlir/lib/Transforms/VectorUnrollPass.cpp:69:18: warning: 'create<pyc::VCreateOp, mlir::Type &, llvm::SmallVector<mlir::Value> &>' is deprecated: Use OpTy::create instead [-Wdeprecated-declarations]
   69 |   return builder.create<pyc::VCreateOp>(loc, vecTy, rows);
      |                  ^
/opt/homebrew/Cellar/llvm/22.1.8/include/mlir/IR/Builders.h:505:5: note: 'create<pyc::VCreateOp, mlir::Type &, llvm::SmallVector<mlir::Value> &>' has been explicitly marked deprecated here
  505 |   [[deprecated("Use OpTy::create instead")]]
      |     ^
/Users/zhoubot/linx-isa/tools/pyCircuit/compiler/mlir/lib/Transforms/VectorUnrollPass.cpp:103:20: warning: 'create' is deprecated: Use OpTy::create instead [-Wdeprecated-declarations]
  103 |     return builder.create<pyc::VCreateOp>(loc, vt, lanes);
      |                    ^
/opt/homebrew/Cellar/llvm/22.1.8/include/mlir/IR/Builders.h:506:8: note: 'create' has been explicitly marked deprecated here
  506 |   OpTy create(Location location, Args &&...args) {
      |        ^
/Users/zhoubot/linx-isa/tools/pyCircuit/compiler/mlir/lib/Transforms/VectorUnrollPass.cpp:103:20: warning: 'create<pyc::VCreateOp, mlir::VectorType &, llvm::SmallVector<mlir::Value> &>' is deprecated: Use OpTy::create instead [-Wdeprecated-declarations]
  103 |     return builder.create<pyc::VCreateOp>(loc, vt, lanes);
      |                    ^
/opt/homebrew/Cellar/llvm/22.1.8/include/mlir/IR/Builders.h:505:5: note: 'create<pyc::VCreateOp, mlir::VectorType &, llvm::SmallVector<mlir::Value> &>' has been explicitly marked deprecated here
  505 |   [[deprecated("Use OpTy::create instead")]]
      |     ^
/Users/zhoubot/linx-isa/tools/pyCircuit/compiler/mlir/lib/Transforms/VectorUnrollPass.cpp:123:57: warning: 'create' is deprecated: Use OpTy::create instead [-Wdeprecated-declarations]
  123 |     reducePair = [&](Value a, Value b) { return builder.create<pyc::OrOp>(loc, leafTy, a, b); };
      |                                                         ^
/opt/homebrew/Cellar/llvm/22.1.8/include/mlir/IR/Builders.h:506:8: note: 'create' has been explicitly marked deprecated here
  506 |   OpTy create(Location location, Args &&...args) {
      |        ^
/Users/zhoubot/linx-isa/tools/pyCircuit/compiler/mlir/lib/Transforms/VectorUnrollPass.cpp:123:57: warning: 'create<pyc::OrOp, mlir::Type &, mlir::Value &, mlir::Value &>' is deprecated: Use OpTy::create instead [-Wdeprecated-declarations]
  123 |     reducePair = [&](Value a, Value b) { return builder.create<pyc::OrOp>(loc, leafTy, a, b); };
      |                                                         ^
/opt/homebrew/Cellar/llvm/22.1.8/include/mlir/IR/Builders.h:505:5: note: 'create<pyc::OrOp, mlir::Type &, mlir::Value &, mlir::Value &>' has been explicitly marked deprecated here
  505 |   [[deprecated("Use OpTy::create instead")]]
      |     ^
/Users/zhoubot/linx-isa/tools/pyCircuit/compiler/mlir/lib/Transforms/VectorUnrollPass.cpp:125:57: warning: 'create' is deprecated: Use OpTy::create instead [-Wdeprecated-declarations]
  125 |     reducePair = [&](Value a, Value b) { return builder.create<pyc::AndOp>(loc, leafTy, a, b); };
      |                                                         ^
/opt/homebrew/Cellar/llvm/22.1.8/include/mlir/IR/Builders.h:506:8: note: 'create' has been explicitly marked deprecated here
  506 |   OpTy create(Location location, Args &&...args) {
      |        ^
/Users/zhoubot/linx-isa/tools/pyCircuit/compiler/mlir/lib/Transforms/VectorUnrollPass.cpp:125:57: warning: 'create<pyc::AndOp, mlir::Type &, mlir::Value &, mlir::Value &>' is deprecated: Use OpTy::create instead [-Wdeprecated-declarations]
  125 |     reducePair = [&](Value a, Value b) { return builder.create<pyc::AndOp>(loc, leafTy, a, b); };
      |                                                         ^
/opt/homebrew/Cellar/llvm/22.1.8/include/mlir/IR/Builders.h:505:5: note: 'create<pyc::AndOp, mlir::Type &, mlir::Value &, mlir::Value &>' has been explicitly marked deprecated here
  505 |   [[deprecated("Use OpTy::create instead")]]
      |     ^
/Users/zhoubot/linx-isa/tools/pyCircuit/compiler/mlir/lib/Transforms/VectorUnrollPass.cpp:127:57: warning: 'create' is deprecated: Use OpTy::create instead [-Wdeprecated-declarations]
  127 |     reducePair = [&](Value a, Value b) { return builder.create<pyc::AddOp>(loc, leafTy, a, b); };
      |                                                         ^
/opt/homebrew/Cellar/llvm/22.1.8/include/mlir/IR/Builders.h:506:8: note: 'create' has been explicitly marked deprecated here
  506 |   OpTy create(Location location, Args &&...args) {
      |        ^
/Users/zhoubot/linx-isa/tools/pyCircuit/compiler/mlir/lib/Transforms/VectorUnrollPass.cpp:127:57: warning: 'create<pyc::AddOp, mlir::Type &, mlir::Value &, mlir::Value &>' is deprecated: Use OpTy::create instead [-Wdeprecated-declarations]
  127 |     reducePair = [&](Value a, Value b) { return builder.create<pyc::AddOp>(loc, leafTy, a, b); };
      |                                                         ^
/opt/homebrew/Cellar/llvm/22.1.8/include/mlir/IR/Builders.h:505:5: note: 'create<pyc::AddOp, mlir::Type &, mlir::Value &, mlir::Value &>' has been explicitly marked deprecated here
  505 |   [[deprecated("Use OpTy::create instead")]]
      |     ^
/Users/zhoubot/linx-isa/tools/pyCircuit/compiler/mlir/lib/Transforms/VectorUnrollPass.cpp:181:20: warning: 'create' is deprecated: Use OpTy::create instead [-Wdeprecated-declarations]
  181 |     return builder.create<pyc::VCreateOp>(loc, VectorType::get({cols}, leafTy), resultLanes);
      |                    ^
/opt/homebrew/Cellar/llvm/22.1.8/include/mlir/IR/Builders.h:506:8: note: 'create' has been explicitly marked deprecated here
  506 |   OpTy create(Location location, Args &&...args) {
      |        ^
/Users/zhoubot/linx-isa/tools/pyCircuit/compiler/mlir/lib/Transforms/VectorUnrollPass.cpp:181:20: warning: 'create<pyc::VCreateOp, mlir::VectorType, llvm::SmallVector<mlir::Value> &>' is deprecated: Use OpTy::create instead [-Wdeprecated-declarations]
  181 |     return builder.create<pyc::VCreateOp>(loc, VectorType::get({cols}, leafTy), resultLanes);
      |                    ^
/opt/homebrew/Cellar/llvm/22.1.8/include/mlir/IR/Builders.h:505:5: note: 'create<pyc::VCreateOp, mlir::VectorType, llvm::SmallVector<mlir::Value> &>' has been explicitly marked deprecated here
  505 |   [[deprecated("Use OpTy::create instead")]]
      |     ^
/Users/zhoubot/linx-isa/tools/pyCircuit/compiler/mlir/lib/Transforms/VectorUnrollPass.cpp:190:20: warning: 'create' is deprecated: Use OpTy::create instead [-Wdeprecated-declarations]
  190 |     return builder.create<pyc::VCreateOp>(loc, VectorType::get({rows}, leafTy), resultLanes);
      |                    ^
/opt/homebrew/Cellar/llvm/22.1.8/include/mlir/IR/Builders.h:506:8: note: 'create' has been explicitly marked deprecated here
  506 |   OpTy create(Location location, Args &&...args) {
      |        ^
/Users/zhoubot/linx-isa/tools/pyCircuit/compiler/mlir/lib/Transforms/VectorUnrollPass.cpp:190:20: warning: 'create<pyc::VCreateOp, mlir::VectorType, llvm::SmallVector<mlir::Value> &>' is deprecated: Use OpTy::create instead [-Wdeprecated-declarations]
  190 |     return builder.create<pyc::VCreateOp>(loc, VectorType::get({rows}, leafTy), resultLanes);
      |                    ^
/opt/homebrew/Cellar/llvm/22.1.8/include/mlir/IR/Builders.h:505:5: note: 'create<pyc::VCreateOp, mlir::VectorType, llvm::SmallVector<mlir::Value> &>' has been explicitly marked deprecated here
  505 |   [[deprecated("Use OpTy::create instead")]]
      |     ^
/Users/zhoubot/linx-isa/tools/pyCircuit/compiler/mlir/lib/Transforms/VectorUnrollPass.cpp:198:18: warning: 'create' is deprecated: Use OpTy::create instead [-Wdeprecated-declarations]
  198 |   return builder.create<pyc::VCreateOp>(op.getLoc(), vt, elements);
      |                  ^
/opt/homebrew/Cellar/llvm/22.1.8/include/mlir/IR/Builders.h:506:8: note: 'create' has been explicitly marked deprecated here
  506 |   OpTy create(Location location, Args &&...args) {
      |        ^
/Users/zhoubot/linx-isa/tools/pyCircuit/compiler/mlir/lib/Transforms/VectorUnrollPass.cpp:198:18: warning: 'create<pyc::VCreateOp, mlir::VectorType &, llvm::SmallVector<mlir::Value> &>' is deprecated: Use OpTy::create instead [-Wdeprecated-declarations]
  198 |   return builder.create<pyc::VCreateOp>(op.getLoc(), vt, elements);
      |                  ^
/opt/homebrew/Cellar/llvm/22.1.8/include/mlir/IR/Builders.h:505:5: note: 'create<pyc::VCreateOp, mlir::VectorType &, llvm::SmallVector<mlir::Value> &>' has been explicitly marked deprecated here
  505 |   [[deprecated("Use OpTy::create instead")]]
      |     ^
/Users/zhoubot/linx-isa/tools/pyCircuit/compiler/mlir/lib/Transforms/VectorUnrollPass.cpp:220:20: warning: 'create' is deprecated: Use OpTy::create instead [-Wdeprecated-declarations]
  220 |     return builder.create<pyc::VCreateOp>(op.getLoc(), dstVT, lanes);
      |                    ^
/opt/homebrew/Cellar/llvm/22.1.8/include/mlir/IR/Builders.h:506:8: note: 'create' has been explicitly marked deprecated here
  506 |   OpTy create(Location location, Args &&...args) {
      |        ^
/Users/zhoubot/linx-isa/tools/pyCircuit/compiler/mlir/lib/Transforms/VectorUnrollPass.cpp:220:20: warning: 'create<pyc::VCreateOp, mlir::VectorType &, llvm::SmallVector<mlir::Value> &>' is deprecated: Use OpTy::create instead [-Wdeprecated-declarations]
  220 |     return builder.create<pyc::VCreateOp>(op.getLoc(), dstVT, lanes);
      |                    ^
/opt/homebrew/Cellar/llvm/22.1.8/include/mlir/IR/Builders.h:505:5: note: 'create<pyc::VCreateOp, mlir::VectorType &, llvm::SmallVector<mlir::Value> &>' has been explicitly marked deprecated here
  505 |   [[deprecated("Use OpTy::create instead")]]
      |     ^
/Users/zhoubot/linx-isa/tools/pyCircuit/compiler/mlir/lib/Transforms/VectorUnrollPass.cpp:203:8: warning: unused variable 'srcVT' [-Wunused-variable]
  203 |   auto srcVT = cast<VectorType>(op.getVec().getType());
      |        ^~~~~
/Users/zhoubot/linx-isa/tools/pyCircuit/compiler/mlir/lib/Transforms/VectorUnrollPass.cpp:238:22: warning: 'create' is deprecated: Use OpTy::create instead [-Wdeprecated-declarations]
  238 |     auto w = builder.create<pyc::WireOp>(op.getLoc(), vt.getElementType());
      |                      ^
/opt/homebrew/Cellar/llvm/22.1.8/include/mlir/IR/Builders.h:506:8: note: 'create' has been explicitly marked deprecated here
  506 |   OpTy create(Location location, Args &&...args) {
      |        ^
/Users/zhoubot/linx-isa/tools/pyCircuit/compiler/mlir/lib/Transforms/VectorUnrollPass.cpp:238:22: warning: 'create<pyc::WireOp, mlir::Type>' is deprecated: Use OpTy::create instead [-Wdeprecated-declarations]
  238 |     auto w = builder.create<pyc::WireOp>(op.getLoc(), vt.getElementType());
      |                      ^
/opt/homebrew/Cellar/llvm/22.1.8/include/mlir/IR/Builders.h:505:5: note: 'create<pyc::WireOp, mlir::Type>' has been explicitly marked deprecated here
  505 |   [[deprecated("Use OpTy::create instead")]]
      |     ^
/Users/zhoubot/linx-isa/tools/pyCircuit/compiler/mlir/lib/Transforms/VectorUnrollPass.cpp:242:17: warning: 'create' is deprecated: Use OpTy::create instead [-Wdeprecated-declarations]
  242 |       ? builder.create<pyc::VCreateOp>(op.getLoc(), vt, lanes)
      |                 ^
/opt/homebrew/Cellar/llvm/22.1.8/include/mlir/IR/Builders.h:506:8: note: 'create' has been explicitly marked deprecated here
  506 |   OpTy create(Location location, Args &&...args) {
      |        ^
/Users/zhoubot/linx-isa/tools/pyCircuit/compiler/mlir/lib/Transforms/VectorUnrollPass.cpp:242:17: warning: 'create<pyc::VCreateOp, mlir::VectorType &, llvm::SmallVector<mlir::Value> &>' is deprecated: Use OpTy::create instead [-Wdeprecated-declarations]
  242 |       ? builder.create<pyc::VCreateOp>(op.getLoc(), vt, lanes)
      |                 ^
/opt/homebrew/Cellar/llvm/22.1.8/include/mlir/IR/Builders.h:505:5: note: 'create<pyc::VCreateOp, mlir::VectorType &, llvm::SmallVector<mlir::Value> &>' has been explicitly marked deprecated here
  505 |   [[deprecated("Use OpTy::create instead")]]
      |     ^
/Users/zhoubot/linx-isa/tools/pyCircuit/compiler/mlir/lib/Transforms/VectorUnrollPass.cpp:267:13: warning: 'create' is deprecated: Use OpTy::create instead [-Wdeprecated-declarations]
  267 |     builder.create<pyc::AssignOp>(op.getLoc(), dstL, srcL);
      |             ^
/opt/homebrew/Cellar/llvm/22.1.8/include/mlir/IR/Builders.h:506:8: note: 'create' has been explicitly marked deprecated here
  506 |   OpTy create(Location location, Args &&...args) {
      |        ^
/Users/zhoubot/linx-isa/tools/pyCircuit/compiler/mlir/lib/Transforms/VectorUnrollPass.cpp:267:13: warning: 'create<pyc::AssignOp, mlir::Value &, mlir::Value &>' is deprecated: Use OpTy::create instead [-Wdeprecated-declarations]
  267 |     builder.create<pyc::AssignOp>(op.getLoc(), dstL, srcL);
      |             ^
/opt/homebrew/Cellar/llvm/22.1.8/include/mlir/IR/Builders.h:505:5: note: 'create<pyc::AssignOp, mlir::Value &, mlir::Value &>' has been explicitly marked deprecated here
  505 |   [[deprecated("Use OpTy::create instead")]]
      |     ^
/Users/zhoubot/linx-isa/tools/pyCircuit/compiler/mlir/lib/Transforms/VectorUnrollPass.cpp:283:30: warning: 'create' is deprecated: Use OpTy::create instead [-Wdeprecated-declarations]
  283 |     qLanes.push_back(builder.create<pyc::RegOp>(op.getLoc(), vt.getElementType(),
      |                              ^
/opt/homebrew/Cellar/llvm/22.1.8/include/mlir/IR/Builders.h:506:8: note: 'create' has been explicitly marked deprecated here
  506 |   OpTy create(Location location, Args &&...args) {
      |        ^
/Users/zhoubot/linx-isa/tools/pyCircuit/compiler/mlir/lib/Transforms/VectorUnrollPass.cpp:283:30: warning: 'create<pyc::RegOp, mlir::Type, mlir::Value &, mlir::Value &, mlir::Value &, mlir::Value &, mlir::Value &>' is deprecated: Use OpTy::create instead [-Wdeprecated-declarations]
  283 |     qLanes.push_back(builder.create<pyc::RegOp>(op.getLoc(), vt.getElementType(),
      |                              ^
/opt/homebrew/Cellar/llvm/22.1.8/include/mlir/IR/Builders.h:505:5: note: 'create<pyc::RegOp, mlir::Type, mlir::Value &, mlir::Value &, mlir::Value &, mlir::Value &, mlir::Value &>' has been explicitly marked deprecated here
  505 |   [[deprecated("Use OpTy::create instead")]]
      |     ^
/Users/zhoubot/linx-isa/tools/pyCircuit/compiler/mlir/lib/Transforms/VectorUnrollPass.cpp:287:17: warning: 'create' is deprecated: Use OpTy::create instead [-Wdeprecated-declarations]
  287 |       ? builder.create<pyc::VCreateOp>(op.getLoc(), vt, qLanes)
      |                 ^
/opt/homebrew/Cellar/llvm/22.1.8/include/mlir/IR/Builders.h:506:8: note: 'create' has been explicitly marked deprecated here
  506 |   OpTy create(Location location, Args &&...args) {
      |        ^
/Users/zhoubot/linx-isa/tools/pyCircuit/compiler/mlir/lib/Transforms/VectorUnrollPass.cpp:287:17: warning: 'create<pyc::VCreateOp, mlir::VectorType &, llvm::SmallVector<mlir::Value> &>' is deprecated: Use OpTy::create instead [-Wdeprecated-declarations]
  287 |       ? builder.create<pyc::VCreateOp>(op.getLoc(), vt, qLanes)
      |                 ^
/opt/homebrew/Cellar/llvm/22.1.8/include/mlir/IR/Builders.h:505:5: note: 'create<pyc::VCreateOp, mlir::VectorType &, llvm::SmallVector<mlir::Value> &>' has been explicitly marked deprecated here
  505 |   [[deprecated("Use OpTy::create instead")]]
      |     ^
33 warnings generated.
[31/37] Building CXX object compiler/mlir/CMakeFiles/pycc.dir/lib/Emit/VerilogEmitter.cpp.o
[32/37] Building CXX object compiler/mlir/CMakeFiles/pyc_dialect.dir/lib/Dialect/PYC/PYCOps.cpp.o
[33/37] Linking CXX static library compiler/mlir/libpyc_dialect.a
[34/37] Linking CXX static library compiler/mlir/libpyc_transforms.a
[35/37] Building CXX object compiler/mlir/CMakeFiles/pycc.dir/tools/pycc.cpp.o
[36/37] Building CXX object compiler/mlir/CMakeFiles/pycc.dir/lib/Emit/CppEmitter.cpp.o
[37/37] Linking CXX executable bin/pycc
ld: warning: ignoring duplicate libraries: '/opt/homebrew/Cellar/llvm/22.1.8/lib/libLLVMSupport.a', '/opt/homebrew/Cellar/llvm/22.1.8/lib/libMLIRArithDialect.a', '/opt/homebrew/Cellar/llvm/22.1.8/lib/libMLIRFuncDialect.a', '/opt/homebrew/Cellar/llvm/22.1.8/lib/libMLIRIR.a', '/opt/homebrew/Cellar/llvm/22.1.8/lib/libMLIRPass.a', '/opt/homebrew/Cellar/llvm/22.1.8/lib/libMLIRSupport.a', 'compiler/mlir/libpyc_dialect.a'
[pyc] build integrated ACIR/ACSim/gfsim toolchain
ninja: Entering directory `/Users/zhoubot/linx-isa/tools/pyCircuit/.pycircuit_out/gates/20260906-issue39-closure-r3/agentic-circuit/toolchain/build'
[1/101] Building ACSimDialect.h.inc...
[2/101] Building ACIRDialect.cpp.inc...
[3/101] Building ACSimDialect.cpp.inc...
[4/101] Building ACIRDialect.h.inc...
[5/101] Building Passes.h.inc...
[6/101] Building ACSimTypes.cpp.inc...
[7/101] Building ACIRAttributes.cpp.inc...
[8/101] Building ACIRAttributes.h.inc...
[9/101] Building ACIREnums.cpp.inc...
[10/101] Building ACSimTypes.h.inc...
[11/101] Building ACIREnums.h.inc...
[12/101] Building ACIRTypes.cpp.inc...
[13/101] Building ACSimOps.h.inc...
[14/101] Building ACSimOps.cpp.inc...
[15/101] Building ACIRTypes.h.inc...
[16/101] Building ACIROps.cpp.inc...
[17/101] Building ACIROps.h.inc...
[18/101] Building ACIROpInterfaces.cpp.inc...
[19/101] Building ACIROpInterfaces.h.inc...
[20/101] Building CXX object compiler/acir/gfsim/CMakeFiles/gfsim.dir/observation.cpp.o
[21/101] Building CXX object compiler/acir/lib/Dialect/ACSim/CMakeFiles/ACSimDialect.dir/ACSimDialect.cpp.o
[22/101] Building CXX object compiler/acir/gfsim/CMakeFiles/gfsim.dir/pto_trace.cpp.o
[23/101] Building CXX object compiler/acir/gfsim/CMakeFiles/gfsim.dir/trace.cpp.o
[24/101] Building CXX object compiler/acir/lib/Bindings/CMakeFiles/ACIRBindings.dir/Binding.cpp.o
[25/101] Building CXX object compiler/acir/lib/Dialect/ACIR/CMakeFiles/ACIRDialect.dir/ACIRDialect.cpp.o
[26/101] Building CXX object compiler/acir/gfsim/CMakeFiles/gfsim.dir/harness.cpp.o
[27/101] Building CXX object compiler/acir/gfsim/CMakeFiles/gfsim.dir/system.cpp.o
[28/101] Building CXX object compiler/acir/lib/Dialect/ACIR/CMakeFiles/ACIRDialect.dir/ACIRInterfaces.cpp.o
[29/101] Building CXX object compiler/acir/lib/Bindings/CMakeFiles/ACIRBindings.dir/Registry.cpp.o
[30/101] Building CXX object compiler/acir/gfsim/CMakeFiles/gfsim.dir/showcase.cpp.o
[31/101] Building CXX object compiler/acir/lib/Dialect/ACIR/CMakeFiles/ACIRDialect.dir/GraphRegion.cpp.o
[32/101] Building CXX object compiler/acir/lib/Dialect/ACIR/CMakeFiles/ACIRDialect.dir/ProcessLowerability.cpp.o
[33/101] Building CXX object compiler/acir/lib/Analysis/CMakeFiles/ACIRAnalysis.dir/ProcessStateIdentity.cpp.o
[34/101] Building CXX object compiler/acir/gfsim/CMakeFiles/gfsim.dir/npu.cpp.o
[35/101] Building CXX object compiler/acir/lib/Dialect/ACIR/CMakeFiles/ACIRDialect.dir/ACIRResources.cpp.o
[36/101] Building CXX object compiler/acir/lib/Analysis/CMakeFiles/ACIRAnalysis.dir/ProcessStateWake.cpp.o
[37/101] Linking CXX static library compiler/acir/lib/Bindings/libACIRBindings.a
[38/101] Building CXX object compiler/acir/lib/Analysis/CMakeFiles/ACIRAnalysis.dir/ProcessStateContinuation.cpp.o
[39/101] Building CXX object compiler/acir/lib/Analysis/CMakeFiles/ACIRAnalysis.dir/ProcessStateExpansion.cpp.o
[40/101] Building CXX object compiler/acir/lib/Transforms/CMakeFiles/ACIRTransforms.dir/VerifyModel.cpp.o
[41/101] Building CXX object compiler/acir/lib/Analysis/CMakeFiles/ACIRAnalysis.dir/ProcessStateCost.cpp.o
[42/101] Building CXX object compiler/acir/lib/Analysis/CMakeFiles/ACIRAnalysis.dir/ModelAnalysis.cpp.o
[43/101] Building CXX object compiler/acir/lib/Analysis/CMakeFiles/ACIRAnalysis.dir/ProcessStateLiveness.cpp.o
[44/101] Building CXX object compiler/acir/lib/Analysis/CMakeFiles/ACIRAnalysis.dir/VariableAnalysis.cpp.o
[45/101] Building CXX object compiler/acir/lib/Dialect/ACSim/CMakeFiles/ACSimDialect.dir/ACSimTypes.cpp.o
[46/101] Building CXX object compiler/acir/lib/Analysis/CMakeFiles/ACIRAnalysis.dir/ProcessStateReport.cpp.o
[47/101] Building CXX object compiler/acir/lib/Transforms/CMakeFiles/ACIRTransforms.dir/VerifyValueConstraints.cpp.o
[48/101] Building CXX object compiler/acir/lib/Dialect/ACSim/CMakeFiles/ACSimDialect.dir/ACSimOps.cpp.o
[49/101] Linking CXX static library compiler/acir/lib/Dialect/ACSim/libACSimDialect.a
[50/101] Building CXX object compiler/acir/lib/Transforms/CMakeFiles/ACIRTransforms.dir/CanonicalizeModel.cpp.o
[51/101] Building CXX object compiler/acir/lib/Transforms/CMakeFiles/ACIRTransforms.dir/FreezeTopology.cpp.o
[52/101] Building CXX object compiler/acir/lib/Transforms/CMakeFiles/ACIRTransforms.dir/NormalizeACIRFile.cpp.o
[53/101] Building CXX object compiler/acir/lib/Transforms/CMakeFiles/ACIRTransforms.dir/LowerProcessState.cpp.o
[54/101] Building CXX object compiler/acir/lib/Transforms/CMakeFiles/ACIRTransforms.dir/ResolveBindings.cpp.o
[55/101] Building CXX object compiler/acir/lib/Transforms/CMakeFiles/ACIRTransforms.dir/LowerVariables.cpp.o
[56/101] Building CXX object compiler/acir/lib/Transforms/CMakeFiles/ACIRTransforms.dir/VerifyACIRFile.cpp.o
[57/101] Building CXX object compiler/acir/lib/CodeGen/CMakeFiles/ACIRCodeGen.dir/Emitter.cpp.o
[58/101] Building CXX object compiler/acir/lib/Transforms/CMakeFiles/ACIRTransforms.dir/LowerRules.cpp.o
[59/101] Building CXX object compiler/acir/lib/CodeGen/CMakeFiles/ACIRCodeGen.dir/Manifest.cpp.o
[60/101] Building CXX object compiler/acir/lib/CodeGen/CMakeFiles/ACIRCodeGen.dir/Build.cpp.o
[61/101] Building CXX object compiler/acir/lib/CodeGen/CMakeFiles/ACIRCodeGen.dir/CompilePlan.cpp.o
[62/101] Building CXX object compiler/acir/lib/CodeGen/CMakeFiles/ACIRCodeGen.dir/QueueBlockContract.cpp.o
[63/101] Building CXX object compiler/acir/lib/CodeGen/CMakeFiles/ACIRCodeGen.dir/ModelPlan.cpp.o
[64/101] Building CXX object compiler/acir/lib/CodeGen/CMakeFiles/ACIRCodeGen.dir/Generator.cpp.o
[65/101] Building CXX object compiler/acir/lib/CodeGen/CMakeFiles/ACIRCodeGen.dir/ProcessGenerator.cpp.o
[66/101] Building CXX object compiler/acir/lib/Analysis/CMakeFiles/ACIRAnalysis.dir/ProcessStatePlan.cpp.o
[67/101] Linking CXX static library compiler/acir/gfsim/libgfsim.a
[68/101] Building CXX object compiler/acir/lib/Dialect/ACIR/CMakeFiles/ACIRDialect.dir/ACIRTypes.cpp.o
[69/101] Building CXX object compiler/acir/lib/CodeGen/CMakeFiles/ACIRCodeGen.dir/Staging.cpp.o
[70/101] Building CXX object compiler/acir/lib/Compiler/CMakeFiles/ACIRCompiler.dir/Pipeline.cpp.o
[71/101] Building CXX object compiler/acir/tools/acir-opcode-catalog/CMakeFiles/acir-opcode-catalog.dir/acir-opcode-catalog.cpp.o
[72/101] Building CXX object compiler/acir/lib/CodeGen/CMakeFiles/ACIRCodeGen.dir/ModelPlanDetails.cpp.o
[73/101] Building CXX object compiler/acir/bindings/python/CMakeFiles/agentic_circuit_native.dir/NativeModule.cpp.o
[74/101] Building CXX object compiler/acir/lib/CodeGen/CMakeFiles/ACIRCodeGen.dir/EmitCxx.cpp.o
[75/101] Building CXX object compiler/acir/lib/Conversion/ACIRToACSim/CMakeFiles/ACIRToACSim.dir/ACIRToACSim.cpp.o
[76/101] Building CXX object compiler/acir/tools/acir-cxxgen/CMakeFiles/acir-cxxgen.dir/acir-cxxgen.cpp.o
[77/101] Building CXX object compiler/acir/lib/CodeGen/CMakeFiles/ACIRCodeGen.dir/QueueGraphPyc.cpp.o
[78/101] Building CXX object compiler/acir/lib/Compiler/CMakeFiles/ACIRCompiler.dir/Driver.cpp.o
[79/101] Building CXX object compiler/acir/tools/acir-build/CMakeFiles/acir-build.dir/acir-build.cpp.o
[80/101] Building CXX object compiler/acir/tools/acir-queue-cxxgen/CMakeFiles/acir-queue-cxxgen.dir/acir-queue-cxxgen.cpp.o
[81/101] Building CXX object compiler/acir/tools/acir-opt/CMakeFiles/acir-opt.dir/BindingOptions.cpp.o
[82/101] Building CXX object compiler/acir/tools/acir-queue-plan/CMakeFiles/acir-queue-plan.dir/acir-queue-plan.cpp.o
[83/101] Building CXX object compiler/acir/tools/acir-queue-pycgen/CMakeFiles/acir-queue-pycgen.dir/acir-queue-pycgen.cpp.o
[84/101] Building CXX object compiler/acir/lib/CodeGen/CMakeFiles/ACIRCodeGen.dir/QueueGraphGenerator.cpp.o
[85/101] Building CXX object compiler/acir/tools/acir-opt/CMakeFiles/acir-opt.dir/acir-opt.cpp.o
[86/101] Building CXX object compiler/acir/lib/CodeGen/CMakeFiles/ACIRCodeGen.dir/QueueGraphPlan.cpp.o
[87/101] Building CXX object compiler/acir/lib/Dialect/ACIR/CMakeFiles/ACIRDialect.dir/ACIROps.cpp.o
[88/101] Linking CXX static library compiler/acir/lib/Dialect/ACIR/libACIRDialect.a
[89/101] Linking CXX static library compiler/acir/lib/Analysis/libACIRAnalysis.a
[90/101] Linking CXX static library compiler/acir/lib/Transforms/libACIRTransforms.a
[91/101] Linking CXX static library compiler/acir/lib/CodeGen/libACIRCodeGen.a
[92/101] Linking CXX static library compiler/acir/lib/Conversion/ACIRToACSim/libACIRToACSim.a
[93/101] Linking CXX executable bin/acir-opcode-catalog
[94/101] Linking CXX static library compiler/acir/lib/Compiler/libACIRCompiler.a
[95/101] Linking CXX executable bin/acir-cxxgen
[96/101] Linking CXX executable bin/acir-queue-pycgen
ld: warning: ignoring duplicate libraries: 'compiler/acir/lib/Dialect/ACIR/libACIRDialect.a'
[97/101] Linking CXX executable bin/acir-queue-cxxgen
ld: warning: ignoring duplicate libraries: 'compiler/acir/lib/Dialect/ACIR/libACIRDialect.a'
[98/101] Linking CXX executable bin/acir-queue-plan
ld: warning: ignoring duplicate libraries: 'compiler/acir/lib/Dialect/ACIR/libACIRDialect.a'
[99/101] Linking CXX executable bin/acir-opt
ld: warning: ignoring duplicate libraries: '/opt/homebrew/Cellar/llvm/22.1.8/lib/libMLIRFuncDialect.a', '/opt/homebrew/Cellar/llvm/22.1.8/lib/libMLIRSCFDialect.a', 'compiler/acir/lib/Analysis/libACIRAnalysis.a', 'compiler/acir/lib/Dialect/ACIR/libACIRDialect.a', 'compiler/acir/lib/Transforms/libACIRTransforms.a'
[100/101] Linking CXX executable bin/acir-build
ld: warning: ignoring duplicate libraries: '/opt/homebrew/Cellar/llvm/22.1.8/lib/libLLVMSupport.a', '/opt/homebrew/Cellar/llvm/22.1.8/lib/libMLIRFuncDialect.a', '/opt/homebrew/Cellar/llvm/22.1.8/lib/libMLIRPass.a', '/opt/homebrew/Cellar/llvm/22.1.8/lib/libMLIRSCFDialect.a', 'compiler/acir/lib/Analysis/libACIRAnalysis.a', 'compiler/acir/lib/Dialect/ACIR/libACIRDialect.a', 'compiler/acir/lib/Transforms/libACIRTransforms.a'
[101/101] Linking CXX shared module compiler/acir/python/agentic_circuit/_native.so
ninja: Entering directory `/Users/zhoubot/linx-isa/tools/pyCircuit/.pycircuit_out/gates/20260906-issue39-closure-r3/agentic-circuit/toolchain/build'
[1/2] Building CXX object compiler/mlir/CMakeFiles/pyc-opt.dir/tools/pyc-opt.cpp.o
[2/2] Linking CXX executable bin/pyc-opt
ld: warning: ignoring duplicate libraries: '/opt/homebrew/Cellar/llvm/22.1.8/lib/libMLIRArithDialect.a', '/opt/homebrew/Cellar/llvm/22.1.8/lib/libMLIRFuncDialect.a', '/opt/homebrew/Cellar/llvm/22.1.8/lib/libMLIRSCFDialect.a', 'compiler/mlir/libpyc_dialect.a'
-- Install configuration: "Release"
-- Installing: /Users/zhoubot/linx-isa/tools/pyCircuit/.pycircuit_out/gates/20260906-issue39-closure-r3/agentic-circuit/toolchain/install/bin/pycc
-- Installing: /Users/zhoubot/linx-isa/tools/pyCircuit/.pycircuit_out/gates/20260906-issue39-closure-r3/agentic-circuit/toolchain/install/bin/pyc-opt
-- Installing: /Users/zhoubot/linx-isa/tools/pyCircuit/.pycircuit_out/gates/20260906-issue39-closure-r3/agentic-circuit/toolchain/install/lib/cmake/AgenticCircuit/AgenticCircuitConfig.cmake
-- Installing: /Users/zhoubot/linx-isa/tools/pyCircuit/.pycircuit_out/gates/20260906-issue39-closure-r3/agentic-circuit/toolchain/install/lib/cmake/AgenticCircuit/AgenticCircuitConfigVersion.cmake
-- Installing: /Users/zhoubot/linx-isa/tools/pyCircuit/.pycircuit_out/gates/20260906-issue39-closure-r3/agentic-circuit/toolchain/install/lib/cmake/AgenticCircuit/AgenticCircuitTargets.cmake
-- Installing: /Users/zhoubot/linx-isa/tools/pyCircuit/.pycircuit_out/gates/20260906-issue39-closure-r3/agentic-circuit/toolchain/install/lib/cmake/AgenticCircuit/AgenticCircuitTargets-release.cmake
-- Installing: /Users/zhoubot/linx-isa/tools/pyCircuit/.pycircuit_out/gates/20260906-issue39-closure-r3/agentic-circuit/toolchain/install/lib/cmake/AgenticCircuit/modules/AddACIR.cmake
-- Installing: /Users/zhoubot/linx-isa/tools/pyCircuit/.pycircuit_out/gates/20260906-issue39-closure-r3/agentic-circuit/toolchain/install/include/acir
-- Installing: /Users/zhoubot/linx-isa/tools/pyCircuit/.pycircuit_out/gates/20260906-issue39-closure-r3/agentic-circuit/toolchain/install/include/acir/Analysis
-- Installing: /Users/zhoubot/linx-isa/tools/pyCircuit/.pycircuit_out/gates/20260906-issue39-closure-r3/agentic-circuit/toolchain/install/include/acir/Analysis/ModelAnalysis.h
-- Installing: /Users/zhoubot/linx-isa/tools/pyCircuit/.pycircuit_out/gates/20260906-issue39-closure-r3/agentic-circuit/toolchain/install/include/acir/Analysis/VariableAnalysis.h
-- Installing: /Users/zhoubot/linx-isa/tools/pyCircuit/.pycircuit_out/gates/20260906-issue39-closure-r3/agentic-circuit/toolchain/install/include/acir/Analysis/ProcessStatePlan.h
-- Installing: /Users/zhoubot/linx-isa/tools/pyCircuit/.pycircuit_out/gates/20260906-issue39-closure-r3/agentic-circuit/toolchain/install/include/acir/InitAllPasses.h
-- Installing: /Users/zhoubot/linx-isa/tools/pyCircuit/.pycircuit_out/gates/20260906-issue39-closure-r3/agentic-circuit/toolchain/install/include/acir/CodeGen
-- Installing: /Users/zhoubot/linx-isa/tools/pyCircuit/.pycircuit_out/gates/20260906-issue39-closure-r3/agentic-circuit/toolchain/install/include/acir/CodeGen/EmitCxx.h
-- Installing: /Users/zhoubot/linx-isa/tools/pyCircuit/.pycircuit_out/gates/20260906-issue39-closure-r3/agentic-circuit/toolchain/install/include/acir/CodeGen/QueueGraphPlan.h
-- Installing: /Users/zhoubot/linx-isa/tools/pyCircuit/.pycircuit_out/gates/20260906-issue39-closure-r3/agentic-circuit/toolchain/install/include/acir/CodeGen/Emitter.h
-- Installing: /Users/zhoubot/linx-isa/tools/pyCircuit/.pycircuit_out/gates/20260906-issue39-closure-r3/agentic-circuit/toolchain/install/include/acir/CodeGen/Manifest.h
-- Installing: /Users/zhoubot/linx-isa/tools/pyCircuit/.pycircuit_out/gates/20260906-issue39-closure-r3/agentic-circuit/toolchain/install/include/acir/CodeGen/Build.h
-- Installing: /Users/zhoubot/linx-isa/tools/pyCircuit/.pycircuit_out/gates/20260906-issue39-closure-r3/agentic-circuit/toolchain/install/include/acir/CodeGen/QueueBlockContract.h
-- Installing: /Users/zhoubot/linx-isa/tools/pyCircuit/.pycircuit_out/gates/20260906-issue39-closure-r3/agentic-circuit/toolchain/install/include/acir/CodeGen/ModelPlan.h
-- Installing: /Users/zhoubot/linx-isa/tools/pyCircuit/.pycircuit_out/gates/20260906-issue39-closure-r3/agentic-circuit/toolchain/install/include/acir/CodeGen/QueueGraphGenerator.h
-- Installing: /Users/zhoubot/linx-isa/tools/pyCircuit/.pycircuit_out/gates/20260906-issue39-closure-r3/agentic-circuit/toolchain/install/include/acir/CodeGen/Generator.h
-- Installing: /Users/zhoubot/linx-isa/tools/pyCircuit/.pycircuit_out/gates/20260906-issue39-closure-r3/agentic-circuit/toolchain/install/include/acir/CodeGen/QueueGraphPyc.h
-- Installing: /Users/zhoubot/linx-isa/tools/pyCircuit/.pycircuit_out/gates/20260906-issue39-closure-r3/agentic-circuit/toolchain/install/include/acir/Transforms
-- Installing: /Users/zhoubot/linx-isa/tools/pyCircuit/.pycircuit_out/gates/20260906-issue39-closure-r3/agentic-circuit/toolchain/install/include/acir/Transforms/Passes.td
-- Installing: /Users/zhoubot/linx-isa/tools/pyCircuit/.pycircuit_out/gates/20260906-issue39-closure-r3/agentic-circuit/toolchain/install/include/acir/Transforms/ResolveBindings.h
-- Installing: /Users/zhoubot/linx-isa/tools/pyCircuit/.pycircuit_out/gates/20260906-issue39-closure-r3/agentic-circuit/toolchain/install/include/acir/Transforms/Passes.h
-- Installing: /Users/zhoubot/linx-isa/tools/pyCircuit/.pycircuit_out/gates/20260906-issue39-closure-r3/agentic-circuit/toolchain/install/include/acir/Conversion
-- Installing: /Users/zhoubot/linx-isa/tools/pyCircuit/.pycircuit_out/gates/20260906-issue39-closure-r3/agentic-circuit/toolchain/install/include/acir/Conversion/ACIRToACSim
-- Installing: /Users/zhoubot/linx-isa/tools/pyCircuit/.pycircuit_out/gates/20260906-issue39-closure-r3/agentic-circuit/toolchain/install/include/acir/Conversion/ACIRToACSim/ACIRToACSim.h
-- Installing: /Users/zhoubot/linx-isa/tools/pyCircuit/.pycircuit_out/gates/20260906-issue39-closure-r3/agentic-circuit/toolchain/install/include/acir/Dialect
-- Installing: /Users/zhoubot/linx-isa/tools/pyCircuit/.pycircuit_out/gates/20260906-issue39-closure-r3/agentic-circuit/toolchain/install/include/acir/Dialect/ACSim
-- Installing: /Users/zhoubot/linx-isa/tools/pyCircuit/.pycircuit_out/gates/20260906-issue39-closure-r3/agentic-circuit/toolchain/install/include/acir/Dialect/ACSim/ACSimDialect.td
-- Installing: /Users/zhoubot/linx-isa/tools/pyCircuit/.pycircuit_out/gates/20260906-issue39-closure-r3/agentic-circuit/toolchain/install/include/acir/Dialect/ACSim/ACSimDialect.h
-- Installing: /Users/zhoubot/linx-isa/tools/pyCircuit/.pycircuit_out/gates/20260906-issue39-closure-r3/agentic-circuit/toolchain/install/include/acir/Dialect/ACSim/ACSimOps.td
-- Installing: /Users/zhoubot/linx-isa/tools/pyCircuit/.pycircuit_out/gates/20260906-issue39-closure-r3/agentic-circuit/toolchain/install/include/acir/Dialect/ACSim/ACSimTypes.td
-- Installing: /Users/zhoubot/linx-isa/tools/pyCircuit/.pycircuit_out/gates/20260906-issue39-closure-r3/agentic-circuit/toolchain/install/include/acir/Dialect/ACSim/ACSimOps.h
-- Installing: /Users/zhoubot/linx-isa/tools/pyCircuit/.pycircuit_out/gates/20260906-issue39-closure-r3/agentic-circuit/toolchain/install/include/acir/Dialect/ACSim/ACSimTypes.h
-- Installing: /Users/zhoubot/linx-isa/tools/pyCircuit/.pycircuit_out/gates/20260906-issue39-closure-r3/agentic-circuit/toolchain/install/include/acir/Dialect/ACIR
-- Installing: /Users/zhoubot/linx-isa/tools/pyCircuit/.pycircuit_out/gates/20260906-issue39-closure-r3/agentic-circuit/toolchain/install/include/acir/Dialect/ACIR/ACIROps.h
-- Installing: /Users/zhoubot/linx-isa/tools/pyCircuit/.pycircuit_out/gates/20260906-issue39-closure-r3/agentic-circuit/toolchain/install/include/acir/Dialect/ACIR/ACIRInterfaces.td
-- Installing: /Users/zhoubot/linx-isa/tools/pyCircuit/.pycircuit_out/gates/20260906-issue39-closure-r3/agentic-circuit/toolchain/install/include/acir/Dialect/ACIR/ACIRAttributes.td
-- Installing: /Users/zhoubot/linx-isa/tools/pyCircuit/.pycircuit_out/gates/20260906-issue39-closure-r3/agentic-circuit/toolchain/install/include/acir/Dialect/ACIR/ACIROps.td
-- Installing: /Users/zhoubot/linx-isa/tools/pyCircuit/.pycircuit_out/gates/20260906-issue39-closure-r3/agentic-circuit/toolchain/install/include/acir/Dialect/ACIR/ACIRTypes.h
-- Installing: /Users/zhoubot/linx-isa/tools/pyCircuit/.pycircuit_out/gates/20260906-issue39-closure-r3/agentic-circuit/toolchain/install/include/acir/Dialect/ACIR/ACIRDialect.h
-- Installing: /Users/zhoubot/linx-isa/tools/pyCircuit/.pycircuit_out/gates/20260906-issue39-closure-r3/agentic-circuit/toolchain/install/include/acir/Dialect/ACIR/ACIRTypes.td
-- Installing: /Users/zhoubot/linx-isa/tools/pyCircuit/.pycircuit_out/gates/20260906-issue39-closure-r3/agentic-circuit/toolchain/install/include/acir/Dialect/ACIR/ACIRAttributes.h
-- Installing: /Users/zhoubot/linx-isa/tools/pyCircuit/.pycircuit_out/gates/20260906-issue39-closure-r3/agentic-circuit/toolchain/install/include/acir/Dialect/ACIR/ACIRDialect.td
-- Installing: /Users/zhoubot/linx-isa/tools/pyCircuit/.pycircuit_out/gates/20260906-issue39-closure-r3/agentic-circuit/toolchain/install/include/acir/Dialect/ACIR/ACIRResources.h
-- Installing: /Users/zhoubot/linx-isa/tools/pyCircuit/.pycircuit_out/gates/20260906-issue39-closure-r3/agentic-circuit/toolchain/install/include/acir/Dialect/ACIR/GraphRegion.h
-- Installing: /Users/zhoubot/linx-isa/tools/pyCircuit/.pycircuit_out/gates/20260906-issue39-closure-r3/agentic-circuit/toolchain/install/include/acir/Bindings
-- Installing: /Users/zhoubot/linx-isa/tools/pyCircuit/.pycircuit_out/gates/20260906-issue39-closure-r3/agentic-circuit/toolchain/install/include/acir/Bindings/Registry.h
-- Installing: /Users/zhoubot/linx-isa/tools/pyCircuit/.pycircuit_out/gates/20260906-issue39-closure-r3/agentic-circuit/toolchain/install/include/acir/Bindings/Binding.h
-- Installing: /Users/zhoubot/linx-isa/tools/pyCircuit/.pycircuit_out/gates/20260906-issue39-closure-r3/agentic-circuit/toolchain/install/include/acir/InitAllDialects.h
-- Installing: /Users/zhoubot/linx-isa/tools/pyCircuit/.pycircuit_out/gates/20260906-issue39-closure-r3/agentic-circuit/toolchain/install/include/acir/Compiler
-- Installing: /Users/zhoubot/linx-isa/tools/pyCircuit/.pycircuit_out/gates/20260906-issue39-closure-r3/agentic-circuit/toolchain/install/include/acir/Compiler/Driver.h
-- Installing: /Users/zhoubot/linx-isa/tools/pyCircuit/.pycircuit_out/gates/20260906-issue39-closure-r3/agentic-circuit/toolchain/install/include/gfsim
-- Installing: /Users/zhoubot/linx-isa/tools/pyCircuit/.pycircuit_out/gates/20260906-issue39-closure-r3/agentic-circuit/toolchain/install/include/gfsim/popcount.h
-- Installing: /Users/zhoubot/linx-isa/tools/pyCircuit/.pycircuit_out/gates/20260906-issue39-closure-r3/agentic-circuit/toolchain/install/include/gfsim/queue_blocks.h
-- Installing: /Users/zhoubot/linx-isa/tools/pyCircuit/.pycircuit_out/gates/20260906-issue39-closure-r3/agentic-circuit/toolchain/install/include/gfsim/priority_encode.h
-- Installing: /Users/zhoubot/linx-isa/tools/pyCircuit/.pycircuit_out/gates/20260906-issue39-closure-r3/agentic-circuit/toolchain/install/include/gfsim/showcase.h
-- Installing: /Users/zhoubot/linx-isa/tools/pyCircuit/.pycircuit_out/gates/20260906-issue39-closure-r3/agentic-circuit/toolchain/install/include/gfsim/core.h
-- Installing: /Users/zhoubot/linx-isa/tools/pyCircuit/.pycircuit_out/gates/20260906-issue39-closure-r3/agentic-circuit/toolchain/install/include/gfsim/npu.h
-- Installing: /Users/zhoubot/linx-isa/tools/pyCircuit/.pycircuit_out/gates/20260906-issue39-closure-r3/agentic-circuit/toolchain/install/include/gfsim/observation.h
-- Installing: /Users/zhoubot/linx-isa/tools/pyCircuit/.pycircuit_out/gates/20260906-issue39-closure-r3/agentic-circuit/toolchain/install/include/gfsim/components.h
-- Installing: /Users/zhoubot/linx-isa/tools/pyCircuit/.pycircuit_out/gates/20260906-issue39-closure-r3/agentic-circuit/toolchain/install/include/gfsim/trace.h
-- Installing: /Users/zhoubot/linx-isa/tools/pyCircuit/.pycircuit_out/gates/20260906-issue39-closure-r3/agentic-circuit/toolchain/install/include/gfsim/harness.h
-- Installing: /Users/zhoubot/linx-isa/tools/pyCircuit/.pycircuit_out/gates/20260906-issue39-closure-r3/agentic-circuit/toolchain/install/include/gfsim/statistics.h
-- Installing: /Users/zhoubot/linx-isa/tools/pyCircuit/.pycircuit_out/gates/20260906-issue39-closure-r3/agentic-circuit/toolchain/install/include/gfsim/packet.h
-- Installing: /Users/zhoubot/linx-isa/tools/pyCircuit/.pycircuit_out/gates/20260906-issue39-closure-r3/agentic-circuit/toolchain/install/include/gfsim/resource.h
-- Installing: /Users/zhoubot/linx-isa/tools/pyCircuit/.pycircuit_out/gates/20260906-issue39-closure-r3/agentic-circuit/toolchain/install/include/gfsim/dispatch.h
-- Installing: /Users/zhoubot/linx-isa/tools/pyCircuit/.pycircuit_out/gates/20260906-issue39-closure-r3/agentic-circuit/toolchain/install/include/gfsim/process.h
-- Installing: /Users/zhoubot/linx-isa/tools/pyCircuit/.pycircuit_out/gates/20260906-issue39-closure-r3/agentic-circuit/toolchain/install/include/gfsim/object.h
-- Installing: /Users/zhoubot/linx-isa/tools/pyCircuit/.pycircuit_out/gates/20260906-issue39-closure-r3/agentic-circuit/toolchain/install/include/gfsim/count_zeros.h
-- Installing: /Users/zhoubot/linx-isa/tools/pyCircuit/.pycircuit_out/gates/20260906-issue39-closure-r3/agentic-circuit/toolchain/install/include/gfsim/register.h
-- Installing: /Users/zhoubot/linx-isa/tools/pyCircuit/.pycircuit_out/gates/20260906-issue39-closure-r3/agentic-circuit/toolchain/install/include/gfsim/pto_trace.h
-- Installing: /Users/zhoubot/linx-isa/tools/pyCircuit/.pycircuit_out/gates/20260906-issue39-closure-r3/agentic-circuit/toolchain/install/include/gfsim/queue.h
-- Installing: /Users/zhoubot/linx-isa/tools/pyCircuit/.pycircuit_out/gates/20260906-issue39-closure-r3/agentic-circuit/toolchain/install/include/gfsim/bits.h
-- Up-to-date: /Users/zhoubot/linx-isa/tools/pyCircuit/.pycircuit_out/gates/20260906-issue39-closure-r3/agentic-circuit/toolchain/install/include/acir
-- Up-to-date: /Users/zhoubot/linx-isa/tools/pyCircuit/.pycircuit_out/gates/20260906-issue39-closure-r3/agentic-circuit/toolchain/install/include/acir/Transforms
-- Installing: /Users/zhoubot/linx-isa/tools/pyCircuit/.pycircuit_out/gates/20260906-issue39-closure-r3/agentic-circuit/toolchain/install/include/acir/Transforms/Passes.h.inc
-- Up-to-date: /Users/zhoubot/linx-isa/tools/pyCircuit/.pycircuit_out/gates/20260906-issue39-closure-r3/agentic-circuit/toolchain/install/include/acir/Dialect
-- Up-to-date: /Users/zhoubot/linx-isa/tools/pyCircuit/.pycircuit_out/gates/20260906-issue39-closure-r3/agentic-circuit/toolchain/install/include/acir/Dialect/ACSim
-- Installing: /Users/zhoubot/linx-isa/tools/pyCircuit/.pycircuit_out/gates/20260906-issue39-closure-r3/agentic-circuit/toolchain/install/include/acir/Dialect/ACSim/ACSimTypes.h.inc
-- Installing: /Users/zhoubot/linx-isa/tools/pyCircuit/.pycircuit_out/gates/20260906-issue39-closure-r3/agentic-circuit/toolchain/install/include/acir/Dialect/ACSim/ACSimOps.h.inc
-- Installing: /Users/zhoubot/linx-isa/tools/pyCircuit/.pycircuit_out/gates/20260906-issue39-closure-r3/agentic-circuit/toolchain/install/include/acir/Dialect/ACSim/ACSimDialect.h.inc
-- Up-to-date: /Users/zhoubot/linx-isa/tools/pyCircuit/.pycircuit_out/gates/20260906-issue39-closure-r3/agentic-circuit/toolchain/install/include/acir/Dialect/ACIR
-- Installing: /Users/zhoubot/linx-isa/tools/pyCircuit/.pycircuit_out/gates/20260906-issue39-closure-r3/agentic-circuit/toolchain/install/include/acir/Dialect/ACIR/ACIRAttributes.h.inc
-- Installing: /Users/zhoubot/linx-isa/tools/pyCircuit/.pycircuit_out/gates/20260906-issue39-closure-r3/agentic-circuit/toolchain/install/include/acir/Dialect/ACIR/ACIROps.h.inc
-- Installing: /Users/zhoubot/linx-isa/tools/pyCircuit/.pycircuit_out/gates/20260906-issue39-closure-r3/agentic-circuit/toolchain/install/include/acir/Dialect/ACIR/ACIRDialect.h.inc
-- Installing: /Users/zhoubot/linx-isa/tools/pyCircuit/.pycircuit_out/gates/20260906-issue39-closure-r3/agentic-circuit/toolchain/install/include/acir/Dialect/ACIR/ACIREnums.h.inc
-- Installing: /Users/zhoubot/linx-isa/tools/pyCircuit/.pycircuit_out/gates/20260906-issue39-closure-r3/agentic-circuit/toolchain/install/include/acir/Dialect/ACIR/ACIROpInterfaces.h.inc
-- Installing: /Users/zhoubot/linx-isa/tools/pyCircuit/.pycircuit_out/gates/20260906-issue39-closure-r3/agentic-circuit/toolchain/install/include/acir/Dialect/ACIR/ACIRTypes.h.inc
-- Installing: /Users/zhoubot/linx-isa/tools/pyCircuit/.pycircuit_out/gates/20260906-issue39-closure-r3/agentic-circuit/toolchain/install/lib/libACIRDialect.a
-- Installing: /Users/zhoubot/linx-isa/tools/pyCircuit/.pycircuit_out/gates/20260906-issue39-closure-r3/agentic-circuit/toolchain/install/lib/libACSimDialect.a
-- Installing: /Users/zhoubot/linx-isa/tools/pyCircuit/.pycircuit_out/gates/20260906-issue39-closure-r3/agentic-circuit/toolchain/install/lib/libACIRBindings.a
-- Installing: /Users/zhoubot/linx-isa/tools/pyCircuit/.pycircuit_out/gates/20260906-issue39-closure-r3/agentic-circuit/toolchain/install/lib/libACIRAnalysis.a
-- Installing: /Users/zhoubot/linx-isa/tools/pyCircuit/.pycircuit_out/gates/20260906-issue39-closure-r3/agentic-circuit/toolchain/install/lib/libACIRTransforms.a
-- Installing: /Users/zhoubot/linx-isa/tools/pyCircuit/.pycircuit_out/gates/20260906-issue39-closure-r3/agentic-circuit/toolchain/install/lib/libACIRToACSim.a
-- Installing: /Users/zhoubot/linx-isa/tools/pyCircuit/.pycircuit_out/gates/20260906-issue39-closure-r3/agentic-circuit/toolchain/install/lib/libACIRCodeGen.a
-- Installing: /Users/zhoubot/linx-isa/tools/pyCircuit/.pycircuit_out/gates/20260906-issue39-closure-r3/agentic-circuit/toolchain/install/lib/libACIRCompiler.a
-- Installing: /Users/zhoubot/linx-isa/tools/pyCircuit/.pycircuit_out/gates/20260906-issue39-closure-r3/agentic-circuit/toolchain/install/lib/libgfsim.a
-- Installing: /Users/zhoubot/linx-isa/tools/pyCircuit/.pycircuit_out/gates/20260906-issue39-closure-r3/agentic-circuit/toolchain/install/include/llvm
-- Installing: /Users/zhoubot/linx-isa/tools/pyCircuit/.pycircuit_out/gates/20260906-issue39-closure-r3/agentic-circuit/toolchain/install/include/llvm/CAS
-- Installing: /Users/zhoubot/linx-isa/tools/pyCircuit/.pycircuit_out/gates/20260906-issue39-closure-r3/agentic-circuit/toolchain/install/include/llvm/CAS/OnDiskDataAllocator.h
-- Installing: /Users/zhoubot/linx-isa/tools/pyCircuit/.pycircuit_out/gates/20260906-issue39-closure-r3/agentic-circuit/toolchain/install/include/llvm/CAS/CASReference.h
-- Installing: /Users/zhoubot/linx-isa/tools/pyCircuit/.pycircuit_out/gates/20260906-issue39-closure-r3/agentic-circuit/toolchain/install/include/llvm/CAS/BuiltinCASContext.h
-- Installing: /Users/zhoubot/linx-isa/tools/pyCircuit/.pycircuit_out/gates/20260906-issue39-closure-r3/agentic-circuit/toolchain/install/include/llvm/CAS/OnDiskKeyValueDB.h
-- Installing: /Users/zhoubot/linx-isa/tools/pyCircuit/.pycircuit_out/gates/20260906-issue39-closure-r3/agentic-circuit/toolchain/install/include/llvm/CAS/OnDiskTrieRawHashMap.h
-- Installing: /Users/zhoubot/linx-isa/tools/pyCircuit/.pycircuit_out/gates/20260906-issue39-closure-r3/agentic-circuit/toolchain/install/include/llvm/CAS/UnifiedOnDiskCache.h
-- Installing: /Users/zhoubot/linx-isa/tools/pyCircuit/.pycircuit_out/gates/20260906-issue39-closure-r3/agentic-circuit/toolchain/install/include/llvm/CAS/CASID.h
-- Installing: /Users/zhoubot/linx-isa/tools/pyCircuit/.pycircuit_out/gates/20260906-issue39-closure-r3/agentic-circuit/toolchain/install/include/llvm/CAS/FileOffset.h
-- Installing: /Users/zhoubot/linx-isa/tools/pyCircuit/.pycircuit_out/gates/20260906-issue39-closure-r3/agentic-circuit/toolchain/install/include/llvm/CAS/MappedFileRegionArena.h
-- Installing: /Users/zhoubot/linx-isa/tools/pyCircuit/.pycircuit_out/gates/20260906-issue39-closure-r3/agentic-circuit/toolchain/install/include/llvm/CAS/ObjectStore.h
-- Installing: /Users/zhoubot/linx-isa/tools/pyCircuit/.pycircuit_out/gates/20260906-issue39-closure-r3/agentic-circuit/toolchain/install/include/llvm/CAS/BuiltinUnifiedCASDatabases.h
-- Installing: /Users/zhoubot/linx-isa/tools/pyCircuit/.pycircuit_out/gates/20260906-issue39-closure-r3/agentic-circuit/toolchain/install/include/llvm/CAS/OnDiskGraphDB.h
-- Installing: /Users/zhoubot/linx-isa/tools/pyCircuit/.pycircuit_out/gates/20260906-issue39-closure-r3/agentic-circuit/toolchain/install/include/llvm/CAS/BuiltinObjectHasher.h
-- Installing: /Users/zhoubot/linx-isa/tools/pyCircuit/.pycircuit_out/gates/20260906-issue39-closure-r3/agentic-circuit/toolchain/install/include/llvm/CAS/ActionCache.h
-- Installing: /Users/zhoubot/linx-isa/tools/pyCircuit/.pycircuit_out/gates/20260906-issue39-closure-r3/agentic-circuit/toolchain/install/include/llvm/ADT
-- Installing: /Users/zhoubot/linx-isa/tools/pyCircuit/.pycircuit_out/gates/20260906-issue39-closure-r3/agentic-circuit/toolchain/install/include/llvm/ADT/SmallPtrSet.h
-- Installing: /Users/zhoubot/linx-isa/tools/pyCircuit/.pycircuit_out/gates/20260906-issue39-closure-r3/agentic-circuit/toolchain/install/include/llvm/ADT/DynamicAPInt.h
-- Installing: /Users/zhoubot/linx-isa/tools/pyCircuit/.pycircuit_out/gates/20260906-issue39-closure-r3/agentic-circuit/toolchain/install/include/llvm/ADT/SmallBitVector.h
-- Installing: /Users/zhoubot/linx-isa/tools/pyCircuit/.pycircuit_out/gates/20260906-issue39-closure-r3/agentic-circuit/toolchain/install/include/llvm/ADT/ilist_node.h
-- Installing: /Users/zhoubot/linx-isa/tools/pyCircuit/.pycircuit_out/gates/20260906-issue39-closure-r3/agentic-circuit/toolchain/install/include/llvm/ADT/IntervalMap.h
-- Installing: /Users/zhoubot/linx-isa/tools/pyCircuit/.pycircuit_out/gates/20260906-issue39-closure-r3/agentic-circuit/toolchain/install/include/llvm/ADT/edit_distance.h
-- Installing: /Users/zhoubot/linx-isa/tools/pyCircuit/.pycircuit_out/gates/20260906-issue39-closure-r3/agentic-circuit/toolchain/install/include/llvm/ADT/ImmutableMap.h
-- Installing: /Users/zhoubot/linx-isa/tools/pyCircuit/.pycircuit_out/gates/20260906-issue39-closure-r3/agentic-circuit/toolchain/install/include/llvm/ADT/DenseMapInfoVariant.h
-- Installing: /Users/zhoubot/linx-isa/tools/pyCircuit/.pycircuit_out/gates/20260906-issue39-closure-r3/agentic-circuit/toolchain/install/include/llvm/ADT/Bitset.h
-- Installing: /Users/zhoubot/linx-isa/tools/pyCircuit/.pycircuit_out/gates/20260906-issue39-closure-r3/agentic-circuit/toolchain/install/include/llvm/ADT/GenericConvergenceVerifier.h
-- Installing: /Users/zhoubot/linx-isa/tools/pyCircuit/.pycircuit_out/gates/20260906-issue39-closure-r3/agentic-circuit/toolchain/install/include/llvm/ADT/SparseBitVector.h
-- Installing: /Users/zhoubot/linx-isa/tools/pyCircuit/.pycircuit_out/gates/20260906-issue39-closure-r3/agentic-circuit/toolchain/install/include/llvm/ADT/StringSwitch.h
-- Installing: /Users/zhoubot/linx-isa/tools/pyCircuit/.pycircuit_out/gates/20260906-issue39-closure-r3/agentic-circuit/toolchain/install/include/llvm/ADT/BreadthFirstIterator.h
-- Installing: /Users/zhoubot/linx-isa/tools/pyCircuit/.pycircuit_out/gates/20260906-issue39-closure-r3/agentic-circuit/toolchain/install/include/llvm/ADT/ConcurrentHashtable.h
-- Installing: /Users/zhoubot/linx-isa/tools/pyCircuit/.pycircuit_out/gates/20260906-issue39-closure-r3/agentic-circuit/toolchain/install/include/llvm/ADT/GraphTraits.h
-- Installing: /Users/zhoubot/linx-isa/tools/pyCircuit/.pycircuit_out/gates/20260906-issue39-closure-r3/agentic-circuit/toolchain/install/include/llvm/ADT/BitVector.h
-- Installing: /Users/zhoubot/linx-isa/tools/pyCircuit/.pycircuit_out/gates/20260906-issue39-closure-r3/agentic-circuit/toolchain/install/include/llvm/ADT/PackedVector.h
-- Installing: /Users/zhoubot/linx-isa/tools/pyCircuit/.pycircuit_out/gates/20260906-issue39-closure-r3/agentic-circuit/toolchain/install/include/llvm/ADT/StringMapEntry.h
-- Installing: /Users/zhoubot/linx-isa/tools/pyCircuit/.pycircuit_out/gates/20260906-issue39-closure-r3/agentic-circuit/toolchain/install/include/llvm/ADT/iterator_range.h
-- Installing: /Users/zhoubot/linx-isa/tools/pyCircuit/.pycircuit_out/gates/20260906-issue39-closure-r3/agentic-circuit/toolchain/install/include/llvm/ADT/PostOrderIterator.h
-- Installing: /Users/zhoubot/linx-isa/tools/pyCircuit/.pycircuit_out/gates/20260906-issue39-closure-r3/agentic-circuit/toolchain/install/include/llvm/ADT/RadixTree.h
-- Installing: /Users/zhoubot/linx-isa/tools/pyCircuit/.pycircuit_out/gates/20260906-issue39-closure-r3/agentic-circuit/toolchain/install/include/llvm/ADT/RewriteRope.h
-- Installing: /Users/zhoubot/linx-isa/tools/pyCircuit/.pycircuit_out/gates/20260906-issue39-closure-r3/agentic-circuit/toolchain/install/include/llvm/ADT/FoldingSet.h
-- Installing: /Users/zhoubot/linx-isa/tools/pyCircuit/.pycircuit_out/gates/20260906-issue39-closure-r3/agentic-circuit/toolchain/install/include/llvm/ADT/CoalescingBitVector.h
-- Installing: /Users/zhoubot/linx-isa/tools/pyCircuit/.pycircuit_out/gates/20260906-issue39-closure-r3/agentic-circuit/toolchain/install/include/llvm/ADT/simple_ilist.h
-- Installing: /Users/zhoubot/linx-isa/tools/pyCircuit/.pycircuit_out/gates/20260906-issue39-closure-r3/agentic-circuit/toolchain/install/include/llvm/ADT/SmallSet.h
-- Installing: /Users/zhoubot/linx-isa/tools/pyCircuit/.pycircuit_out/gates/20260906-issue39-closure-r3/agentic-circuit/toolchain/install/include/llvm/ADT/STLExtras.h
-- Installing: /Users/zhoubot/linx-isa/tools/pyCircuit/.pycircuit_out/gates/20260906-issue39-closure-r3/agentic-circuit/toolchain/install/include/llvm/ADT/StringMap.h
-- Installing: /Users/zhoubot/linx-isa/tools/pyCircuit/.pycircuit_out/gates/20260906-issue39-closure-r3/agentic-circuit/toolchain/install/include/llvm/ADT/APSInt.h
-- Installing: /Users/zhoubot/linx-isa/tools/pyCircuit/.pycircuit_out/gates/20260906-issue39-closure-r3/agentic-circuit/toolchain/install/include/llvm/ADT/Twine.h
-- Installing: /Users/zhoubot/linx-isa/tools/pyCircuit/.pycircuit_out/gates/20260906-issue39-closure-r3/agentic-circuit/toolchain/install/include/llvm/ADT/PointerSumType.h
-- Installing: /Users/zhoubot/linx-isa/tools/pyCircuit/.pycircuit_out/gates/20260906-issue39-closure-r3/agentic-circuit/toolchain/install/include/llvm/ADT/TrieHashIndexGenerator.h
-- Installing: /Users/zhoubot/linx-isa/tools/pyCircuit/.pycircuit_out/gates/20260906-issue39-closure-r3/agentic-circuit/toolchain/install/include/llvm/ADT/SmallVectorExtras.h
-- Installing: /Users/zhoubot/linx-isa/tools/pyCircuit/.pycircuit_out/gates/20260906-issue39-closure-r3/agentic-circuit/toolchain/install/include/llvm/ADT/BitmaskEnum.h
-- Installing: /Users/zhoubot/linx-isa/tools/pyCircuit/.pycircuit_out/gates/20260906-issue39-closure-r3/agentic-circuit/toolchain/install/include/llvm/ADT/DenseMapInfo.h
-- Installing: /Users/zhoubot/linx-isa/tools/pyCircuit/.pycircuit_out/gates/20260906-issue39-closure-r3/agentic-circuit/toolchain/install/include/llvm/ADT/TrieRawHashMap.h
-- Installing: /Users/zhoubot/linx-isa/tools/pyCircuit/.pycircuit_out/gates/20260906-issue39-closure-r3/agentic-circuit/toolchain/install/include/llvm/ADT/bit.h
-- Installing: /Users/zhoubot/linx-isa/tools/pyCircuit/.pycircuit_out/gates/20260906-issue39-closure-r3/agentic-circuit/toolchain/install/include/llvm/ADT/CombinationGenerator.h
-- Installing: /Users/zhoubot/linx-isa/tools/pyCircuit/.pycircuit_out/gates/20260906-issue39-closure-r3/agentic-circuit/toolchain/install/include/llvm/ADT/StableHashing.h
-- Installing: /Users/zhoubot/linx-isa/tools/pyCircuit/.pycircuit_out/gates/20260906-issue39-closure-r3/agentic-circuit/toolchain/install/include/llvm/ADT/SetOperations.h
-- Installing: /Users/zhoubot/linx-isa/tools/pyCircuit/.pycircuit_out/gates/20260906-issue39-closure-r3/agentic-circuit/toolchain/install/include/llvm/ADT/DenseMap.h
-- Installing: /Users/zhoubot/linx-isa/tools/pyCircuit/.pycircuit_out/gates/20260906-issue39-closure-r3/agentic-circuit/toolchain/install/include/llvm/ADT/SCCIterator.h
-- Installing: /Users/zhoubot/linx-isa/tools/pyCircuit/.pycircuit_out/gates/20260906-issue39-closure-r3/agentic-circuit/toolchain/install/include/llvm/ADT/IntervalTree.h
-- Installing: /Users/zhoubot/linx-isa/tools/pyCircuit/.pycircuit_out/gates/20260906-issue39-closure-r3/agentic-circuit/toolchain/install/include/llvm/ADT/LazyAtomicPointer.h
-- Installing: /Users/zhoubot/linx-isa/tools/pyCircuit/.pycircuit_out/gates/20260906-issue39-closure-r3/agentic-circuit/toolchain/install/include/llvm/ADT/PriorityWorklist.h
-- Installing: /Users/zhoubot/linx-isa/tools/pyCircuit/.pycircuit_out/gates/20260906-issue39-closure-r3/agentic-circuit/toolchain/install/include/llvm/ADT/IntrusiveRefCntPtr.h
-- Installing: /Users/zhoubot/linx-isa/tools/pyCircuit/.pycircuit_out/gates/20260906-issue39-closure-r3/agentic-circuit/toolchain/install/include/llvm/ADT/FloatingPointMode.h
-- Installing: /Users/zhoubot/linx-isa/tools/pyCircuit/.pycircuit_out/gates/20260906-issue39-closure-r3/agentic-circuit/toolchain/install/include/llvm/ADT/ArrayRef.h
-- Installing: /Users/zhoubot/linx-isa/tools/pyCircuit/.pycircuit_out/gates/20260906-issue39-closure-r3/agentic-circuit/toolchain/install/include/llvm/ADT/SparseMultiSet.h
-- Installing: /Users/zhoubot/linx-isa/tools/pyCircuit/.pycircuit_out/gates/20260906-issue39-closure-r3/agentic-circuit/toolchain/install/include/llvm/ADT/AddressRanges.h
-- Installing: /Users/zhoubot/linx-isa/tools/pyCircuit/.pycircuit_out/gates/20260906-issue39-closure-r3/agentic-circuit/toolchain/install/include/llvm/ADT/EnumeratedArray.h
-- Installing: /Users/zhoubot/linx-isa/tools/pyCircuit/.pycircuit_out/gates/20260906-issue39-closure-r3/agentic-circuit/toolchain/install/include/llvm/ADT/StringExtras.h
-- Installing: /Users/zhoubot/linx-isa/tools/pyCircuit/.pycircuit_out/gates/20260906-issue39-closure-r3/agentic-circuit/toolchain/install/include/llvm/ADT/StringSet.h
-- Installing: /Users/zhoubot/linx-isa/tools/pyCircuit/.pycircuit_out/gates/20260906-issue39-closure-r3/agentic-circuit/toolchain/install/include/llvm/ADT/PagedVector.h
-- Installing: /Users/zhoubot/linx-isa/tools/pyCircuit/.pycircuit_out/gates/20260906-issue39-closure-r3/agentic-circuit/toolchain/install/include/llvm/ADT/DAGDeltaAlgorithm.h
-- Installing: /Users/zhoubot/linx-isa/tools/pyCircuit/.pycircuit_out/gates/20260906-issue39-closure-r3/agentic-circuit/toolchain/install/include/llvm/ADT/ImmutableList.h
-- Installing: /Users/zhoubot/linx-isa/tools/pyCircuit/.pycircuit_out/gates/20260906-issue39-closure-r3/agentic-circuit/toolchain/install/include/llvm/ADT/PriorityQueue.h
-- Installing: /Users/zhoubot/linx-isa/tools/pyCircuit/.pycircuit_out/gates/20260906-issue39-closure-r3/agentic-circuit/toolchain/install/include/llvm/ADT/DeltaAlgorithm.h
-- Installing: /Users/zhoubot/linx-isa/tools/pyCircuit/.pycircuit_out/gates/20260906-issue39-closure-r3/agentic-circuit/toolchain/install/include/llvm/ADT/ilist_base.h
-- Installing: /Users/zhoubot/linx-isa/tools/pyCircuit/.pycircuit_out/gates/20260906-issue39-closure-r3/agentic-circuit/toolchain/install/include/llvm/ADT/CachedHashString.h
-- Installing: /Users/zhoubot/linx-isa/tools/pyCircuit/.pycircuit_out/gates/20260906-issue39-closure-r3/agentic-circuit/toolchain/install/include/llvm/ADT/Sequence.h
-- Installing: /Users/zhoubot/linx-isa/tools/pyCircuit/.pycircuit_out/gates/20260906-issue39-closure-r3/agentic-circuit/toolchain/install/include/llvm/ADT/APInt.h
-- Installing: /Users/zhoubot/linx-isa/tools/pyCircuit/.pycircuit_out/gates/20260906-issue39-closure-r3/agentic-circuit/toolchain/install/include/llvm/ADT/IntEqClasses.h
-- Installing: /Users/zhoubot/linx-isa/tools/pyCircuit/.pycircuit_out/gates/20260906-issue39-closure-r3/agentic-circuit/toolchain/install/include/llvm/ADT/PointerEmbeddedInt.h
-- Installing: /Users/zhoubot/linx-isa/tools/pyCircuit/.pycircuit_out/gates/20260906-issue39-closure-r3/agentic-circuit/toolchain/install/include/llvm/ADT/DenseSet.h
-- Installing: /Users/zhoubot/linx-isa/tools/pyCircuit/.pycircuit_out/gates/20260906-issue39-closure-r3/agentic-circuit/toolchain/install/include/llvm/ADT/StringRef.h
-- Installing: /Users/zhoubot/linx-isa/tools/pyCircuit/.pycircuit_out/gates/20260906-issue39-closure-r3/agentic-circuit/toolchain/install/include/llvm/ADT/STLForwardCompat.h
-- Installing: /Users/zhoubot/linx-isa/tools/pyCircuit/.pycircuit_out/gates/20260906-issue39-closure-r3/agentic-circuit/toolchain/install/include/llvm/ADT/ilist_node_options.h
-- Installing: /Users/zhoubot/linx-isa/tools/pyCircuit/.pycircuit_out/gates/20260906-issue39-closure-r3/agentic-circuit/toolchain/install/include/llvm/ADT/ilist_iterator.h
-- Installing: /Users/zhoubot/linx-isa/tools/pyCircuit/.pycircuit_out/gates/20260906-issue39-closure-r3/agentic-circuit/toolchain/install/include/llvm/ADT/Uniformity.h
-- Installing: /Users/zhoubot/linx-isa/tools/pyCircuit/.pycircuit_out/gates/20260906-issue39-closure-r3/agentic-circuit/toolchain/install/include/llvm/ADT/PointerUnion.h
-- Installing: /Users/zhoubot/linx-isa/tools/pyCircuit/.pycircuit_out/gates/20260906-issue39-closure-r3/agentic-circuit/toolchain/install/include/llvm/ADT/UniqueVector.h
-- Installing: /Users/zhoubot/linx-isa/tools/pyCircuit/.pycircuit_out/gates/20260906-issue39-closure-r3/agentic-circuit/toolchain/install/include/llvm/ADT/EpochTracker.h
-- Installing: /Users/zhoubot/linx-isa/tools/pyCircuit/.pycircuit_out/gates/20260906-issue39-closure-r3/agentic-circuit/toolchain/install/include/llvm/ADT/AllocatorList.h
-- Installing: /Users/zhoubot/linx-isa/tools/pyCircuit/.pycircuit_out/gates/20260906-issue39-closure-r3/agentic-circuit/toolchain/install/include/llvm/ADT/GenericUniformityInfo.h
-- Installing: /Users/zhoubot/linx-isa/tools/pyCircuit/.pycircuit_out/gates/20260906-issue39-closure-r3/agentic-circuit/toolchain/install/include/llvm/ADT/APFixedPoint.h
-- Installing: /Users/zhoubot/linx-isa/tools/pyCircuit/.pycircuit_out/gates/20260906-issue39-closure-r3/agentic-circuit/toolchain/install/include/llvm/ADT/GenericUniformityImpl.h
-- Installing: /Users/zhoubot/linx-isa/tools/pyCircuit/.pycircuit_out/gates/20260906-issue39-closure-r3/agentic-circuit/toolchain/install/include/llvm/ADT/EquivalenceClasses.h
-- Installing: /Users/zhoubot/linx-isa/tools/pyCircuit/.pycircuit_out/gates/20260906-issue39-closure-r3/agentic-circuit/toolchain/install/include/llvm/ADT/SparseSet.h
-- Installing: /Users/zhoubot/linx-isa/tools/pyCircuit/.pycircuit_out/gates/20260906-issue39-closure-r3/agentic-circuit/toolchain/install/include/llvm/ADT/Bitfields.h
-- Installing: /Users/zhoubot/linx-isa/tools/pyCircuit/.pycircuit_out/gates/20260906-issue39-closure-r3/agentic-circuit/toolchain/install/include/llvm/ADT/ScopeExit.h
-- Installing: /Users/zhoubot/linx-isa/tools/pyCircuit/.pycircuit_out/gates/20260906-issue39-closure-r3/agentic-circuit/toolchain/install/include/llvm/ADT/RewriteBuffer.h
-- Installing: /Users/zhoubot/linx-isa/tools/pyCircuit/.pycircuit_out/gates/20260906-issue39-closure-r3/agentic-circuit/toolchain/install/include/llvm/ADT/ImmutableSet.h
-- Installing: /Users/zhoubot/linx-isa/tools/pyCircuit/.pycircuit_out/gates/20260906-issue39-closure-r3/agentic-circuit/toolchain/install/include/llvm/ADT/Hashing.h
-- Installing: /Users/zhoubot/linx-isa/tools/pyCircuit/.pycircuit_out/gates/20260906-issue39-closure-r3/agentic-circuit/toolchain/install/include/llvm/ADT/ilist_node_base.h
-- Installing: /Users/zhoubot/linx-isa/tools/pyCircuit/.pycircuit_out/gates/20260906-issue39-closure-r3/agentic-circuit/toolchain/install/include/llvm/ADT/ScopedHashTable.h
-- Installing: /Users/zhoubot/linx-isa/tools/pyCircuit/.pycircuit_out/gates/20260906-issue39-closure-r3/agentic-circuit/toolchain/install/include/llvm/ADT/Statistic.h
-- Installing: /Users/zhoubot/linx-isa/tools/pyCircuit/.pycircuit_out/gates/20260906-issue39-closure-r3/agentic-circuit/toolchain/install/include/llvm/ADT/DirectedGraph.h
-- Installing: /Users/zhoubot/linx-isa/tools/pyCircuit/.pycircuit_out/gates/20260906-issue39-closure-r3/agentic-circuit/toolchain/install/include/llvm/ADT/SmallString.h
-- Installing: /Users/zhoubot/linx-isa/tools/pyCircuit/.pycircuit_out/gates/20260906-issue39-closure-r3/agentic-circuit/toolchain/install/include/llvm/ADT/TypeSwitch.h
-- Installing: /Users/zhoubot/linx-isa/tools/pyCircuit/.pycircuit_out/gates/20260906-issue39-closure-r3/agentic-circuit/toolchain/install/include/llvm/ADT/MapVector.h
-- Installing: /Users/zhoubot/linx-isa/tools/pyCircuit/.pycircuit_out/gates/20260906-issue39-closure-r3/agentic-circuit/toolchain/install/include/llvm/ADT/SlowDynamicAPInt.h
-- Installing: /Users/zhoubot/linx-isa/tools/pyCircuit/.pycircuit_out/gates/20260906-issue39-closure-r3/agentic-circuit/toolchain/install/include/llvm/ADT/ADL.h
-- Installing: /Users/zhoubot/linx-isa/tools/pyCircuit/.pycircuit_out/gates/20260906-issue39-closure-r3/agentic-circuit/toolchain/install/include/llvm/ADT/TinyPtrVector.h
-- Installing: /Users/zhoubot/linx-isa/tools/pyCircuit/.pycircuit_out/gates/20260906-issue39-closure-r3/agentic-circuit/toolchain/install/include/llvm/ADT/GenericCycleInfo.h
-- Installing: /Users/zhoubot/linx-isa/tools/pyCircuit/.pycircuit_out/gates/20260906-issue39-closure-r3/agentic-circuit/toolchain/install/include/llvm/ADT/GenericCycleImpl.h
-- Installing: /Users/zhoubot/linx-isa/tools/pyCircuit/.pycircuit_out/gates/20260906-issue39-closure-r3/agentic-circuit/toolchain/install/include/llvm/ADT/PointerIntPair.h
-- Installing: /Users/zhoubot/linx-isa/tools/pyCircuit/.pycircuit_out/gates/20260906-issue39-closure-r3/agentic-circuit/toolchain/install/include/llvm/ADT/STLFunctionalExtras.h
-- Installing: /Users/zhoubot/linx-isa/tools/pyCircuit/.pycircuit_out/gates/20260906-issue39-closure-r3/agentic-circuit/toolchain/install/include/llvm/ADT/iterator.h
-- Installing: /Users/zhoubot/linx-isa/tools/pyCircuit/.pycircuit_out/gates/20260906-issue39-closure-r3/agentic-circuit/toolchain/install/include/llvm/ADT/SmallVector.h
-- Installing: /Users/zhoubot/linx-isa/tools/pyCircuit/.pycircuit_out/gates/20260906-issue39-closure-r3/agentic-circuit/toolchain/install/include/llvm/ADT/fallible_iterator.h
-- Installing: /Users/zhoubot/linx-isa/tools/pyCircuit/.pycircuit_out/gates/20260906-issue39-closure-r3/agentic-circuit/toolchain/install/include/llvm/ADT/Any.h
-- Installing: /Users/zhoubot/linx-isa/tools/pyCircuit/.pycircuit_out/gates/20260906-issue39-closure-r3/agentic-circuit/toolchain/install/include/llvm/ADT/DepthFirstIterator.h
-- Installing: /Users/zhoubot/linx-isa/tools/pyCircuit/.pycircuit_out/gates/20260906-issue39-closure-r3/agentic-circuit/toolchain/install/include/llvm/ADT/IndexedMap.h
-- Installing: /Users/zhoubot/linx-isa/tools/pyCircuit/.pycircuit_out/gates/20260906-issue39-closure-r3/agentic-circuit/toolchain/install/include/llvm/ADT/ilist.h
-- Installing: /Users/zhoubot/linx-isa/tools/pyCircuit/.pycircuit_out/gates/20260906-issue39-closure-r3/agentic-circuit/toolchain/install/include/llvm/ADT/FunctionExtras.h
-- Installing: /Users/zhoubot/linx-isa/tools/pyCircuit/.pycircuit_out/gates/20260906-issue39-closure-r3/agentic-circuit/toolchain/install/include/llvm/ADT/GenericSSAContext.h
-- Installing: /Users/zhoubot/linx-isa/tools/pyCircuit/.pycircuit_out/gates/20260906-issue39-closure-r3/agentic-circuit/toolchain/install/include/llvm/ADT/SetVector.h
-- Installing: /Users/zhoubot/linx-isa/tools/pyCircuit/.pycircuit_out/gates/20260906-issue39-closure-r3/agentic-circuit/toolchain/install/include/llvm/ADT/StringTable.h
-- Installing: /Users/zhoubot/linx-isa/tools/pyCircuit/.pycircuit_out/gates/20260906-issue39-closure-r3/agentic-circuit/toolchain/install/include/llvm/ADT/DeltaTree.h
-- Installing: /Users/zhoubot/linx-isa/tools/pyCircuit/.pycircuit_out/gates/20260906-issue39-closure-r3/agentic-circuit/toolchain/install/include/llvm/ADT/APFloat.h
-- Installing: /Users/zhoubot/linx-isa/tools/pyCircuit/.pycircuit_out/gates/20260906-issue39-closure-r3/agentic-circuit/toolchain/install/include/llvm/Bitstream
-- Installing: /Users/zhoubot/linx-isa/tools/pyCircuit/.pycircuit_out/gates/20260906-issue39-closure-r3/agentic-circuit/toolchain/install/include/llvm/Bitstream/BitstreamWriter.h
-- Installing: /Users/zhoubot/linx-isa/tools/pyCircuit/.pycircuit_out/gates/20260906-issue39-closure-r3/agentic-circuit/toolchain/install/include/llvm/Bitstream/BitCodeEnums.h
-- Installing: /Users/zhoubot/linx-isa/tools/pyCircuit/.pycircuit_out/gates/20260906-issue39-closure-r3/agentic-circuit/toolchain/install/include/llvm/Bitstream/BitCodes.h
-- Installing: /Users/zhoubot/linx-isa/tools/pyCircuit/.pycircuit_out/gates/20260906-issue39-closure-r3/agentic-circuit/toolchain/install/include/llvm/Bitstream/BitstreamReader.h
-- Installing: /Users/zhoubot/linx-isa/tools/pyCircuit/.pycircuit_out/gates/20260906-issue39-closure-r3/agentic-circuit/toolchain/install/include/llvm/DWARFLinker
-- Installing: /Users/zhoubot/linx-isa/tools/pyCircuit/.pycircuit_out/gates/20260906-issue39-closure-r3/agentic-circuit/toolchain/install/include/llvm/DWARFLinker/Utils.h
-- Installing: /Users/zhoubot/linx-isa/tools/pyCircuit/.pycircuit_out/gates/20260906-issue39-closure-r3/agentic-circuit/toolchain/install/include/llvm/DWARFLinker/Parallel
-- Installing: /Users/zhoubot/linx-isa/tools/pyCircuit/.pycircuit_out/gates/20260906-issue39-closure-r3/agentic-circuit/toolchain/install/include/llvm/DWARFLinker/Parallel/DWARFLinker.h
-- Installing: /Users/zhoubot/linx-isa/tools/pyCircuit/.pycircuit_out/gates/20260906-issue39-closure-r3/agentic-circuit/toolchain/install/include/llvm/DWARFLinker/Classic
-- Installing: /Users/zhoubot/linx-isa/tools/pyCircuit/.pycircuit_out/gates/20260906-issue39-closure-r3/agentic-circuit/toolchain/install/include/llvm/DWARFLinker/Classic/DWARFLinkerDeclContext.h
-- Installing: /Users/zhoubot/linx-isa/tools/pyCircuit/.pycircuit_out/gates/20260906-issue39-closure-r3/agentic-circuit/toolchain/install/include/llvm/DWARFLinker/Classic/DWARFStreamer.h
-- Installing: /Users/zhoubot/linx-isa/tools/pyCircuit/.pycircuit_out/gates/20260906-issue39-closure-r3/agentic-circuit/toolchain/install/include/llvm/DWARFLinker/Classic/DWARFLinkerCompileUnit.h
-- Installing: /Users/zhoubot/linx-isa/tools/pyCircuit/.pycircuit_out/gates/20260906-issue39-closure-r3/agentic-circuit/toolchain/install/include/llvm/DWARFLinker/Classic/DWARFLinker.h
-- Installing: /Users/zhoubot/linx-isa/tools/pyCircuit/.pycircuit_out/gates/20260906-issue39-closure-r3/agentic-circuit/toolchain/install/include/llvm/DWARFLinker/IndexedValuesMap.h
-- Installing: /Users/zhoubot/linx-isa/tools/pyCircuit/.pycircuit_out/gates/20260906-issue39-closure-r3/agentic-circuit/toolchain/install/include/llvm/DWARFLinker/DWARFFile.h
-- Installing: /Users/zhoubot/linx-isa/tools/pyCircuit/.pycircuit_out/gates/20260906-issue39-closure-r3/agentic-circuit/toolchain/install/include/llvm/DWARFLinker/AddressesMap.h
-- Installing: /Users/zhoubot/linx-isa/tools/pyCircuit/.pycircuit_out/gates/20260906-issue39-closure-r3/agentic-circuit/toolchain/install/include/llvm/DWARFLinker/DWARFLinkerBase.h
-- Installing: /Users/zhoubot/linx-isa/tools/pyCircuit/.pycircuit_out/gates/20260906-issue39-closure-r3/agentic-circuit/toolchain/install/include/llvm/DWARFLinker/StringPool.h
-- Installing: /Users/zhoubot/linx-isa/tools/pyCircuit/.pycircuit_out/gates/20260906-issue39-closure-r3/agentic-circuit/toolchain/install/include/llvm/PassRegistry.h
-- Installing: /Users/zhoubot/linx-isa/tools/pyCircuit/.pycircuit_out/gates/20260906-issue39-closure-r3/agentic-circuit/toolchain/install/include/llvm/Analysis
-- Installing: /Users/zhoubot/linx-isa/tools/pyCircuit/.pycircuit_out/gates/20260906-issue39-closure-r3/agentic-circuit/toolchain/install/include/llvm/Analysis/MemoryLocation.h
-- Installing: /Users/zhoubot/linx-isa/tools/pyCircuit/.pycircuit_out/gates/20260906-issue39-closure-r3/agentic-circuit/toolchain/install/include/llvm/Analysis/EphemeralValuesCache.h
-- Installing: /Users/zhoubot/linx-isa/tools/pyCircuit/.pycircuit_out/gates/20260906-issue39-closure-r3/agentic-circuit/toolchain/install/include/llvm/Analysis/ValueLatticeUtils.h
-- Installing: /Users/zhoubot/linx-isa/tools/pyCircuit/.pycircuit_out/gates/20260906-issue39-closure-r3/agentic-circuit/toolchain/install/include/llvm/Analysis/AliasAnalysis.h
-- Installing: /Users/zhoubot/linx-isa/tools/pyCircuit/.pycircuit_out/gates/20260906-issue39-closure-r3/agentic-circuit/toolchain/install/include/llvm/Analysis/LoopIterator.h
-- Installing: /Users/zhoubot/linx-isa/tools/pyCircuit/.pycircuit_out/gates/20260906-issue39-closure-r3/agentic-circuit/toolchain/install/include/llvm/Analysis/CycleAnalysis.h
-- Installing: /Users/zhoubot/linx-isa/tools/pyCircuit/.pycircuit_out/gates/20260906-issue39-closure-r3/agentic-circuit/toolchain/install/include/llvm/Analysis/HashRecognize.h
-- Installing: /Users/zhoubot/linx-isa/tools/pyCircuit/.pycircuit_out/gates/20260906-issue39-closure-r3/agentic-circuit/toolchain/install/include/llvm/Analysis/DXILResource.h
-- Installing: /Users/zhoubot/linx-isa/tools/pyCircuit/.pycircuit_out/gates/20260906-issue39-closure-r3/agentic-circuit/toolchain/install/include/llvm/Analysis/MemoryDependenceAnalysis.h
-- Installing: /Users/zhoubot/linx-isa/tools/pyCircuit/.pycircuit_out/gates/20260906-issue39-closure-r3/agentic-circuit/toolchain/install/include/llvm/Analysis/InterestingMemoryOperand.h
-- Installing: /Users/zhoubot/linx-isa/tools/pyCircuit/.pycircuit_out/gates/20260906-issue39-closure-r3/agentic-circuit/toolchain/install/include/llvm/Analysis/ReleaseModeModelRunner.h
-- Installing: /Users/zhoubot/linx-isa/tools/pyCircuit/.pycircuit_out/gates/20260906-issue39-closure-r3/agentic-circuit/toolchain/install/include/llvm/Analysis/IndirectCallPromotionAnalysis.h
-- Installing: /Users/zhoubot/linx-isa/tools/pyCircuit/.pycircuit_out/gates/20260906-issue39-closure-r3/agentic-circuit/toolchain/install/include/llvm/Analysis/EHUtils.h
-- Installing: /Users/zhoubot/linx-isa/tools/pyCircuit/.pycircuit_out/gates/20260906-issue39-closure-r3/agentic-circuit/toolchain/install/include/llvm/Analysis/TargetFolder.h
-- Installing: /Users/zhoubot/linx-isa/tools/pyCircuit/.pycircuit_out/gates/20260906-issue39-closure-r3/agentic-circuit/toolchain/install/include/llvm/Analysis/PostDominators.h
-- Installing: /Users/zhoubot/linx-isa/tools/pyCircuit/.pycircuit_out/gates/20260906-issue39-closure-r3/agentic-circuit/toolchain/install/include/llvm/Analysis/ObjCARCInstKind.h
-- Installing: /Users/zhoubot/linx-isa/tools/pyCircuit/.pycircuit_out/gates/20260906-issue39-closure-r3/agentic-circuit/toolchain/install/include/llvm/Analysis/DDG.h
-- Installing: /Users/zhoubot/linx-isa/tools/pyCircuit/.pycircuit_out/gates/20260906-issue39-closure-r3/agentic-circuit/toolchain/install/include/llvm/Analysis/DemandedBits.h
-- Installing: /Users/zhoubot/linx-isa/tools/pyCircuit/.pycircuit_out/gates/20260906-issue39-closure-r3/agentic-circuit/toolchain/install/include/llvm/Analysis/ModelUnderTrainingRunner.h
-- Installing: /Users/zhoubot/linx-isa/tools/pyCircuit/.pycircuit_out/gates/20260906-issue39-closure-r3/agentic-circuit/toolchain/install/include/llvm/Analysis/ModuleSummaryAnalysis.h
-- Installing: /Users/zhoubot/linx-isa/tools/pyCircuit/.pycircuit_out/gates/20260906-issue39-closure-r3/agentic-circuit/toolchain/install/include/llvm/Analysis/LazyBlockFrequencyInfo.h
-- Installing: /Users/zhoubot/linx-isa/tools/pyCircuit/.pycircuit_out/gates/20260906-issue39-closure-r3/agentic-circuit/toolchain/install/include/llvm/Analysis/FunctionPropertiesAnalysis.h
-- Installing: /Users/zhoubot/linx-isa/tools/pyCircuit/.pycircuit_out/gates/20260906-issue39-closure-r3/agentic-circuit/toolchain/install/include/llvm/Analysis/ObjCARCUtil.h
-- Installing: /Users/zhoubot/linx-isa/tools/pyCircuit/.pycircuit_out/gates/20260906-issue39-closure-r3/agentic-circuit/toolchain/install/include/llvm/Analysis/IteratedDominanceFrontier.h
-- Installing: /Users/zhoubot/linx-isa/tools/pyCircuit/.pycircuit_out/gates/20260906-issue39-closure-r3/agentic-circuit/toolchain/install/include/llvm/Analysis/CmpInstAnalysis.h
-- Installing: /Users/zhoubot/linx-isa/tools/pyCircuit/.pycircuit_out/gates/20260906-issue39-closure-r3/agentic-circuit/toolchain/install/include/llvm/Analysis/AliasSetTracker.h
-- Installing: /Users/zhoubot/linx-isa/tools/pyCircuit/.pycircuit_out/gates/20260906-issue39-closure-r3/agentic-circuit/toolchain/install/include/llvm/Analysis/FloatingPointPredicateUtils.h
-- Installing: /Users/zhoubot/linx-isa/tools/pyCircuit/.pycircuit_out/gates/20260906-issue39-closure-r3/agentic-circuit/toolchain/install/include/llvm/Analysis/NoInferenceModelRunner.h
-- Installing: /Users/zhoubot/linx-isa/tools/pyCircuit/.pycircuit_out/gates/20260906-issue39-closure-r3/agentic-circuit/toolchain/install/include/llvm/Analysis/LoopNestAnalysis.h
-- Installing: /Users/zhoubot/linx-isa/tools/pyCircuit/.pycircuit_out/gates/20260906-issue39-closure-r3/agentic-circuit/toolchain/install/include/llvm/Analysis/RegionInfo.h
-- Installing: /Users/zhoubot/linx-isa/tools/pyCircuit/.pycircuit_out/gates/20260906-issue39-closure-r3/agentic-circuit/toolchain/install/include/llvm/Analysis/CallGraphSCCPass.h
-- Installing: /Users/zhoubot/linx-isa/tools/pyCircuit/.pycircuit_out/gates/20260906-issue39-closure-r3/agentic-circuit/toolchain/install/include/llvm/Analysis/SimplifyQuery.h
-- Installing: /Users/zhoubot/linx-isa/tools/pyCircuit/.pycircuit_out/gates/20260906-issue39-closure-r3/agentic-circuit/toolchain/install/include/llvm/Analysis/LoopAnalysisManager.h
-- Installing: /Users/zhoubot/linx-isa/tools/pyCircuit/.pycircuit_out/gates/20260906-issue39-closure-r3/agentic-circuit/toolchain/install/include/llvm/Analysis/PhiValues.h
-- Installing: /Users/zhoubot/linx-isa/tools/pyCircuit/.pycircuit_out/gates/20260906-issue39-closure-r3/agentic-circuit/toolchain/install/include/llvm/Analysis/ConstantFolding.h
-- Installing: /Users/zhoubot/linx-isa/tools/pyCircuit/.pycircuit_out/gates/20260906-issue39-closure-r3/agentic-circuit/toolchain/install/include/llvm/Analysis/PtrUseVisitor.h
-- Installing: /Users/zhoubot/linx-isa/tools/pyCircuit/.pycircuit_out/gates/20260906-issue39-closure-r3/agentic-circuit/toolchain/install/include/llvm/Analysis/StackSafetyAnalysis.h
-- Installing: /Users/zhoubot/linx-isa/tools/pyCircuit/.pycircuit_out/gates/20260906-issue39-closure-r3/agentic-circuit/toolchain/install/include/llvm/Analysis/AssumeBundleQueries.h
-- Installing: /Users/zhoubot/linx-isa/tools/pyCircuit/.pycircuit_out/gates/20260906-issue39-closure-r3/agentic-circuit/toolchain/install/include/llvm/Analysis/MemoryBuiltins.h
-- Installing: /Users/zhoubot/linx-isa/tools/pyCircuit/.pycircuit_out/gates/20260906-issue39-closure-r3/agentic-circuit/toolchain/install/include/llvm/Analysis/DependenceGraphBuilder.h
-- Installing: /Users/zhoubot/linx-isa/tools/pyCircuit/.pycircuit_out/gates/20260906-issue39-closure-r3/agentic-circuit/toolchain/install/include/llvm/Analysis/RuntimeLibcallInfo.h
-- Installing: /Users/zhoubot/linx-isa/tools/pyCircuit/.pycircuit_out/gates/20260906-issue39-closure-r3/agentic-circuit/toolchain/install/include/llvm/Analysis/InstructionPrecedenceTracking.h
-- Installing: /Users/zhoubot/linx-isa/tools/pyCircuit/.pycircuit_out/gates/20260906-issue39-closure-r3/agentic-circuit/toolchain/install/include/llvm/Analysis/InstCount.h
-- Installing: /Users/zhoubot/linx-isa/tools/pyCircuit/.pycircuit_out/gates/20260906-issue39-closure-r3/agentic-circuit/toolchain/install/include/llvm/Analysis/IndirectCallVisitor.h
-- Installing: /Users/zhoubot/linx-isa/tools/pyCircuit/.pycircuit_out/gates/20260906-issue39-closure-r3/agentic-circuit/toolchain/install/include/llvm/Analysis/LazyCallGraph.h
-- Installing: /Users/zhoubot/linx-isa/tools/pyCircuit/.pycircuit_out/gates/20260906-issue39-closure-r3/agentic-circuit/toolchain/install/include/llvm/Analysis/AliasAnalysisEvaluator.h
-- Installing: /Users/zhoubot/linx-isa/tools/pyCircuit/.pycircuit_out/gates/20260906-issue39-closure-r3/agentic-circuit/toolchain/install/include/llvm/Analysis/CFGPrinter.h
-- Installing: /Users/zhoubot/linx-isa/tools/pyCircuit/.pycircuit_out/gates/20260906-issue39-closure-r3/agentic-circuit/toolchain/install/include/llvm/Analysis/Delinearization.h
-- Installing: /Users/zhoubot/linx-isa/tools/pyCircuit/.pycircuit_out/gates/20260906-issue39-closure-r3/agentic-circuit/toolchain/install/include/llvm/Analysis/DomConditionCache.h
-- Installing: /Users/zhoubot/linx-isa/tools/pyCircuit/.pycircuit_out/gates/20260906-issue39-closure-r3/agentic-circuit/toolchain/install/include/llvm/Analysis/ModuleDebugInfoPrinter.h
-- Installing: /Users/zhoubot/linx-isa/tools/pyCircuit/.pycircuit_out/gates/20260906-issue39-closure-r3/agentic-circuit/toolchain/install/include/llvm/Analysis/CaptureTracking.h
-- Installing: /Users/zhoubot/linx-isa/tools/pyCircuit/.pycircuit_out/gates/20260906-issue39-closure-r3/agentic-circuit/toolchain/install/include/llvm/Analysis/RegionPass.h
-- Installing: /Users/zhoubot/linx-isa/tools/pyCircuit/.pycircuit_out/gates/20260906-issue39-closure-r3/agentic-circuit/toolchain/install/include/llvm/Analysis/ReplayInlineAdvisor.h
-- Installing: /Users/zhoubot/linx-isa/tools/pyCircuit/.pycircuit_out/gates/20260906-issue39-closure-r3/agentic-circuit/toolchain/install/include/llvm/Analysis/ValueLattice.h
-- Installing: /Users/zhoubot/linx-isa/tools/pyCircuit/.pycircuit_out/gates/20260906-issue39-closure-r3/agentic-circuit/toolchain/install/include/llvm/Analysis/MemDerefPrinter.h
-- Installing: /Users/zhoubot/linx-isa/tools/pyCircuit/.pycircuit_out/gates/20260906-issue39-closure-r3/agentic-circuit/toolchain/install/include/llvm/Analysis/ScalarEvolutionAliasAnalysis.h
-- Installing: /Users/zhoubot/linx-isa/tools/pyCircuit/.pycircuit_out/gates/20260906-issue39-closure-r3/agentic-circuit/toolchain/install/include/llvm/Analysis/GenericDomTreeUpdater.h
-- Installing: /Users/zhoubot/linx-isa/tools/pyCircuit/.pycircuit_out/gates/20260906-issue39-closure-r3/agentic-circuit/toolchain/install/include/llvm/Analysis/OverflowInstAnalysis.h
-- Installing: /Users/zhoubot/linx-isa/tools/pyCircuit/.pycircuit_out/gates/20260906-issue39-closure-r3/agentic-circuit/toolchain/install/include/llvm/Analysis/DomTreeUpdater.h
-- Installing: /Users/zhoubot/linx-isa/tools/pyCircuit/.pycircuit_out/gates/20260906-issue39-closure-r3/agentic-circuit/toolchain/install/include/llvm/Analysis/ScalarEvolutionNormalization.h
-- Installing: /Users/zhoubot/linx-isa/tools/pyCircuit/.pycircuit_out/gates/20260906-issue39-closure-r3/agentic-circuit/toolchain/install/include/llvm/Analysis/DXILMetadataAnalysis.h
-- Installing: /Users/zhoubot/linx-isa/tools/pyCircuit/.pycircuit_out/gates/20260906-issue39-closure-r3/agentic-circuit/toolchain/install/include/llvm/Analysis/MLModelRunner.h
-- Installing: /Users/zhoubot/linx-isa/tools/pyCircuit/.pycircuit_out/gates/20260906-issue39-closure-r3/agentic-circuit/toolchain/install/include/llvm/Analysis/ScalarFuncs.def
-- Installing: /Users/zhoubot/linx-isa/tools/pyCircuit/.pycircuit_out/gates/20260906-issue39-closure-r3/agentic-circuit/toolchain/install/include/llvm/Analysis/Utils
-- Installing: /Users/zhoubot/linx-isa/tools/pyCircuit/.pycircuit_out/gates/20260906-issue39-closure-r3/agentic-circuit/toolchain/install/include/llvm/Analysis/Utils/ImportedFunctionsInliningStatistics.h
-- Installing: /Users/zhoubot/linx-isa/tools/pyCircuit/.pycircuit_out/gates/20260906-issue39-closure-r3/agentic-circuit/toolchain/install/include/llvm/Analysis/Utils/Local.h
-- Installing: /Users/zhoubot/linx-isa/tools/pyCircuit/.pycircuit_out/gates/20260906-issue39-closure-r3/agentic-circuit/toolchain/install/include/llvm/Analysis/Utils/TFUtils.h
-- Installing: /Users/zhoubot/linx-isa/tools/pyCircuit/.pycircuit_out/gates/20260906-issue39-closure-r3/agentic-circuit/toolchain/install/include/llvm/Analysis/Utils/TrainingLogger.h
-- Installing: /Users/zhoubot/linx-isa/tools/pyCircuit/.pycircuit_out/gates/20260906-issue39-closure-r3/agentic-circuit/toolchain/install/include/llvm/Analysis/InstSimplifyFolder.h
-- Installing: /Users/zhoubot/linx-isa/tools/pyCircuit/.pycircuit_out/gates/20260906-issue39-closure-r3/agentic-circuit/toolchain/install/include/llvm/Analysis/ScopedNoAliasAA.h
-- Installing: /Users/zhoubot/linx-isa/tools/pyCircuit/.pycircuit_out/gates/20260906-issue39-closure-r3/agentic-circuit/toolchain/install/include/llvm/Analysis/SparsePropagation.h
-- Installing: /Users/zhoubot/linx-isa/tools/pyCircuit/.pycircuit_out/gates/20260906-issue39-closure-r3/agentic-circuit/toolchain/install/include/llvm/Analysis/ValueTracking.h
-- Installing: /Users/zhoubot/linx-isa/tools/pyCircuit/.pycircuit_out/gates/20260906-issue39-closure-r3/agentic-circuit/toolchain/install/include/llvm/Analysis/MLInlineAdvisor.h
-- Installing: /Users/zhoubot/linx-isa/tools/pyCircuit/.pycircuit_out/gates/20260906-issue39-closure-r3/agentic-circuit/toolchain/install/include/llvm/Analysis/InlineOrder.h
-- Installing: /Users/zhoubot/linx-isa/tools/pyCircuit/.pycircuit_out/gates/20260906-issue39-closure-r3/agentic-circuit/toolchain/install/include/llvm/Analysis/ScalarEvolutionPatternMatch.h
-- Installing: /Users/zhoubot/linx-isa/tools/pyCircuit/.pycircuit_out/gates/20260906-issue39-closure-r3/agentic-circuit/toolchain/install/include/llvm/Analysis/MemorySSA.h
-- Installing: /Users/zhoubot/linx-isa/tools/pyCircuit/.pycircuit_out/gates/20260906-issue39-closure-r3/agentic-circuit/toolchain/install/include/llvm/Analysis/GlobalsModRef.h
-- Installing: /Users/zhoubot/linx-isa/tools/pyCircuit/.pycircuit_out/gates/20260906-issue39-closure-r3/agentic-circuit/toolchain/install/include/llvm/Analysis/CtxProfAnalysis.h
-- Installing: /Users/zhoubot/linx-isa/tools/pyCircuit/.pycircuit_out/gates/20260906-issue39-closure-r3/agentic-circuit/toolchain/install/include/llvm/Analysis/DominanceFrontierImpl.h
-- Installing: /Users/zhoubot/linx-isa/tools/pyCircuit/.pycircuit_out/gates/20260906-issue39-closure-r3/agentic-circuit/toolchain/install/include/llvm/Analysis/UniformityAnalysis.h
-- Installing: /Users/zhoubot/linx-isa/tools/pyCircuit/.pycircuit_out/gates/20260906-issue39-closure-r3/agentic-circuit/toolchain/install/include/llvm/Analysis/PHITransAddr.h
-- Installing: /Users/zhoubot/linx-isa/tools/pyCircuit/.pycircuit_out/gates/20260906-issue39-closure-r3/agentic-circuit/toolchain/install/include/llvm/Analysis/GenericDomTreeUpdaterImpl.h
-- Installing: /Users/zhoubot/linx-isa/tools/pyCircuit/.pycircuit_out/gates/20260906-issue39-closure-r3/agentic-circuit/toolchain/install/include/llvm/Analysis/StackLifetime.h
-- Installing: /Users/zhoubot/linx-isa/tools/pyCircuit/.pycircuit_out/gates/20260906-issue39-closure-r3/agentic-circuit/toolchain/install/include/llvm/Analysis/TypeBasedAliasAnalysis.h
-- Installing: /Users/zhoubot/linx-isa/tools/pyCircuit/.pycircuit_out/gates/20260906-issue39-closure-r3/agentic-circuit/toolchain/install/include/llvm/Analysis/TargetLibraryInfo.td
-- Installing: /Users/zhoubot/linx-isa/tools/pyCircuit/.pycircuit_out/gates/20260906-issue39-closure-r3/agentic-circuit/toolchain/install/include/llvm/Analysis/MustExecute.h
-- Installing: /Users/zhoubot/linx-isa/tools/pyCircuit/.pycircuit_out/gates/20260906-issue39-closure-r3/agentic-circuit/toolchain/install/include/llvm/Analysis/ConstraintSystem.h
-- Installing: /Users/zhoubot/linx-isa/tools/pyCircuit/.pycircuit_out/gates/20260906-issue39-closure-r3/agentic-circuit/toolchain/install/include/llvm/Analysis/BlockFrequencyInfoImpl.h
-- Installing: /Users/zhoubot/linx-isa/tools/pyCircuit/.pycircuit_out/gates/20260906-issue39-closure-r3/agentic-circuit/toolchain/install/include/llvm/Analysis/BasicAliasAnalysis.h
-- Installing: /Users/zhoubot/linx-isa/tools/pyCircuit/.pycircuit_out/gates/20260906-issue39-closure-r3/agentic-circuit/toolchain/install/include/llvm/Analysis/DomPrinter.h
-- Installing: /Users/zhoubot/linx-isa/tools/pyCircuit/.pycircuit_out/gates/20260906-issue39-closure-r3/agentic-circuit/toolchain/install/include/llvm/Analysis/ObjCARCAnalysisUtils.h
-- Installing: /Users/zhoubot/linx-isa/tools/pyCircuit/.pycircuit_out/gates/20260906-issue39-closure-r3/agentic-circuit/toolchain/install/include/llvm/Analysis/CodeMetrics.h
-- Installing: /Users/zhoubot/linx-isa/tools/pyCircuit/.pycircuit_out/gates/20260906-issue39-closure-r3/agentic-circuit/toolchain/install/include/llvm/Analysis/TargetTransformInfo.h
-- Installing: /Users/zhoubot/linx-isa/tools/pyCircuit/.pycircuit_out/gates/20260906-issue39-closure-r3/agentic-circuit/toolchain/install/include/llvm/Analysis/WithCache.h
-- Installing: /Users/zhoubot/linx-isa/tools/pyCircuit/.pycircuit_out/gates/20260906-issue39-closure-r3/agentic-circuit/toolchain/install/include/llvm/Analysis/InlineModelFeatureMaps.h
-- Installing: /Users/zhoubot/linx-isa/tools/pyCircuit/.pycircuit_out/gates/20260906-issue39-closure-r3/agentic-circuit/toolchain/install/include/llvm/Analysis/Trace.h
-- Installing: /Users/zhoubot/linx-isa/tools/pyCircuit/.pycircuit_out/gates/20260906-issue39-closure-r3/agentic-circuit/toolchain/install/include/llvm/Analysis/IR2Vec.h
-- Installing: /Users/zhoubot/linx-isa/tools/pyCircuit/.pycircuit_out/gates/20260906-issue39-closure-r3/agentic-circuit/toolchain/install/include/llvm/Analysis/AssumptionCache.h
-- Installing: /Users/zhoubot/linx-isa/tools/pyCircuit/.pycircuit_out/gates/20260906-issue39-closure-r3/agentic-circuit/toolchain/install/include/llvm/Analysis/Loads.h
-- Installing: /Users/zhoubot/linx-isa/tools/pyCircuit/.pycircuit_out/gates/20260906-issue39-closure-r3/agentic-circuit/toolchain/install/include/llvm/Analysis/ScalarEvolution.h
-- Installing: /Users/zhoubot/linx-isa/tools/pyCircuit/.pycircuit_out/gates/20260906-issue39-closure-r3/agentic-circuit/toolchain/install/include/llvm/Analysis/DDGPrinter.h
-- Installing: /Users/zhoubot/linx-isa/tools/pyCircuit/.pycircuit_out/gates/20260906-issue39-closure-r3/agentic-circuit/toolchain/install/include/llvm/Analysis/LoopPass.h
-- Installing: /Users/zhoubot/linx-isa/tools/pyCircuit/.pycircuit_out/gates/20260906-issue39-closure-r3/agentic-circuit/toolchain/install/include/llvm/Analysis/Lint.h
-- Installing: /Users/zhoubot/linx-isa/tools/pyCircuit/.pycircuit_out/gates/20260906-issue39-closure-r3/agentic-circuit/toolchain/install/include/llvm/Analysis/TargetTransformInfoImpl.h
-- Installing: /Users/zhoubot/linx-isa/tools/pyCircuit/.pycircuit_out/gates/20260906-issue39-closure-r3/agentic-circuit/toolchain/install/include/llvm/Analysis/MemorySSAUpdater.h
-- Installing: /Users/zhoubot/linx-isa/tools/pyCircuit/.pycircuit_out/gates/20260906-issue39-closure-r3/agentic-circuit/toolchain/install/include/llvm/Analysis/HeatUtils.h
-- Installing: /Users/zhoubot/linx-isa/tools/pyCircuit/.pycircuit_out/gates/20260906-issue39-closure-r3/agentic-circuit/toolchain/install/include/llvm/Analysis/TypeMetadataUtils.h
-- Installing: /Users/zhoubot/linx-isa/tools/pyCircuit/.pycircuit_out/gates/20260906-issue39-closure-r3/agentic-circuit/toolchain/install/include/llvm/Analysis/CostModel.h
-- Installing: /Users/zhoubot/linx-isa/tools/pyCircuit/.pycircuit_out/gates/20260906-issue39-closure-r3/agentic-circuit/toolchain/install/include/llvm/Analysis/KernelInfo.h
-- Installing: /Users/zhoubot/linx-isa/tools/pyCircuit/.pycircuit_out/gates/20260906-issue39-closure-r3/agentic-circuit/toolchain/install/include/llvm/Analysis/VectorUtils.h
-- Installing: /Users/zhoubot/linx-isa/tools/pyCircuit/.pycircuit_out/gates/20260906-issue39-closure-r3/agentic-circuit/toolchain/install/include/llvm/Analysis/CGSCCPassManager.h
-- Installing: /Users/zhoubot/linx-isa/tools/pyCircuit/.pycircuit_out/gates/20260906-issue39-closure-r3/agentic-circuit/toolchain/install/include/llvm/Analysis/VecFuncs.def
-- Installing: /Users/zhoubot/linx-isa/tools/pyCircuit/.pycircuit_out/gates/20260906-issue39-closure-r3/agentic-circuit/toolchain/install/include/llvm/Analysis/DominanceFrontier.h
-- Installing: /Users/zhoubot/linx-isa/tools/pyCircuit/.pycircuit_out/gates/20260906-issue39-closure-r3/agentic-circuit/toolchain/install/include/llvm/Analysis/IRSimilarityIdentifier.h
-- Installing: /Users/zhoubot/linx-isa/tools/pyCircuit/.pycircuit_out/gates/20260906-issue39-closure-r3/agentic-circuit/toolchain/install/include/llvm/Analysis/StaticDataProfileInfo.h
-- Installing: /Users/zhoubot/linx-isa/tools/pyCircuit/.pycircuit_out/gates/20260906-issue39-closure-r3/agentic-circuit/toolchain/install/include/llvm/Analysis/RegionPrinter.h
-- Installing: /Users/zhoubot/linx-isa/tools/pyCircuit/.pycircuit_out/gates/20260906-issue39-closure-r3/agentic-circuit/toolchain/install/include/llvm/Analysis/LazyBranchProbabilityInfo.h
-- Installing: /Users/zhoubot/linx-isa/tools/pyCircuit/.pycircuit_out/gates/20260906-issue39-closure-r3/agentic-circuit/toolchain/install/include/llvm/Analysis/BranchProbabilityInfo.h
-- Installing: /Users/zhoubot/linx-isa/tools/pyCircuit/.pycircuit_out/gates/20260906-issue39-closure-r3/agentic-circuit/toolchain/install/include/llvm/Analysis/LastRunTrackingAnalysis.h
-- Installing: /Users/zhoubot/linx-isa/tools/pyCircuit/.pycircuit_out/gates/20260906-issue39-closure-r3/agentic-circuit/toolchain/install/include/llvm/Analysis/InlineCost.h
-- Installing: /Users/zhoubot/linx-isa/tools/pyCircuit/.pycircuit_out/gates/20260906-issue39-closure-r3/agentic-circuit/toolchain/install/include/llvm/Analysis/BlockFrequencyInfo.h
-- Installing: /Users/zhoubot/linx-isa/tools/pyCircuit/.pycircuit_out/gates/20260906-issue39-closure-r3/agentic-circuit/toolchain/install/include/llvm/Analysis/TargetLibraryInfo.h
-- Installing: /Users/zhoubot/linx-isa/tools/pyCircuit/.pycircuit_out/gates/20260906-issue39-closure-r3/agentic-circuit/toolchain/install/include/llvm/Analysis/Passes.h
-- Installing: /Users/zhoubot/linx-isa/tools/pyCircuit/.pycircuit_out/gates/20260906-issue39-closure-r3/agentic-circuit/toolchain/install/include/llvm/Analysis/LoopAccessAnalysis.h
-- Installing: /Users/zhoubot/linx-isa/tools/pyCircuit/.pycircuit_out/gates/20260906-issue39-closure-r3/agentic-circuit/toolchain/install/include/llvm/Analysis/ObjCARCAliasAnalysis.h
-- Installing: /Users/zhoubot/linx-isa/tools/pyCircuit/.pycircuit_out/gates/20260906-issue39-closure-r3/agentic-circuit/toolchain/install/include/llvm/Analysis/TensorSpec.h
-- Installing: /Users/zhoubot/linx-isa/tools/pyCircuit/.pycircuit_out/gates/20260906-issue39-closure-r3/agentic-circuit/toolchain/install/include/llvm/Analysis/InteractiveModelRunner.h
-- Installing: /Users/zhoubot/linx-isa/tools/pyCircuit/.pycircuit_out/gates/20260906-issue39-closure-r3/agentic-circuit/toolchain/install/include/llvm/Analysis/InstructionSimplify.h
-- Installing: /Users/zhoubot/linx-isa/tools/pyCircuit/.pycircuit_out/gates/20260906-issue39-closure-r3/agentic-circuit/toolchain/install/include/llvm/Analysis/InlineAdvisor.h
-- Installing: /Users/zhoubot/linx-isa/tools/pyCircuit/.pycircuit_out/gates/20260906-issue39-closure-r3/agentic-circuit/toolchain/install/include/llvm/Analysis/TargetLibraryInfo.inc
-- Installing: /Users/zhoubot/linx-isa/tools/pyCircuit/.pycircuit_out/gates/20260906-issue39-closure-r3/agentic-circuit/toolchain/install/include/llvm/Analysis/RegionIterator.h
-- Installing: /Users/zhoubot/linx-isa/tools/pyCircuit/.pycircuit_out/gates/20260906-issue39-closure-r3/agentic-circuit/toolchain/install/include/llvm/Analysis/OptimizationRemarkEmitter.h
-- Installing: /Users/zhoubot/linx-isa/tools/pyCircuit/.pycircuit_out/gates/20260906-issue39-closure-r3/agentic-circuit/toolchain/install/include/llvm/Analysis/DOTGraphTraitsPass.h
-- Installing: /Users/zhoubot/linx-isa/tools/pyCircuit/.pycircuit_out/gates/20260906-issue39-closure-r3/agentic-circuit/toolchain/install/include/llvm/Analysis/LoopInfo.h
-- Installing: /Users/zhoubot/linx-isa/tools/pyCircuit/.pycircuit_out/gates/20260906-issue39-closure-r3/agentic-circuit/toolchain/install/include/llvm/Analysis/CFG.h
-- Installing: /Users/zhoubot/linx-isa/tools/pyCircuit/.pycircuit_out/gates/20260906-issue39-closure-r3/agentic-circuit/toolchain/install/include/llvm/Analysis/RegionInfoImpl.h
-- Installing: /Users/zhoubot/linx-isa/tools/pyCircuit/.pycircuit_out/gates/20260906-issue39-closure-r3/agentic-circuit/toolchain/install/include/llvm/Analysis/CFGSCCPrinter.h
-- Installing: /Users/zhoubot/linx-isa/tools/pyCircuit/.pycircuit_out/gates/20260906-issue39-closure-r3/agentic-circuit/toolchain/install/include/llvm/Analysis/LoopUnrollAnalyzer.h
-- Installing: /Users/zhoubot/linx-isa/tools/pyCircuit/.pycircuit_out/gates/20260906-issue39-closure-r3/agentic-circuit/toolchain/install/include/llvm/Analysis/ScalarEvolutionDivision.h
-- Installing: /Users/zhoubot/linx-isa/tools/pyCircuit/.pycircuit_out/gates/20260906-issue39-closure-r3/agentic-circuit/toolchain/install/include/llvm/Analysis/LoopCacheAnalysis.h
-- Installing: /Users/zhoubot/linx-isa/tools/pyCircuit/.pycircuit_out/gates/20260906-issue39-closure-r3/agentic-circuit/toolchain/install/include/llvm/Analysis/CallGraph.h
-- Installing: /Users/zhoubot/linx-isa/tools/pyCircuit/.pycircuit_out/gates/20260906-issue39-closure-r3/agentic-circuit/toolchain/install/include/llvm/Analysis/StructuralHash.h
-- Installing: /Users/zhoubot/linx-isa/tools/pyCircuit/.pycircuit_out/gates/20260906-issue39-closure-r3/agentic-circuit/toolchain/install/include/llvm/Analysis/DependenceAnalysis.h
-- Installing: /Users/zhoubot/linx-isa/tools/pyCircuit/.pycircuit_out/gates/20260906-issue39-closure-r3/agentic-circuit/toolchain/install/include/llvm/Analysis/ScalarEvolutionExpressions.h
-- Installing: /Users/zhoubot/linx-isa/tools/pyCircuit/.pycircuit_out/gates/20260906-issue39-closure-r3/agentic-circuit/toolchain/install/include/llvm/Analysis/GuardUtils.h
-- Installing: /Users/zhoubot/linx-isa/tools/pyCircuit/.pycircuit_out/gates/20260906-issue39-closure-r3/agentic-circuit/toolchain/install/include/llvm/Analysis/LazyValueInfo.h
-- Installing: /Users/zhoubot/linx-isa/tools/pyCircuit/.pycircuit_out/gates/20260906-issue39-closure-r3/agentic-circuit/toolchain/install/include/llvm/Analysis/CallPrinter.h
-- Installing: /Users/zhoubot/linx-isa/tools/pyCircuit/.pycircuit_out/gates/20260906-issue39-closure-r3/agentic-circuit/toolchain/install/include/llvm/Analysis/TargetLibraryInfoImpl.td
-- Installing: /Users/zhoubot/linx-isa/tools/pyCircuit/.pycircuit_out/gates/20260906-issue39-closure-r3/agentic-circuit/toolchain/install/include/llvm/Analysis/IVUsers.h
-- Installing: /Users/zhoubot/linx-isa/tools/pyCircuit/.pycircuit_out/gates/20260906-issue39-closure-r3/agentic-circuit/toolchain/install/include/llvm/Analysis/ProfileSummaryInfo.h
-- Installing: /Users/zhoubot/linx-isa/tools/pyCircuit/.pycircuit_out/gates/20260906-issue39-closure-r3/agentic-circuit/toolchain/install/include/llvm/Analysis/MemoryProfileInfo.h
-- Installing: /Users/zhoubot/linx-isa/tools/pyCircuit/.pycircuit_out/gates/20260906-issue39-closure-r3/agentic-circuit/toolchain/install/include/llvm/Analysis/IVDescriptors.h
-- Installing: /Users/zhoubot/linx-isa/tools/pyCircuit/.pycircuit_out/gates/20260906-issue39-closure-r3/agentic-circuit/toolchain/install/include/llvm/Analysis/SyntheticCountsUtils.h
-- Installing: /Users/zhoubot/linx-isa/tools/pyCircuit/.pycircuit_out/gates/20260906-issue39-closure-r3/agentic-circuit/toolchain/install/include/llvm/LineEditor
-- Installing: /Users/zhoubot/linx-isa/tools/pyCircuit/.pycircuit_out/gates/20260906-issue39-closure-r3/agentic-circuit/toolchain/install/include/llvm/LineEditor/LineEditor.h
-- Installing: /Users/zhoubot/linx-isa/tools/pyCircuit/.pycircuit_out/gates/20260906-issue39-closure-r3/agentic-circuit/toolchain/install/include/llvm/Remarks
-- Installing: /Users/zhoubot/linx-isa/tools/pyCircuit/.pycircuit_out/gates/20260906-issue39-closure-r3/agentic-circuit/toolchain/install/include/llvm/Remarks/RemarkStreamer.h
-- Installing: /Users/zhoubot/linx-isa/tools/pyCircuit/.pycircuit_out/gates/20260906-issue39-closure-r3/agentic-circuit/toolchain/install/include/llvm/Remarks/HotnessThresholdParser.h
-- Installing: /Users/zhoubot/linx-isa/tools/pyCircuit/.pycircuit_out/gates/20260906-issue39-closure-r3/agentic-circuit/toolchain/install/include/llvm/Remarks/YAMLRemarkSerializer.h
-- Installing: /Users/zhoubot/linx-isa/tools/pyCircuit/.pycircuit_out/gates/20260906-issue39-closure-r3/agentic-circuit/toolchain/install/include/llvm/Remarks/BitstreamRemarkSerializer.h
-- Installing: /Users/zhoubot/linx-isa/tools/pyCircuit/.pycircuit_out/gates/20260906-issue39-closure-r3/agentic-circuit/toolchain/install/include/llvm/Remarks/RemarkParser.h
-- Installing: /Users/zhoubot/linx-isa/tools/pyCircuit/.pycircuit_out/gates/20260906-issue39-closure-r3/agentic-circuit/toolchain/install/include/llvm/Remarks/RemarkLinker.h
-- Installing: /Users/zhoubot/linx-isa/tools/pyCircuit/.pycircuit_out/gates/20260906-issue39-closure-r3/agentic-circuit/toolchain/install/include/llvm/Remarks/RemarkSerializer.h
-- Installing: /Users/zhoubot/linx-isa/tools/pyCircuit/.pycircuit_out/gates/20260906-issue39-closure-r3/agentic-circuit/toolchain/install/include/llvm/Remarks/Remark.h
-- Installing: /Users/zhoubot/linx-isa/tools/pyCircuit/.pycircuit_out/gates/20260906-issue39-closure-r3/agentic-circuit/toolchain/install/include/llvm/Remarks/RemarkStringTable.h
-- Installing: /Users/zhoubot/linx-isa/tools/pyCircuit/.pycircuit_out/gates/20260906-issue39-closure-r3/agentic-circuit/toolchain/install/include/llvm/Remarks/BitstreamRemarkContainer.h
-- Installing: /Users/zhoubot/linx-isa/tools/pyCircuit/.pycircuit_out/gates/20260906-issue39-closure-r3/agentic-circuit/toolchain/install/include/llvm/Remarks/RemarkFormat.h
-- Installing: /Users/zhoubot/linx-isa/tools/pyCircuit/.pycircuit_out/gates/20260906-issue39-closure-r3/agentic-circuit/toolchain/install/include/llvm/Frontend
-- Installing: /Users/zhoubot/linx-isa/tools/pyCircuit/.pycircuit_out/gates/20260906-issue39-closure-r3/agentic-circuit/toolchain/install/include/llvm/Frontend/Offloading
-- Installing: /Users/zhoubot/linx-isa/tools/pyCircuit/.pycircuit_out/gates/20260906-issue39-closure-r3/agentic-circuit/toolchain/install/include/llvm/Frontend/Offloading/OffloadWrapper.h
-- Installing: /Users/zhoubot/linx-isa/tools/pyCircuit/.pycircuit_out/gates/20260906-issue39-closure-r3/agentic-circuit/toolchain/install/include/llvm/Frontend/Offloading/Utility.h
-- Installing: /Users/zhoubot/linx-isa/tools/pyCircuit/.pycircuit_out/gates/20260906-issue39-closure-r3/agentic-circuit/toolchain/install/include/llvm/Frontend/Offloading/PropertySet.h
-- Installing: /Users/zhoubot/linx-isa/tools/pyCircuit/.pycircuit_out/gates/20260906-issue39-closure-r3/agentic-circuit/toolchain/install/include/llvm/Frontend/OpenACC
-- Installing: /Users/zhoubot/linx-isa/tools/pyCircuit/.pycircuit_out/gates/20260906-issue39-closure-r3/agentic-circuit/toolchain/install/include/llvm/Frontend/OpenACC/ACC.h.inc
-- Installing: /Users/zhoubot/linx-isa/tools/pyCircuit/.pycircuit_out/gates/20260906-issue39-closure-r3/agentic-circuit/toolchain/install/include/llvm/Frontend/OpenACC/ACC.inc
-- Installing: /Users/zhoubot/linx-isa/tools/pyCircuit/.pycircuit_out/gates/20260906-issue39-closure-r3/agentic-circuit/toolchain/install/include/llvm/Frontend/OpenACC/ACC.td
-- Installing: /Users/zhoubot/linx-isa/tools/pyCircuit/.pycircuit_out/gates/20260906-issue39-closure-r3/agentic-circuit/toolchain/install/include/llvm/Frontend/Driver
-- Installing: /Users/zhoubot/linx-isa/tools/pyCircuit/.pycircuit_out/gates/20260906-issue39-closure-r3/agentic-circuit/toolchain/install/include/llvm/Frontend/Driver/CodeGenOptions.h
-- Installing: /Users/zhoubot/linx-isa/tools/pyCircuit/.pycircuit_out/gates/20260906-issue39-closure-r3/agentic-circuit/toolchain/install/include/llvm/Frontend/Atomic
-- Installing: /Users/zhoubot/linx-isa/tools/pyCircuit/.pycircuit_out/gates/20260906-issue39-closure-r3/agentic-circuit/toolchain/install/include/llvm/Frontend/Atomic/Atomic.h
-- Installing: /Users/zhoubot/linx-isa/tools/pyCircuit/.pycircuit_out/gates/20260906-issue39-closure-r3/agentic-circuit/toolchain/install/include/llvm/Frontend/Directive
-- Installing: /Users/zhoubot/linx-isa/tools/pyCircuit/.pycircuit_out/gates/20260906-issue39-closure-r3/agentic-circuit/toolchain/install/include/llvm/Frontend/Directive/Spelling.h
-- Installing: /Users/zhoubot/linx-isa/tools/pyCircuit/.pycircuit_out/gates/20260906-issue39-closure-r3/agentic-circuit/toolchain/install/include/llvm/Frontend/Directive/DirectiveBase.td
-- Installing: /Users/zhoubot/linx-isa/tools/pyCircuit/.pycircuit_out/gates/20260906-issue39-closure-r3/agentic-circuit/toolchain/install/include/llvm/Frontend/HLSL
-- Installing: /Users/zhoubot/linx-isa/tools/pyCircuit/.pycircuit_out/gates/20260906-issue39-closure-r3/agentic-circuit/toolchain/install/include/llvm/Frontend/HLSL/CBuffer.h
-- Installing: /Users/zhoubot/linx-isa/tools/pyCircuit/.pycircuit_out/gates/20260906-issue39-closure-r3/agentic-circuit/toolchain/install/include/llvm/Frontend/HLSL/HLSLResource.h
-- Installing: /Users/zhoubot/linx-isa/tools/pyCircuit/.pycircuit_out/gates/20260906-issue39-closure-r3/agentic-circuit/toolchain/install/include/llvm/Frontend/HLSL/HLSLBinding.h
-- Installing: /Users/zhoubot/linx-isa/tools/pyCircuit/.pycircuit_out/gates/20260906-issue39-closure-r3/agentic-circuit/toolchain/install/include/llvm/Frontend/HLSL/RootSignatureValidations.h
-- Installing: /Users/zhoubot/linx-isa/tools/pyCircuit/.pycircuit_out/gates/20260906-issue39-closure-r3/agentic-circuit/toolchain/install/include/llvm/Frontend/HLSL/RootSignatureMetadata.h
-- Installing: /Users/zhoubot/linx-isa/tools/pyCircuit/.pycircuit_out/gates/20260906-issue39-closure-r3/agentic-circuit/toolchain/install/include/llvm/Frontend/HLSL/HLSLRootSignature.h
-- Installing: /Users/zhoubot/linx-isa/tools/pyCircuit/.pycircuit_out/gates/20260906-issue39-closure-r3/agentic-circuit/toolchain/install/include/llvm/Frontend/OpenMP
-- Installing: /Users/zhoubot/linx-isa/tools/pyCircuit/.pycircuit_out/gates/20260906-issue39-closure-r3/agentic-circuit/toolchain/install/include/llvm/Frontend/OpenMP/DirectiveNameParser.h
-- Installing: /Users/zhoubot/linx-isa/tools/pyCircuit/.pycircuit_out/gates/20260906-issue39-closure-r3/agentic-circuit/toolchain/install/include/llvm/Frontend/OpenMP/OMPContext.h
-- Installing: /Users/zhoubot/linx-isa/tools/pyCircuit/.pycircuit_out/gates/20260906-issue39-closure-r3/agentic-circuit/toolchain/install/include/llvm/Frontend/OpenMP/OMP.inc
-- Installing: /Users/zhoubot/linx-isa/tools/pyCircuit/.pycircuit_out/gates/20260906-issue39-closure-r3/agentic-circuit/toolchain/install/include/llvm/Frontend/OpenMP/ConstructDecompositionT.h
-- Installing: /Users/zhoubot/linx-isa/tools/pyCircuit/.pycircuit_out/gates/20260906-issue39-closure-r3/agentic-circuit/toolchain/install/include/llvm/Frontend/OpenMP/ClauseT.h
-- Installing: /Users/zhoubot/linx-isa/tools/pyCircuit/.pycircuit_out/gates/20260906-issue39-closure-r3/agentic-circuit/toolchain/install/include/llvm/Frontend/OpenMP/OMPIRBuilder.h
-- Installing: /Users/zhoubot/linx-isa/tools/pyCircuit/.pycircuit_out/gates/20260906-issue39-closure-r3/agentic-circuit/toolchain/install/include/llvm/Frontend/OpenMP/OMPDeviceConstants.h
-- Installing: /Users/zhoubot/linx-isa/tools/pyCircuit/.pycircuit_out/gates/20260906-issue39-closure-r3/agentic-circuit/toolchain/install/include/llvm/Frontend/OpenMP/OMP.h.inc
-- Installing: /Users/zhoubot/linx-isa/tools/pyCircuit/.pycircuit_out/gates/20260906-issue39-closure-r3/agentic-circuit/toolchain/install/include/llvm/Frontend/OpenMP/OMPConstants.h
-- Installing: /Users/zhoubot/linx-isa/tools/pyCircuit/.pycircuit_out/gates/20260906-issue39-closure-r3/agentic-circuit/toolchain/install/include/llvm/Frontend/OpenMP/OMPAssume.h
-- Installing: /Users/zhoubot/linx-isa/tools/pyCircuit/.pycircuit_out/gates/20260906-issue39-closure-r3/agentic-circuit/toolchain/install/include/llvm/Frontend/OpenMP/OMPKinds.def
-- Installing: /Users/zhoubot/linx-isa/tools/pyCircuit/.pycircuit_out/gates/20260906-issue39-closure-r3/agentic-circuit/toolchain/install/include/llvm/Frontend/OpenMP/OMP.h
-- Installing: /Users/zhoubot/linx-isa/tools/pyCircuit/.pycircuit_out/gates/20260906-issue39-closure-r3/agentic-circuit/toolchain/install/include/llvm/Frontend/OpenMP/OMPGridValues.h
-- Installing: /Users/zhoubot/linx-isa/tools/pyCircuit/.pycircuit_out/gates/20260906-issue39-closure-r3/agentic-circuit/toolchain/install/include/llvm/Frontend/OpenMP/OMP.td
-- Installing: /Users/zhoubot/linx-isa/tools/pyCircuit/.pycircuit_out/gates/20260906-issue39-closure-r3/agentic-circuit/toolchain/install/include/llvm/Frontend/Debug
-- Installing: /Users/zhoubot/linx-isa/tools/pyCircuit/.pycircuit_out/gates/20260906-issue39-closure-r3/agentic-circuit/toolchain/install/include/llvm/Frontend/Debug/Options.h
-- Installing: /Users/zhoubot/linx-isa/tools/pyCircuit/.pycircuit_out/gates/20260906-issue39-closure-r3/agentic-circuit/toolchain/install/include/llvm/ProfileData
-- Installing: /Users/zhoubot/linx-isa/tools/pyCircuit/.pycircuit_out/gates/20260906-issue39-closure-r3/agentic-circuit/toolchain/install/include/llvm/ProfileData/MemProfSummary.h
-- Installing: /Users/zhoubot/linx-isa/tools/pyCircuit/.pycircuit_out/gates/20260906-issue39-closure-r3/agentic-circuit/toolchain/install/include/llvm/ProfileData/MIBEntryDef.inc
-- Installing: /Users/zhoubot/linx-isa/tools/pyCircuit/.pycircuit_out/gates/20260906-issue39-closure-r3/agentic-circuit/toolchain/install/include/llvm/ProfileData/MemProf.h
-- Installing: /Users/zhoubot/linx-isa/tools/pyCircuit/.pycircuit_out/gates/20260906-issue39-closure-r3/agentic-circuit/toolchain/install/include/llvm/ProfileData/InstrProfReader.h
-- Installing: /Users/zhoubot/linx-isa/tools/pyCircuit/.pycircuit_out/gates/20260906-issue39-closure-r3/agentic-circuit/toolchain/install/include/llvm/ProfileData/PGOCtxProfReader.h
-- Installing: /Users/zhoubot/linx-isa/tools/pyCircuit/.pycircuit_out/gates/20260906-issue39-closure-r3/agentic-circuit/toolchain/install/include/llvm/ProfileData/ProfileCommon.h
-- Installing: /Users/zhoubot/linx-isa/tools/pyCircuit/.pycircuit_out/gates/20260906-issue39-closure-r3/agentic-circuit/toolchain/install/include/llvm/ProfileData/MemProfReader.h
-- Installing: /Users/zhoubot/linx-isa/tools/pyCircuit/.pycircuit_out/gates/20260906-issue39-closure-r3/agentic-circuit/toolchain/install/include/llvm/ProfileData/ItaniumManglingCanonicalizer.h
-- Installing: /Users/zhoubot/linx-isa/tools/pyCircuit/.pycircuit_out/gates/20260906-issue39-closure-r3/agentic-circuit/toolchain/install/include/llvm/ProfileData/SampleProfWriter.h
-- Installing: /Users/zhoubot/linx-isa/tools/pyCircuit/.pycircuit_out/gates/20260906-issue39-closure-r3/agentic-circuit/toolchain/install/include/llvm/ProfileData/FunctionId.h
-- Installing: /Users/zhoubot/linx-isa/tools/pyCircuit/.pycircuit_out/gates/20260906-issue39-closure-r3/agentic-circuit/toolchain/install/include/llvm/ProfileData/CtxInstrContextNode.h
-- Installing: /Users/zhoubot/linx-isa/tools/pyCircuit/.pycircuit_out/gates/20260906-issue39-closure-r3/agentic-circuit/toolchain/install/include/llvm/ProfileData/MemProfData.inc
-- Installing: /Users/zhoubot/linx-isa/tools/pyCircuit/.pycircuit_out/gates/20260906-issue39-closure-r3/agentic-circuit/toolchain/install/include/llvm/ProfileData/InstrProfWriter.h
-- Installing: /Users/zhoubot/linx-isa/tools/pyCircuit/.pycircuit_out/gates/20260906-issue39-closure-r3/agentic-circuit/toolchain/install/include/llvm/ProfileData/PGOCtxProfWriter.h
-- Installing: /Users/zhoubot/linx-isa/tools/pyCircuit/.pycircuit_out/gates/20260906-issue39-closure-r3/agentic-circuit/toolchain/install/include/llvm/ProfileData/MemProfYAML.h
-- Installing: /Users/zhoubot/linx-isa/tools/pyCircuit/.pycircuit_out/gates/20260906-issue39-closure-r3/agentic-circuit/toolchain/install/include/llvm/ProfileData/MemProfSummaryBuilder.h
-- Installing: /Users/zhoubot/linx-isa/tools/pyCircuit/.pycircuit_out/gates/20260906-issue39-closure-r3/agentic-circuit/toolchain/install/include/llvm/ProfileData/MemProfRadixTree.h
-- Installing: /Users/zhoubot/linx-isa/tools/pyCircuit/.pycircuit_out/gates/20260906-issue39-closure-r3/agentic-circuit/toolchain/install/include/llvm/ProfileData/GCOV.h
-- Installing: /Users/zhoubot/linx-isa/tools/pyCircuit/.pycircuit_out/gates/20260906-issue39-closure-r3/agentic-circuit/toolchain/install/include/llvm/ProfileData/InstrProfCorrelator.h
-- Installing: /Users/zhoubot/linx-isa/tools/pyCircuit/.pycircuit_out/gates/20260906-issue39-closure-r3/agentic-circuit/toolchain/install/include/llvm/ProfileData/SampleProfReader.h
-- Installing: /Users/zhoubot/linx-isa/tools/pyCircuit/.pycircuit_out/gates/20260906-issue39-closure-r3/agentic-circuit/toolchain/install/include/llvm/ProfileData/MemProfCommon.h
-- Installing: /Users/zhoubot/linx-isa/tools/pyCircuit/.pycircuit_out/gates/20260906-issue39-closure-r3/agentic-circuit/toolchain/install/include/llvm/ProfileData/SymbolRemappingReader.h
-- Installing: /Users/zhoubot/linx-isa/tools/pyCircuit/.pycircuit_out/gates/20260906-issue39-closure-r3/agentic-circuit/toolchain/install/include/llvm/ProfileData/HashKeyMap.h
-- Installing: /Users/zhoubot/linx-isa/tools/pyCircuit/.pycircuit_out/gates/20260906-issue39-closure-r3/agentic-circuit/toolchain/install/include/llvm/ProfileData/SampleProf.h
-- Installing: /Users/zhoubot/linx-isa/tools/pyCircuit/.pycircuit_out/gates/20260906-issue39-closure-r3/agentic-circuit/toolchain/install/include/llvm/ProfileData/Coverage
-- Installing: /Users/zhoubot/linx-isa/tools/pyCircuit/.pycircuit_out/gates/20260906-issue39-closure-r3/agentic-circuit/toolchain/install/include/llvm/ProfileData/Coverage/MCDCTypes.h
-- Installing: /Users/zhoubot/linx-isa/tools/pyCircuit/.pycircuit_out/gates/20260906-issue39-closure-r3/agentic-circuit/toolchain/install/include/llvm/ProfileData/Coverage/CoverageMappingWriter.h
-- Installing: /Users/zhoubot/linx-isa/tools/pyCircuit/.pycircuit_out/gates/20260906-issue39-closure-r3/agentic-circuit/toolchain/install/include/llvm/ProfileData/Coverage/CoverageMapping.h
-- Installing: /Users/zhoubot/linx-isa/tools/pyCircuit/.pycircuit_out/gates/20260906-issue39-closure-r3/agentic-circuit/toolchain/install/include/llvm/ProfileData/Coverage/CoverageMappingReader.h
-- Installing: /Users/zhoubot/linx-isa/tools/pyCircuit/.pycircuit_out/gates/20260906-issue39-closure-r3/agentic-circuit/toolchain/install/include/llvm/ProfileData/InstrProf.h
-- Installing: /Users/zhoubot/linx-isa/tools/pyCircuit/.pycircuit_out/gates/20260906-issue39-closure-r3/agentic-circuit/toolchain/install/include/llvm/ProfileData/InstrProfData.inc
-- Installing: /Users/zhoubot/linx-isa/tools/pyCircuit/.pycircuit_out/gates/20260906-issue39-closure-r3/agentic-circuit/toolchain/install/include/llvm/ProfileData/DataAccessProf.h
-- Installing: /Users/zhoubot/linx-isa/tools/pyCircuit/.pycircuit_out/gates/20260906-issue39-closure-r3/agentic-circuit/toolchain/install/include/llvm/ProfileData/IndexedMemProfData.h
-- Installing: /Users/zhoubot/linx-isa/tools/pyCircuit/.pycircuit_out/gates/20260906-issue39-closure-r3/agentic-circuit/toolchain/install/include/llvm/Linker
-- Installing: /Users/zhoubot/linx-isa/tools/pyCircuit/.pycircuit_out/gates/20260906-issue39-closure-r3/agentic-circuit/toolchain/install/include/llvm/Linker/Linker.h
-- Installing: /Users/zhoubot/linx-isa/tools/pyCircuit/.pycircuit_out/gates/20260906-issue39-closure-r3/agentic-circuit/toolchain/install/include/llvm/Linker/IRMover.h
-- Installing: /Users/zhoubot/linx-isa/tools/pyCircuit/.pycircuit_out/gates/20260906-issue39-closure-r3/agentic-circuit/toolchain/install/include/llvm/Config
-- Installing: /Users/zhoubot/linx-isa/tools/pyCircuit/.pycircuit_out/gates/20260906-issue39-closure-r3/agentic-circuit/toolchain/install/include/llvm/Config/Targets.def
-- Installing: /Users/zhoubot/linx-isa/tools/pyCircuit/.pycircuit_out/gates/20260906-issue39-closure-r3/agentic-circuit/toolchain/install/include/llvm/Config/AsmParsers.def
-- Installing: /Users/zhoubot/linx-isa/tools/pyCircuit/.pycircuit_out/gates/20260906-issue39-closure-r3/agentic-circuit/toolchain/install/include/llvm/Config/AsmPrinters.def
-- Installing: /Users/zhoubot/linx-isa/tools/pyCircuit/.pycircuit_out/gates/20260906-issue39-closure-r3/agentic-circuit/toolchain/install/include/llvm/Config/TargetExegesis.def
-- Installing: /Users/zhoubot/linx-isa/tools/pyCircuit/.pycircuit_out/gates/20260906-issue39-closure-r3/agentic-circuit/toolchain/install/include/llvm/Config/abi-breaking.h
-- Installing: /Users/zhoubot/linx-isa/tools/pyCircuit/.pycircuit_out/gates/20260906-issue39-closure-r3/agentic-circuit/toolchain/install/include/llvm/Config/TargetMCAs.def
-- Installing: /Users/zhoubot/linx-isa/tools/pyCircuit/.pycircuit_out/gates/20260906-issue39-closure-r3/agentic-circuit/toolchain/install/include/llvm/Config/llvm-config.h
-- Installing: /Users/zhoubot/linx-isa/tools/pyCircuit/.pycircuit_out/gates/20260906-issue39-closure-r3/agentic-circuit/toolchain/install/include/llvm/Config/Targets.h
-- Installing: /Users/zhoubot/linx-isa/tools/pyCircuit/.pycircuit_out/gates/20260906-issue39-closure-r3/agentic-circuit/toolchain/install/include/llvm/Config/Disassemblers.def
-- Installing: /Users/zhoubot/linx-isa/tools/pyCircuit/.pycircuit_out/gates/20260906-issue39-closure-r3/agentic-circuit/toolchain/install/include/llvm/AsmParser
-- Installing: /Users/zhoubot/linx-isa/tools/pyCircuit/.pycircuit_out/gates/20260906-issue39-closure-r3/agentic-circuit/toolchain/install/include/llvm/AsmParser/FileLoc.h
-- Installing: /Users/zhoubot/linx-isa/tools/pyCircuit/.pycircuit_out/gates/20260906-issue39-closure-r3/agentic-circuit/toolchain/install/include/llvm/AsmParser/Parser.h
-- Installing: /Users/zhoubot/linx-isa/tools/pyCircuit/.pycircuit_out/gates/20260906-issue39-closure-r3/agentic-circuit/toolchain/install/include/llvm/AsmParser/AsmParserContext.h
-- Installing: /Users/zhoubot/linx-isa/tools/pyCircuit/.pycircuit_out/gates/20260906-issue39-closure-r3/agentic-circuit/toolchain/install/include/llvm/AsmParser/SlotMapping.h
-- Installing: /Users/zhoubot/linx-isa/tools/pyCircuit/.pycircuit_out/gates/20260906-issue39-closure-r3/agentic-circuit/toolchain/install/include/llvm/AsmParser/LLParser.h
-- Installing: /Users/zhoubot/linx-isa/tools/pyCircuit/.pycircuit_out/gates/20260906-issue39-closure-r3/agentic-circuit/toolchain/install/include/llvm/AsmParser/NumberedValues.h
-- Installing: /Users/zhoubot/linx-isa/tools/pyCircuit/.pycircuit_out/gates/20260906-issue39-closure-r3/agentic-circuit/toolchain/install/include/llvm/AsmParser/LLLexer.h
-- Installing: /Users/zhoubot/linx-isa/tools/pyCircuit/.pycircuit_out/gates/20260906-issue39-closure-r3/agentic-circuit/toolchain/install/include/llvm/AsmParser/LLToken.h
-- Installing: /Users/zhoubot/linx-isa/tools/pyCircuit/.pycircuit_out/gates/20260906-issue39-closure-r3/agentic-circuit/toolchain/install/include/llvm/IR
-- Installing: /Users/zhoubot/linx-isa/tools/pyCircuit/.pycircuit_out/gates/20260906-issue39-closure-r3/agentic-circuit/toolchain/install/include/llvm/IR/Type.h
-- Installing: /Users/zhoubot/linx-isa/tools/pyCircuit/.pycircuit_out/gates/20260906-issue39-closure-r3/agentic-circuit/toolchain/install/include/llvm/IR/TrackingMDRef.h
-- Installing: /Users/zhoubot/linx-isa/tools/pyCircuit/.pycircuit_out/gates/20260906-issue39-closure-r3/agentic-circuit/toolchain/install/include/llvm/IR/IntrinsicsS390.h
-- Installing: /Users/zhoubot/linx-isa/tools/pyCircuit/.pycircuit_out/gates/20260906-issue39-closure-r3/agentic-circuit/toolchain/install/include/llvm/IR/IntrinsicsDirectX.td
-- Installing: /Users/zhoubot/linx-isa/tools/pyCircuit/.pycircuit_out/gates/20260906-issue39-closure-r3/agentic-circuit/toolchain/install/include/llvm/IR/OptBisect.h
-- Installing: /Users/zhoubot/linx-isa/tools/pyCircuit/.pycircuit_out/gates/20260906-issue39-closure-r3/agentic-circuit/toolchain/install/include/llvm/IR/RuntimeLibcalls.h
-- Installing: /Users/zhoubot/linx-isa/tools/pyCircuit/.pycircuit_out/gates/20260906-issue39-closure-r3/agentic-circuit/toolchain/install/include/llvm/IR/SystemLibraries.h
-- Installing: /Users/zhoubot/linx-isa/tools/pyCircuit/.pycircuit_out/gates/20260906-issue39-closure-r3/agentic-circuit/toolchain/install/include/llvm/IR/IntrinsicsNVPTX.h
-- Installing: /Users/zhoubot/linx-isa/tools/pyCircuit/.pycircuit_out/gates/20260906-issue39-closure-r3/agentic-circuit/toolchain/install/include/llvm/IR/IRPrintingPasses.h
-- Installing: /Users/zhoubot/linx-isa/tools/pyCircuit/.pycircuit_out/gates/20260906-issue39-closure-r3/agentic-circuit/toolchain/install/include/llvm/IR/SymbolTableListTraits.h
-- Installing: /Users/zhoubot/linx-isa/tools/pyCircuit/.pycircuit_out/gates/20260906-issue39-closure-r3/agentic-circuit/toolchain/install/include/llvm/IR/MatrixBuilder.h
-- Installing: /Users/zhoubot/linx-isa/tools/pyCircuit/.pycircuit_out/gates/20260906-issue39-closure-r3/agentic-circuit/toolchain/install/include/llvm/IR/DbgVariableFragmentInfo.h
-- Installing: /Users/zhoubot/linx-isa/tools/pyCircuit/.pycircuit_out/gates/20260906-issue39-closure-r3/agentic-circuit/toolchain/install/include/llvm/IR/LegacyPassManager.h
-- Installing: /Users/zhoubot/linx-isa/tools/pyCircuit/.pycircuit_out/gates/20260906-issue39-closure-r3/agentic-circuit/toolchain/install/include/llvm/IR/TypeFinder.h
-- Installing: /Users/zhoubot/linx-isa/tools/pyCircuit/.pycircuit_out/gates/20260906-issue39-closure-r3/agentic-circuit/toolchain/install/include/llvm/IR/PseudoProbe.h
-- Installing: /Users/zhoubot/linx-isa/tools/pyCircuit/.pycircuit_out/gates/20260906-issue39-closure-r3/agentic-circuit/toolchain/install/include/llvm/IR/ConvergenceVerifier.h
-- Installing: /Users/zhoubot/linx-isa/tools/pyCircuit/.pycircuit_out/gates/20260906-issue39-closure-r3/agentic-circuit/toolchain/install/include/llvm/IR/IntrinsicsMips.td
-- Installing: /Users/zhoubot/linx-isa/tools/pyCircuit/.pycircuit_out/gates/20260906-issue39-closure-r3/agentic-circuit/toolchain/install/include/llvm/IR/IntrinsicsARM.h
-- Installing: /Users/zhoubot/linx-isa/tools/pyCircuit/.pycircuit_out/gates/20260906-issue39-closure-r3/agentic-circuit/toolchain/install/include/llvm/IR/IntrinsicsBPF.h
-- Installing: /Users/zhoubot/linx-isa/tools/pyCircuit/.pycircuit_out/gates/20260906-issue39-closure-r3/agentic-circuit/toolchain/install/include/llvm/IR/FixedPointBuilder.h
-- Installing: /Users/zhoubot/linx-isa/tools/pyCircuit/.pycircuit_out/gates/20260906-issue39-closure-r3/agentic-circuit/toolchain/install/include/llvm/IR/DiagnosticPrinter.h
-- Installing: /Users/zhoubot/linx-isa/tools/pyCircuit/.pycircuit_out/gates/20260906-issue39-closure-r3/agentic-circuit/toolchain/install/include/llvm/IR/SafepointIRVerifier.h
-- Installing: /Users/zhoubot/linx-isa/tools/pyCircuit/.pycircuit_out/gates/20260906-issue39-closure-r3/agentic-circuit/toolchain/install/include/llvm/IR/RuntimeLibcalls.td
-- Installing: /Users/zhoubot/linx-isa/tools/pyCircuit/.pycircuit_out/gates/20260906-issue39-closure-r3/agentic-circuit/toolchain/install/include/llvm/IR/PassInstrumentation.h
-- Installing: /Users/zhoubot/linx-isa/tools/pyCircuit/.pycircuit_out/gates/20260906-issue39-closure-r3/agentic-circuit/toolchain/install/include/llvm/IR/CycleInfo.h
-- Installing: /Users/zhoubot/linx-isa/tools/pyCircuit/.pycircuit_out/gates/20260906-issue39-closure-r3/agentic-circuit/toolchain/install/include/llvm/IR/AbstractCallSite.h
-- Installing: /Users/zhoubot/linx-isa/tools/pyCircuit/.pycircuit_out/gates/20260906-issue39-closure-r3/agentic-circuit/toolchain/install/include/llvm/IR/IntrinsicsRISCVXCV.td
-- Installing: /Users/zhoubot/linx-isa/tools/pyCircuit/.pycircuit_out/gates/20260906-issue39-closure-r3/agentic-circuit/toolchain/install/include/llvm/IR/CallingConv.h
-- Installing: /Users/zhoubot/linx-isa/tools/pyCircuit/.pycircuit_out/gates/20260906-issue39-closure-r3/agentic-circuit/toolchain/install/include/llvm/IR/Value.def
-- Installing: /Users/zhoubot/linx-isa/tools/pyCircuit/.pycircuit_out/gates/20260906-issue39-closure-r3/agentic-circuit/toolchain/install/include/llvm/IR/IntrinsicsX86.h
-- Installing: /Users/zhoubot/linx-isa/tools/pyCircuit/.pycircuit_out/gates/20260906-issue39-closure-r3/agentic-circuit/toolchain/install/include/llvm/IR/DerivedUser.h
-- Installing: /Users/zhoubot/linx-isa/tools/pyCircuit/.pycircuit_out/gates/20260906-issue39-closure-r3/agentic-circuit/toolchain/install/include/llvm/IR/ModuleSummaryIndexYAML.h
-- Installing: /Users/zhoubot/linx-isa/tools/pyCircuit/.pycircuit_out/gates/20260906-issue39-closure-r3/agentic-circuit/toolchain/install/include/llvm/IR/DebugLoc.h
-- Installing: /Users/zhoubot/linx-isa/tools/pyCircuit/.pycircuit_out/gates/20260906-issue39-closure-r3/agentic-circuit/toolchain/install/include/llvm/IR/Metadata.def
-- Installing: /Users/zhoubot/linx-isa/tools/pyCircuit/.pycircuit_out/gates/20260906-issue39-closure-r3/agentic-circuit/toolchain/install/include/llvm/IR/InstrTypes.h
-- Installing: /Users/zhoubot/linx-isa/tools/pyCircuit/.pycircuit_out/gates/20260906-issue39-closure-r3/agentic-circuit/toolchain/install/include/llvm/IR/IntrinsicsX86.td
-- Installing: /Users/zhoubot/linx-isa/tools/pyCircuit/.pycircuit_out/gates/20260906-issue39-closure-r3/agentic-circuit/toolchain/install/include/llvm/IR/RuntimeLibcallsImpl.td
-- Installing: /Users/zhoubot/linx-isa/tools/pyCircuit/.pycircuit_out/gates/20260906-issue39-closure-r3/agentic-circuit/toolchain/install/include/llvm/IR/IntrinsicsPowerPC.td
-- Installing: /Users/zhoubot/linx-isa/tools/pyCircuit/.pycircuit_out/gates/20260906-issue39-closure-r3/agentic-circuit/toolchain/install/include/llvm/IR/Argument.h
-- Installing: /Users/zhoubot/linx-isa/tools/pyCircuit/.pycircuit_out/gates/20260906-issue39-closure-r3/agentic-circuit/toolchain/install/include/llvm/IR/IRBuilderFolder.h
-- Installing: /Users/zhoubot/linx-isa/tools/pyCircuit/.pycircuit_out/gates/20260906-issue39-closure-r3/agentic-circuit/toolchain/install/include/llvm/IR/ConstrainedOps.def
-- Installing: /Users/zhoubot/linx-isa/tools/pyCircuit/.pycircuit_out/gates/20260906-issue39-closure-r3/agentic-circuit/toolchain/install/include/llvm/IR/EHPersonalities.h
-- Installing: /Users/zhoubot/linx-isa/tools/pyCircuit/.pycircuit_out/gates/20260906-issue39-closure-r3/agentic-circuit/toolchain/install/include/llvm/IR/ConstantFPRange.h
-- Installing: /Users/zhoubot/linx-isa/tools/pyCircuit/.pycircuit_out/gates/20260906-issue39-closure-r3/agentic-circuit/toolchain/install/include/llvm/IR/BasicBlock.h
-- Installing: /Users/zhoubot/linx-isa/tools/pyCircuit/.pycircuit_out/gates/20260906-issue39-closure-r3/agentic-circuit/toolchain/install/include/llvm/IR/FunctionProperties.def
-- Installing: /Users/zhoubot/linx-isa/tools/pyCircuit/.pycircuit_out/gates/20260906-issue39-closure-r3/agentic-circuit/toolchain/install/include/llvm/IR/PredIteratorCache.h
-- Installing: /Users/zhoubot/linx-isa/tools/pyCircuit/.pycircuit_out/gates/20260906-issue39-closure-r3/agentic-circuit/toolchain/install/include/llvm/IR/Instruction.def
-- Installing: /Users/zhoubot/linx-isa/tools/pyCircuit/.pycircuit_out/gates/20260906-issue39-closure-r3/agentic-circuit/toolchain/install/include/llvm/IR/Verifier.h
-- Installing: /Users/zhoubot/linx-isa/tools/pyCircuit/.pycircuit_out/gates/20260906-issue39-closure-r3/agentic-circuit/toolchain/install/include/llvm/IR/MDBuilder.h
-- Installing: /Users/zhoubot/linx-isa/tools/pyCircuit/.pycircuit_out/gates/20260906-issue39-closure-r3/agentic-circuit/toolchain/install/include/llvm/IR/Operator.h
-- Installing: /Users/zhoubot/linx-isa/tools/pyCircuit/.pycircuit_out/gates/20260906-issue39-closure-r3/agentic-circuit/toolchain/install/include/llvm/IR/Attributes.inc
-- Installing: /Users/zhoubot/linx-isa/tools/pyCircuit/.pycircuit_out/gates/20260906-issue39-closure-r3/agentic-circuit/toolchain/install/include/llvm/IR/IntrinsicsSPIRV.h
-- Installing: /Users/zhoubot/linx-isa/tools/pyCircuit/.pycircuit_out/gates/20260906-issue39-closure-r3/agentic-circuit/toolchain/install/include/llvm/IR/IntrinsicsVE.h
-- Installing: /Users/zhoubot/linx-isa/tools/pyCircuit/.pycircuit_out/gates/20260906-issue39-closure-r3/agentic-circuit/toolchain/install/include/llvm/IR/IntrinsicsSystemZ.td
-- Installing: /Users/zhoubot/linx-isa/tools/pyCircuit/.pycircuit_out/gates/20260906-issue39-closure-r3/agentic-circuit/toolchain/install/include/llvm/IR/ValueHandle.h
-- Installing: /Users/zhoubot/linx-isa/tools/pyCircuit/.pycircuit_out/gates/20260906-issue39-closure-r3/agentic-circuit/toolchain/install/include/llvm/IR/Constant.h
-- Installing: /Users/zhoubot/linx-isa/tools/pyCircuit/.pycircuit_out/gates/20260906-issue39-closure-r3/agentic-circuit/toolchain/install/include/llvm/IR/IntrinsicsRISCV.h
-- Installing: /Users/zhoubot/linx-isa/tools/pyCircuit/.pycircuit_out/gates/20260906-issue39-closure-r3/agentic-circuit/toolchain/install/include/llvm/IR/IntrinsicsXCore.h
-- Installing: /Users/zhoubot/linx-isa/tools/pyCircuit/.pycircuit_out/gates/20260906-issue39-closure-r3/agentic-circuit/toolchain/install/include/llvm/IR/IntrinsicsAArch64.h
-- Installing: /Users/zhoubot/linx-isa/tools/pyCircuit/.pycircuit_out/gates/20260906-issue39-closure-r3/agentic-circuit/toolchain/install/include/llvm/IR/DroppedVariableStatsIR.h
-- Installing: /Users/zhoubot/linx-isa/tools/pyCircuit/.pycircuit_out/gates/20260906-issue39-closure-r3/agentic-circuit/toolchain/install/include/llvm/IR/FMF.h
-- Installing: /Users/zhoubot/linx-isa/tools/pyCircuit/.pycircuit_out/gates/20260906-issue39-closure-r3/agentic-circuit/toolchain/install/include/llvm/IR/IntrinsicsAArch64.td
-- Installing: /Users/zhoubot/linx-isa/tools/pyCircuit/.pycircuit_out/gates/20260906-issue39-closure-r3/agentic-circuit/toolchain/install/include/llvm/IR/ConstantRange.h
-- Installing: /Users/zhoubot/linx-isa/tools/pyCircuit/.pycircuit_out/gates/20260906-issue39-closure-r3/agentic-circuit/toolchain/install/include/llvm/IR/Attributes.td
-- Installing: /Users/zhoubot/linx-isa/tools/pyCircuit/.pycircuit_out/gates/20260906-issue39-closure-r3/agentic-circuit/toolchain/install/include/llvm/IR/ModuleSummaryIndex.h
-- Installing: /Users/zhoubot/linx-isa/tools/pyCircuit/.pycircuit_out/gates/20260906-issue39-closure-r3/agentic-circuit/toolchain/install/include/llvm/IR/BuiltinGCs.h
-- Installing: /Users/zhoubot/linx-isa/tools/pyCircuit/.pycircuit_out/gates/20260906-issue39-closure-r3/agentic-circuit/toolchain/install/include/llvm/IR/Intrinsics.h
-- Installing: /Users/zhoubot/linx-isa/tools/pyCircuit/.pycircuit_out/gates/20260906-issue39-closure-r3/agentic-circuit/toolchain/install/include/llvm/IR/Attributes.h
-- Installing: /Users/zhoubot/linx-isa/tools/pyCircuit/.pycircuit_out/gates/20260906-issue39-closure-r3/agentic-circuit/toolchain/install/include/llvm/IR/LegacyPassManagers.h
-- Installing: /Users/zhoubot/linx-isa/tools/pyCircuit/.pycircuit_out/gates/20260906-issue39-closure-r3/agentic-circuit/toolchain/install/include/llvm/IR/PassTimingInfo.h
-- Installing: /Users/zhoubot/linx-isa/tools/pyCircuit/.pycircuit_out/gates/20260906-issue39-closure-r3/agentic-circuit/toolchain/install/include/llvm/IR/ConstantRangeList.h
-- Installing: /Users/zhoubot/linx-isa/tools/pyCircuit/.pycircuit_out/gates/20260906-issue39-closure-r3/agentic-circuit/toolchain/install/include/llvm/IR/DroppedVariableStats.h
-- Installing: /Users/zhoubot/linx-isa/tools/pyCircuit/.pycircuit_out/gates/20260906-issue39-closure-r3/agentic-circuit/toolchain/install/include/llvm/IR/GlobalIFunc.h
-- Installing: /Users/zhoubot/linx-isa/tools/pyCircuit/.pycircuit_out/gates/20260906-issue39-closure-r3/agentic-circuit/toolchain/install/include/llvm/IR/DataLayout.h
-- Installing: /Users/zhoubot/linx-isa/tools/pyCircuit/.pycircuit_out/gates/20260906-issue39-closure-r3/agentic-circuit/toolchain/install/include/llvm/IR/GenericFloatingPointPredicateUtils.h
-- Installing: /Users/zhoubot/linx-isa/tools/pyCircuit/.pycircuit_out/gates/20260906-issue39-closure-r3/agentic-circuit/toolchain/install/include/llvm/IR/MemoryModelRelaxationAnnotations.h
-- Installing: /Users/zhoubot/linx-isa/tools/pyCircuit/.pycircuit_out/gates/20260906-issue39-closure-r3/agentic-circuit/toolchain/install/include/llvm/IR/IntrinsicsHexagonDep.td
-- Installing: /Users/zhoubot/linx-isa/tools/pyCircuit/.pycircuit_out/gates/20260906-issue39-closure-r3/agentic-circuit/toolchain/install/include/llvm/IR/Value.h
-- Installing: /Users/zhoubot/linx-isa/tools/pyCircuit/.pycircuit_out/gates/20260906-issue39-closure-r3/agentic-circuit/toolchain/install/include/llvm/IR/Dominators.h
-- Installing: /Users/zhoubot/linx-isa/tools/pyCircuit/.pycircuit_out/gates/20260906-issue39-closure-r3/agentic-circuit/toolchain/install/include/llvm/IR/Metadata.h
-- Installing: /Users/zhoubot/linx-isa/tools/pyCircuit/.pycircuit_out/gates/20260906-issue39-closure-r3/agentic-circuit/toolchain/install/include/llvm/IR/IntrinsicsRISCVXTHead.td
-- Installing: /Users/zhoubot/linx-isa/tools/pyCircuit/.pycircuit_out/gates/20260906-issue39-closure-r3/agentic-circuit/toolchain/install/include/llvm/IR/PassManagerInternal.h
-- Installing: /Users/zhoubot/linx-isa/tools/pyCircuit/.pycircuit_out/gates/20260906-issue39-closure-r3/agentic-circuit/toolchain/install/include/llvm/IR/DebugInfo.h
-- Installing: /Users/zhoubot/linx-isa/tools/pyCircuit/.pycircuit_out/gates/20260906-issue39-closure-r3/agentic-circuit/toolchain/install/include/llvm/IR/ModuleSlotTracker.h
-- Installing: /Users/zhoubot/linx-isa/tools/pyCircuit/.pycircuit_out/gates/20260906-issue39-closure-r3/agentic-circuit/toolchain/install/include/llvm/IR/GetElementPtrTypeIterator.h
-- Installing: /Users/zhoubot/linx-isa/tools/pyCircuit/.pycircuit_out/gates/20260906-issue39-closure-r3/agentic-circuit/toolchain/install/include/llvm/IR/IntrinsicsARM.td
-- Installing: /Users/zhoubot/linx-isa/tools/pyCircuit/.pycircuit_out/gates/20260906-issue39-closure-r3/agentic-circuit/toolchain/install/include/llvm/IR/OperandTraits.h
-- Installing: /Users/zhoubot/linx-isa/tools/pyCircuit/.pycircuit_out/gates/20260906-issue39-closure-r3/agentic-circuit/toolchain/install/include/llvm/IR/LLVMContext.h
-- Installing: /Users/zhoubot/linx-isa/tools/pyCircuit/.pycircuit_out/gates/20260906-issue39-closure-r3/agentic-circuit/toolchain/install/include/llvm/IR/IRBuilder.h
-- Installing: /Users/zhoubot/linx-isa/tools/pyCircuit/.pycircuit_out/gates/20260906-issue39-closure-r3/agentic-circuit/toolchain/install/include/llvm/IR/DIBuilder.h
-- Installing: /Users/zhoubot/linx-isa/tools/pyCircuit/.pycircuit_out/gates/20260906-issue39-closure-r3/agentic-circuit/toolchain/install/include/llvm/IR/LLVMRemarkStreamer.h
-- Installing: /Users/zhoubot/linx-isa/tools/pyCircuit/.pycircuit_out/gates/20260906-issue39-closure-r3/agentic-circuit/toolchain/install/include/llvm/IR/IntrinsicsRISCVXMIPS.td
-- Installing: /Users/zhoubot/linx-isa/tools/pyCircuit/.pycircuit_out/gates/20260906-issue39-closure-r3/agentic-circuit/toolchain/install/include/llvm/IR/PassManagerImpl.h
-- Installing: /Users/zhoubot/linx-isa/tools/pyCircuit/.pycircuit_out/gates/20260906-issue39-closure-r3/agentic-circuit/toolchain/install/include/llvm/IR/Constants.h
-- Installing: /Users/zhoubot/linx-isa/tools/pyCircuit/.pycircuit_out/gates/20260906-issue39-closure-r3/agentic-circuit/toolchain/install/include/llvm/IR/GEPNoWrapFlags.h
-- Installing: /Users/zhoubot/linx-isa/tools/pyCircuit/.pycircuit_out/gates/20260906-issue39-closure-r3/agentic-circuit/toolchain/install/include/llvm/IR/CmpPredicate.h
-- Installing: /Users/zhoubot/linx-isa/tools/pyCircuit/.pycircuit_out/gates/20260906-issue39-closure-r3/agentic-circuit/toolchain/install/include/llvm/IR/VFABIDemangler.h
-- Installing: /Users/zhoubot/linx-isa/tools/pyCircuit/.pycircuit_out/gates/20260906-issue39-closure-r3/agentic-circuit/toolchain/install/include/llvm/IR/DerivedTypes.h
-- Installing: /Users/zhoubot/linx-isa/tools/pyCircuit/.pycircuit_out/gates/20260906-issue39-closure-r3/agentic-circuit/toolchain/install/include/llvm/IR/IntrinsicsMips.h
-- Installing: /Users/zhoubot/linx-isa/tools/pyCircuit/.pycircuit_out/gates/20260906-issue39-closure-r3/agentic-circuit/toolchain/install/include/llvm/IR/IntrinsicsWebAssembly.h
-- Installing: /Users/zhoubot/linx-isa/tools/pyCircuit/.pycircuit_out/gates/20260906-issue39-closure-r3/agentic-circuit/toolchain/install/include/llvm/IR/IntrinsicsLoongArch.td
-- Installing: /Users/zhoubot/linx-isa/tools/pyCircuit/.pycircuit_out/gates/20260906-issue39-closure-r3/agentic-circuit/toolchain/install/include/llvm/IR/SSAContext.h
-- Installing: /Users/zhoubot/linx-isa/tools/pyCircuit/.pycircuit_out/gates/20260906-issue39-closure-r3/agentic-circuit/toolchain/install/include/llvm/IR/Instructions.h
-- Installing: /Users/zhoubot/linx-isa/tools/pyCircuit/.pycircuit_out/gates/20260906-issue39-closure-r3/agentic-circuit/toolchain/install/include/llvm/IR/InstVisitor.h
-- Installing: /Users/zhoubot/linx-isa/tools/pyCircuit/.pycircuit_out/gates/20260906-issue39-closure-r3/agentic-circuit/toolchain/install/include/llvm/IR/IntrinsicsRISCVXsf.td
-- Installing: /Users/zhoubot/linx-isa/tools/pyCircuit/.pycircuit_out/gates/20260906-issue39-closure-r3/agentic-circuit/toolchain/install/include/llvm/IR/AttributeMask.h
-- Installing: /Users/zhoubot/linx-isa/tools/pyCircuit/.pycircuit_out/gates/20260906-issue39-closure-r3/agentic-circuit/toolchain/install/include/llvm/IR/ValueSymbolTable.h
-- Installing: /Users/zhoubot/linx-isa/tools/pyCircuit/.pycircuit_out/gates/20260906-issue39-closure-r3/agentic-circuit/toolchain/install/include/llvm/IR/DebugInfoFlags.def
-- Installing: /Users/zhoubot/linx-isa/tools/pyCircuit/.pycircuit_out/gates/20260906-issue39-closure-r3/agentic-circuit/toolchain/install/include/llvm/IR/VectorTypeUtils.h
-- Installing: /Users/zhoubot/linx-isa/tools/pyCircuit/.pycircuit_out/gates/20260906-issue39-closure-r3/agentic-circuit/toolchain/install/include/llvm/IR/Comdat.h
-- Installing: /Users/zhoubot/linx-isa/tools/pyCircuit/.pycircuit_out/gates/20260906-issue39-closure-r3/agentic-circuit/toolchain/install/include/llvm/IR/ConstantFolder.h
-- Installing: /Users/zhoubot/linx-isa/tools/pyCircuit/.pycircuit_out/gates/20260906-issue39-closure-r3/agentic-circuit/toolchain/install/include/llvm/IR/GlobalObject.h
-- Installing: /Users/zhoubot/linx-isa/tools/pyCircuit/.pycircuit_out/gates/20260906-issue39-closure-r3/agentic-circuit/toolchain/install/include/llvm/IR/User.h
-- Installing: /Users/zhoubot/linx-isa/tools/pyCircuit/.pycircuit_out/gates/20260906-issue39-closure-r3/agentic-circuit/toolchain/install/include/llvm/IR/IntrinsicsRISCV.td
-- Installing: /Users/zhoubot/linx-isa/tools/pyCircuit/.pycircuit_out/gates/20260906-issue39-closure-r3/agentic-circuit/toolchain/install/include/llvm/IR/IntrinsicsRISCVXAndes.td
-- Installing: /Users/zhoubot/linx-isa/tools/pyCircuit/.pycircuit_out/gates/20260906-issue39-closure-r3/agentic-circuit/toolchain/install/include/llvm/IR/GlobalValue.h
-- Installing: /Users/zhoubot/linx-isa/tools/pyCircuit/.pycircuit_out/gates/20260906-issue39-closure-r3/agentic-circuit/toolchain/install/include/llvm/IR/PatternMatch.h
-- Installing: /Users/zhoubot/linx-isa/tools/pyCircuit/.pycircuit_out/gates/20260906-issue39-closure-r3/agentic-circuit/toolchain/install/include/llvm/IR/IntrinsicsR600.h
-- Installing: /Users/zhoubot/linx-isa/tools/pyCircuit/.pycircuit_out/gates/20260906-issue39-closure-r3/agentic-circuit/toolchain/install/include/llvm/IR/IntrinsicsPowerPC.h
-- Installing: /Users/zhoubot/linx-isa/tools/pyCircuit/.pycircuit_out/gates/20260906-issue39-closure-r3/agentic-circuit/toolchain/install/include/llvm/IR/FPEnv.h
-- Installing: /Users/zhoubot/linx-isa/tools/pyCircuit/.pycircuit_out/gates/20260906-issue39-closure-r3/agentic-circuit/toolchain/install/include/llvm/IR/DebugProgramInstruction.h
-- Installing: /Users/zhoubot/linx-isa/tools/pyCircuit/.pycircuit_out/gates/20260906-issue39-closure-r3/agentic-circuit/toolchain/install/include/llvm/IR/VPIntrinsics.def
-- Installing: /Users/zhoubot/linx-isa/tools/pyCircuit/.pycircuit_out/gates/20260906-issue39-closure-r3/agentic-circuit/toolchain/install/include/llvm/IR/IntrinsicImpl.inc
-- Installing: /Users/zhoubot/linx-isa/tools/pyCircuit/.pycircuit_out/gates/20260906-issue39-closure-r3/agentic-circuit/toolchain/install/include/llvm/IR/InstIterator.h
-- Installing: /Users/zhoubot/linx-isa/tools/pyCircuit/.pycircuit_out/gates/20260906-issue39-closure-r3/agentic-circuit/toolchain/install/include/llvm/IR/IntrinsicsHexagon.h
-- Installing: /Users/zhoubot/linx-isa/tools/pyCircuit/.pycircuit_out/gates/20260906-issue39-closure-r3/agentic-circuit/toolchain/install/include/llvm/IR/AutoUpgrade.h
-- Installing: /Users/zhoubot/linx-isa/tools/pyCircuit/.pycircuit_out/gates/20260906-issue39-closure-r3/agentic-circuit/toolchain/install/include/llvm/IR/Assumptions.h
-- Installing: /Users/zhoubot/linx-isa/tools/pyCircuit/.pycircuit_out/gates/20260906-issue39-closure-r3/agentic-circuit/toolchain/install/include/llvm/IR/IntrinsicsVEVL.gen.td
-- Installing: /Users/zhoubot/linx-isa/tools/pyCircuit/.pycircuit_out/gates/20260906-issue39-closure-r3/agentic-circuit/toolchain/install/include/llvm/IR/ProfileSummary.h
-- Installing: /Users/zhoubot/linx-isa/tools/pyCircuit/.pycircuit_out/gates/20260906-issue39-closure-r3/agentic-circuit/toolchain/install/include/llvm/IR/PrintPasses.h
-- Installing: /Users/zhoubot/linx-isa/tools/pyCircuit/.pycircuit_out/gates/20260906-issue39-closure-r3/agentic-circuit/toolchain/install/include/llvm/IR/IntrinsicsXCore.td
-- Installing: /Users/zhoubot/linx-isa/tools/pyCircuit/.pycircuit_out/gates/20260906-issue39-closure-r3/agentic-circuit/toolchain/install/include/llvm/IR/Mangler.h
-- Installing: /Users/zhoubot/linx-isa/tools/pyCircuit/.pycircuit_out/gates/20260906-issue39-closure-r3/agentic-circuit/toolchain/install/include/llvm/IR/LegacyPassNameParser.h
-- Installing: /Users/zhoubot/linx-isa/tools/pyCircuit/.pycircuit_out/gates/20260906-issue39-closure-r3/agentic-circuit/toolchain/install/include/llvm/IR/IntrinsicsHexagon.td
-- Installing: /Users/zhoubot/linx-isa/tools/pyCircuit/.pycircuit_out/gates/20260906-issue39-closure-r3/agentic-circuit/toolchain/install/include/llvm/IR/NoFolder.h
-- Installing: /Users/zhoubot/linx-isa/tools/pyCircuit/.pycircuit_out/gates/20260906-issue39-closure-r3/agentic-circuit/toolchain/install/include/llvm/IR/IntrinsicEnums.inc
-- Installing: /Users/zhoubot/linx-isa/tools/pyCircuit/.pycircuit_out/gates/20260906-issue39-closure-r3/agentic-circuit/toolchain/install/include/llvm/IR/ProfDataUtils.h
-- Installing: /Users/zhoubot/linx-isa/tools/pyCircuit/.pycircuit_out/gates/20260906-issue39-closure-r3/agentic-circuit/toolchain/install/include/llvm/IR/IntrinsicInst.h
-- Installing: /Users/zhoubot/linx-isa/tools/pyCircuit/.pycircuit_out/gates/20260906-issue39-closure-r3/agentic-circuit/toolchain/install/include/llvm/IR/InlineAsm.h
-- Installing: /Users/zhoubot/linx-isa/tools/pyCircuit/.pycircuit_out/gates/20260906-issue39-closure-r3/agentic-circuit/toolchain/install/include/llvm/IR/PassManager.h
-- Installing: /Users/zhoubot/linx-isa/tools/pyCircuit/.pycircuit_out/gates/20260906-issue39-closure-r3/agentic-circuit/toolchain/install/include/llvm/IR/Module.h
-- Installing: /Users/zhoubot/linx-isa/tools/pyCircuit/.pycircuit_out/gates/20260906-issue39-closure-r3/agentic-circuit/toolchain/install/include/llvm/IR/RuntimeLibcalls.inc
-- Installing: /Users/zhoubot/linx-isa/tools/pyCircuit/.pycircuit_out/gates/20260906-issue39-closure-r3/agentic-circuit/toolchain/install/include/llvm/IR/DebugInfoMetadata.h
-- Installing: /Users/zhoubot/linx-isa/tools/pyCircuit/.pycircuit_out/gates/20260906-issue39-closure-r3/agentic-circuit/toolchain/install/include/llvm/IR/ConstantFold.h
-- Installing: /Users/zhoubot/linx-isa/tools/pyCircuit/.pycircuit_out/gates/20260906-issue39-closure-r3/agentic-circuit/toolchain/install/include/llvm/IR/CFG.h
-- Installing: /Users/zhoubot/linx-isa/tools/pyCircuit/.pycircuit_out/gates/20260906-issue39-closure-r3/agentic-circuit/toolchain/install/include/llvm/IR/DiagnosticInfo.h
-- Installing: /Users/zhoubot/linx-isa/tools/pyCircuit/.pycircuit_out/gates/20260906-issue39-closure-r3/agentic-circuit/toolchain/install/include/llvm/IR/Instruction.h
-- Installing: /Users/zhoubot/linx-isa/tools/pyCircuit/.pycircuit_out/gates/20260906-issue39-closure-r3/agentic-circuit/toolchain/install/include/llvm/IR/NVVMIntrinsicUtils.h
-- Installing: /Users/zhoubot/linx-isa/tools/pyCircuit/.pycircuit_out/gates/20260906-issue39-closure-r3/agentic-circuit/toolchain/install/include/llvm/IR/IntrinsicsAMDGPU.h
-- Installing: /Users/zhoubot/linx-isa/tools/pyCircuit/.pycircuit_out/gates/20260906-issue39-closure-r3/agentic-circuit/toolchain/install/include/llvm/IR/GCStrategy.h
-- Installing: /Users/zhoubot/linx-isa/tools/pyCircuit/.pycircuit_out/gates/20260906-issue39-closure-r3/agentic-circuit/toolchain/install/include/llvm/IR/Statepoint.h
-- Installing: /Users/zhoubot/linx-isa/tools/pyCircuit/.pycircuit_out/gates/20260906-issue39-closure-r3/agentic-circuit/toolchain/install/include/llvm/IR/DiagnosticHandler.h
-- Installing: /Users/zhoubot/linx-isa/tools/pyCircuit/.pycircuit_out/gates/20260906-issue39-closure-r3/agentic-circuit/toolchain/install/include/llvm/IR/Use.h
-- Installing: /Users/zhoubot/linx-isa/tools/pyCircuit/.pycircuit_out/gates/20260906-issue39-closure-r3/agentic-circuit/toolchain/install/include/llvm/IR/IntrinsicsBPF.td
-- Installing: /Users/zhoubot/linx-isa/tools/pyCircuit/.pycircuit_out/gates/20260906-issue39-closure-r3/agentic-circuit/toolchain/install/include/llvm/IR/IntrinsicsWebAssembly.td
-- Installing: /Users/zhoubot/linx-isa/tools/pyCircuit/.pycircuit_out/gates/20260906-issue39-closure-r3/agentic-circuit/toolchain/install/include/llvm/IR/UseListOrder.h
-- Installing: /Users/zhoubot/linx-isa/tools/pyCircuit/.pycircuit_out/gates/20260906-issue39-closure-r3/agentic-circuit/toolchain/install/include/llvm/IR/IntrinsicsAMDGPU.td
-- Installing: /Users/zhoubot/linx-isa/tools/pyCircuit/.pycircuit_out/gates/20260906-issue39-closure-r3/agentic-circuit/toolchain/install/include/llvm/IR/IntrinsicsLoongArch.h
-- Installing: /Users/zhoubot/linx-isa/tools/pyCircuit/.pycircuit_out/gates/20260906-issue39-closure-r3/agentic-circuit/toolchain/install/include/llvm/IR/Intrinsics.td
-- Installing: /Users/zhoubot/linx-isa/tools/pyCircuit/.pycircuit_out/gates/20260906-issue39-closure-r3/agentic-circuit/toolchain/install/include/llvm/IR/StructuralHash.h
-- Installing: /Users/zhoubot/linx-isa/tools/pyCircuit/.pycircuit_out/gates/20260906-issue39-closure-r3/agentic-circuit/toolchain/install/include/llvm/IR/Function.h
-- Installing: /Users/zhoubot/linx-isa/tools/pyCircuit/.pycircuit_out/gates/20260906-issue39-closure-r3/agentic-circuit/toolchain/install/include/llvm/IR/GenericConvergenceVerifierImpl.h
-- Installing: /Users/zhoubot/linx-isa/tools/pyCircuit/.pycircuit_out/gates/20260906-issue39-closure-r3/agentic-circuit/toolchain/install/include/llvm/IR/IntrinsicsSPIRV.td
-- Installing: /Users/zhoubot/linx-isa/tools/pyCircuit/.pycircuit_out/gates/20260906-issue39-closure-r3/agentic-circuit/toolchain/install/include/llvm/IR/FixedMetadataKinds.def
-- Installing: /Users/zhoubot/linx-isa/tools/pyCircuit/.pycircuit_out/gates/20260906-issue39-closure-r3/agentic-circuit/toolchain/install/include/llvm/IR/IntrinsicsVE.td
-- Installing: /Users/zhoubot/linx-isa/tools/pyCircuit/.pycircuit_out/gates/20260906-issue39-closure-r3/agentic-circuit/toolchain/install/include/llvm/IR/GlobalVariable.h
-- Installing: /Users/zhoubot/linx-isa/tools/pyCircuit/.pycircuit_out/gates/20260906-issue39-closure-r3/agentic-circuit/toolchain/install/include/llvm/IR/IntrinsicsNVVM.td
-- Installing: /Users/zhoubot/linx-isa/tools/pyCircuit/.pycircuit_out/gates/20260906-issue39-closure-r3/agentic-circuit/toolchain/install/include/llvm/IR/TypedPointerType.h
-- Installing: /Users/zhoubot/linx-isa/tools/pyCircuit/.pycircuit_out/gates/20260906-issue39-closure-r3/agentic-circuit/toolchain/install/include/llvm/IR/GlobalAlias.h
-- Installing: /Users/zhoubot/linx-isa/tools/pyCircuit/.pycircuit_out/gates/20260906-issue39-closure-r3/agentic-circuit/toolchain/install/include/llvm/IR/ReplaceConstant.h
-- Installing: /Users/zhoubot/linx-isa/tools/pyCircuit/.pycircuit_out/gates/20260906-issue39-closure-r3/agentic-circuit/toolchain/install/include/llvm/IR/GVMaterializer.h
-- Installing: /Users/zhoubot/linx-isa/tools/pyCircuit/.pycircuit_out/gates/20260906-issue39-closure-r3/agentic-circuit/toolchain/install/include/llvm/IR/Analysis.h
-- Installing: /Users/zhoubot/linx-isa/tools/pyCircuit/.pycircuit_out/gates/20260906-issue39-closure-r3/agentic-circuit/toolchain/install/include/llvm/IR/AssemblyAnnotationWriter.h
-- Installing: /Users/zhoubot/linx-isa/tools/pyCircuit/.pycircuit_out/gates/20260906-issue39-closure-r3/agentic-circuit/toolchain/install/include/llvm/IR/IntrinsicsDirectX.h
-- Installing: /Users/zhoubot/linx-isa/tools/pyCircuit/.pycircuit_out/gates/20260906-issue39-closure-r3/agentic-circuit/toolchain/install/include/llvm/IR/ValueMap.h
-- Installing: /Users/zhoubot/linx-isa/tools/pyCircuit/.pycircuit_out/gates/20260906-issue39-closure-r3/agentic-circuit/toolchain/install/include/llvm/Plugins
-- Installing: /Users/zhoubot/linx-isa/tools/pyCircuit/.pycircuit_out/gates/20260906-issue39-closure-r3/agentic-circuit/toolchain/install/include/llvm/Plugins/PassPlugin.h
-- Installing: /Users/zhoubot/linx-isa/tools/pyCircuit/.pycircuit_out/gates/20260906-issue39-closure-r3/agentic-circuit/toolchain/install/include/llvm/CGData
-- Installing: /Users/zhoubot/linx-isa/tools/pyCircuit/.pycircuit_out/gates/20260906-issue39-closure-r3/agentic-circuit/toolchain/install/include/llvm/CGData/StableFunctionMap.h
-- Installing: /Users/zhoubot/linx-isa/tools/pyCircuit/.pycircuit_out/gates/20260906-issue39-closure-r3/agentic-circuit/toolchain/install/include/llvm/CGData/CGDataPatchItem.h
-- Installing: /Users/zhoubot/linx-isa/tools/pyCircuit/.pycircuit_out/gates/20260906-issue39-closure-r3/agentic-circuit/toolchain/install/include/llvm/CGData/CodeGenDataWriter.h
-- Installing: /Users/zhoubot/linx-isa/tools/pyCircuit/.pycircuit_out/gates/20260906-issue39-closure-r3/agentic-circuit/toolchain/install/include/llvm/CGData/CodeGenData.inc
-- Installing: /Users/zhoubot/linx-isa/tools/pyCircuit/.pycircuit_out/gates/20260906-issue39-closure-r3/agentic-circuit/toolchain/install/include/llvm/CGData/OutlinedHashTreeRecord.h
-- Installing: /Users/zhoubot/linx-isa/tools/pyCircuit/.pycircuit_out/gates/20260906-issue39-closure-r3/agentic-circuit/toolchain/install/include/llvm/CGData/OutlinedHashTree.h
-- Installing: /Users/zhoubot/linx-isa/tools/pyCircuit/.pycircuit_out/gates/20260906-issue39-closure-r3/agentic-circuit/toolchain/install/include/llvm/CGData/StableFunctionMapRecord.h
-- Installing: /Users/zhoubot/linx-isa/tools/pyCircuit/.pycircuit_out/gates/20260906-issue39-closure-r3/agentic-circuit/toolchain/install/include/llvm/CGData/CodeGenDataReader.h
-- Installing: /Users/zhoubot/linx-isa/tools/pyCircuit/.pycircuit_out/gates/20260906-issue39-closure-r3/agentic-circuit/toolchain/install/include/llvm/CGData/CodeGenData.h
-- Installing: /Users/zhoubot/linx-isa/tools/pyCircuit/.pycircuit_out/gates/20260906-issue39-closure-r3/agentic-circuit/toolchain/install/include/llvm/LinkAllIR.h
-- Installing: /Users/zhoubot/linx-isa/tools/pyCircuit/.pycircuit_out/gates/20260906-issue39-closure-r3/agentic-circuit/toolchain/install/include/llvm/Target
-- Installing: /Users/zhoubot/linx-isa/tools/pyCircuit/.pycircuit_out/gates/20260906-issue39-closure-r3/agentic-circuit/toolchain/install/include/llvm/Target/CodeGenCWrappers.h
-- Installing: /Users/zhoubot/linx-isa/tools/pyCircuit/.pycircuit_out/gates/20260906-issue39-closure-r3/agentic-circuit/toolchain/install/include/llvm/Target/TargetSelectionDAG.td
-- Installing: /Users/zhoubot/linx-isa/tools/pyCircuit/.pycircuit_out/gates/20260906-issue39-closure-r3/agentic-circuit/toolchain/install/include/llvm/Target/CGPassBuilderOption.h
-- Installing: /Users/zhoubot/linx-isa/tools/pyCircuit/.pycircuit_out/gates/20260906-issue39-closure-r3/agentic-circuit/toolchain/install/include/llvm/Target/TargetPfmCounters.td
-- Installing: /Users/zhoubot/linx-isa/tools/pyCircuit/.pycircuit_out/gates/20260906-issue39-closure-r3/agentic-circuit/toolchain/install/include/llvm/Target/TargetInstrPredicate.td
-- Installing: /Users/zhoubot/linx-isa/tools/pyCircuit/.pycircuit_out/gates/20260906-issue39-closure-r3/agentic-circuit/toolchain/install/include/llvm/Target/TargetCallingConv.td
-- Installing: /Users/zhoubot/linx-isa/tools/pyCircuit/.pycircuit_out/gates/20260906-issue39-closure-r3/agentic-circuit/toolchain/install/include/llvm/Target/TargetMacroFusion.td
-- Installing: /Users/zhoubot/linx-isa/tools/pyCircuit/.pycircuit_out/gates/20260906-issue39-closure-r3/agentic-circuit/toolchain/install/include/llvm/Target/TargetMachine.h
-- Installing: /Users/zhoubot/linx-isa/tools/pyCircuit/.pycircuit_out/gates/20260906-issue39-closure-r3/agentic-circuit/toolchain/install/include/llvm/Target/GlobalISel
-- Installing: /Users/zhoubot/linx-isa/tools/pyCircuit/.pycircuit_out/gates/20260906-issue39-closure-r3/agentic-circuit/toolchain/install/include/llvm/Target/GlobalISel/Combine.td
-- Installing: /Users/zhoubot/linx-isa/tools/pyCircuit/.pycircuit_out/gates/20260906-issue39-closure-r3/agentic-circuit/toolchain/install/include/llvm/Target/GlobalISel/SelectionDAGCompat.td
-- Installing: /Users/zhoubot/linx-isa/tools/pyCircuit/.pycircuit_out/gates/20260906-issue39-closure-r3/agentic-circuit/toolchain/install/include/llvm/Target/GlobalISel/RegisterBank.td
-- Installing: /Users/zhoubot/linx-isa/tools/pyCircuit/.pycircuit_out/gates/20260906-issue39-closure-r3/agentic-circuit/toolchain/install/include/llvm/Target/GlobalISel/Target.td
-- Installing: /Users/zhoubot/linx-isa/tools/pyCircuit/.pycircuit_out/gates/20260906-issue39-closure-r3/agentic-circuit/toolchain/install/include/llvm/Target/TargetItinerary.td
-- Installing: /Users/zhoubot/linx-isa/tools/pyCircuit/.pycircuit_out/gates/20260906-issue39-closure-r3/agentic-circuit/toolchain/install/include/llvm/Target/TargetLoweringObjectFile.h
-- Installing: /Users/zhoubot/linx-isa/tools/pyCircuit/.pycircuit_out/gates/20260906-issue39-closure-r3/agentic-circuit/toolchain/install/include/llvm/Target/GenericOpcodes.td
-- Installing: /Users/zhoubot/linx-isa/tools/pyCircuit/.pycircuit_out/gates/20260906-issue39-closure-r3/agentic-circuit/toolchain/install/include/llvm/Target/TargetOptions.h
-- Installing: /Users/zhoubot/linx-isa/tools/pyCircuit/.pycircuit_out/gates/20260906-issue39-closure-r3/agentic-circuit/toolchain/install/include/llvm/Target/Target.td
-- Installing: /Users/zhoubot/linx-isa/tools/pyCircuit/.pycircuit_out/gates/20260906-issue39-closure-r3/agentic-circuit/toolchain/install/include/llvm/Target/TargetSchedule.td
-- Installing: /Users/zhoubot/linx-isa/tools/pyCircuit/.pycircuit_out/gates/20260906-issue39-closure-r3/agentic-circuit/toolchain/install/include/llvm/Target/RegisterTargetPassConfigCallback.h
-- Installing: /Users/zhoubot/linx-isa/tools/pyCircuit/.pycircuit_out/gates/20260906-issue39-closure-r3/agentic-circuit/toolchain/install/include/llvm/FileCheck
-- Installing: /Users/zhoubot/linx-isa/tools/pyCircuit/.pycircuit_out/gates/20260906-issue39-closure-r3/agentic-circuit/toolchain/install/include/llvm/FileCheck/FileCheck.h
-- Installing: /Users/zhoubot/linx-isa/tools/pyCircuit/.pycircuit_out/gates/20260906-issue39-closure-r3/agentic-circuit/toolchain/install/include/llvm/FuzzMutate
-- Installing: /Users/zhoubot/linx-isa/tools/pyCircuit/.pycircuit_out/gates/20260906-issue39-closure-r3/agentic-circuit/toolchain/install/include/llvm/FuzzMutate/Operations.h
-- Installing: /Users/zhoubot/linx-isa/tools/pyCircuit/.pycircuit_out/gates/20260906-issue39-closure-r3/agentic-circuit/toolchain/install/include/llvm/FuzzMutate/FuzzerCLI.h
-- Installing: /Users/zhoubot/linx-isa/tools/pyCircuit/.pycircuit_out/gates/20260906-issue39-closure-r3/agentic-circuit/toolchain/install/include/llvm/FuzzMutate/IRMutator.h
-- Installing: /Users/zhoubot/linx-isa/tools/pyCircuit/.pycircuit_out/gates/20260906-issue39-closure-r3/agentic-circuit/toolchain/install/include/llvm/FuzzMutate/OpDescriptor.h
-- Installing: /Users/zhoubot/linx-isa/tools/pyCircuit/.pycircuit_out/gates/20260906-issue39-closure-r3/agentic-circuit/toolchain/install/include/llvm/FuzzMutate/RandomIRBuilder.h
-- Installing: /Users/zhoubot/linx-isa/tools/pyCircuit/.pycircuit_out/gates/20260906-issue39-closure-r3/agentic-circuit/toolchain/install/include/llvm/FuzzMutate/Random.h
-- Installing: /Users/zhoubot/linx-isa/tools/pyCircuit/.pycircuit_out/gates/20260906-issue39-closure-r3/agentic-circuit/toolchain/install/include/llvm/PassAnalysisSupport.h
-- Installing: /Users/zhoubot/linx-isa/tools/pyCircuit/.pycircuit_out/gates/20260906-issue39-closure-r3/agentic-circuit/toolchain/install/include/llvm/CodeGenTypes
-- Installing: /Users/zhoubot/linx-isa/tools/pyCircuit/.pycircuit_out/gates/20260906-issue39-closure-r3/agentic-circuit/toolchain/install/include/llvm/CodeGenTypes/MachineValueType.h
-- Installing: /Users/zhoubot/linx-isa/tools/pyCircuit/.pycircuit_out/gates/20260906-issue39-closure-r3/agentic-circuit/toolchain/install/include/llvm/CodeGenTypes/LowLevelType.h
-- Installing: /Users/zhoubot/linx-isa/tools/pyCircuit/.pycircuit_out/gates/20260906-issue39-closure-r3/agentic-circuit/toolchain/install/include/llvm/Passes
-- Installing: /Users/zhoubot/linx-isa/tools/pyCircuit/.pycircuit_out/gates/20260906-issue39-closure-r3/agentic-circuit/toolchain/install/include/llvm/Passes/PassBuilder.h
-- Installing: /Users/zhoubot/linx-isa/tools/pyCircuit/.pycircuit_out/gates/20260906-issue39-closure-r3/agentic-circuit/toolchain/install/include/llvm/Passes/StandardInstrumentations.h
-- Installing: /Users/zhoubot/linx-isa/tools/pyCircuit/.pycircuit_out/gates/20260906-issue39-closure-r3/agentic-circuit/toolchain/install/include/llvm/Passes/MachinePassRegistry.def
-- Installing: /Users/zhoubot/linx-isa/tools/pyCircuit/.pycircuit_out/gates/20260906-issue39-closure-r3/agentic-circuit/toolchain/install/include/llvm/Passes/TargetPassRegistry.inc
-- Installing: /Users/zhoubot/linx-isa/tools/pyCircuit/.pycircuit_out/gates/20260906-issue39-closure-r3/agentic-circuit/toolchain/install/include/llvm/Passes/OptimizationLevel.h
-- Installing: /Users/zhoubot/linx-isa/tools/pyCircuit/.pycircuit_out/gates/20260906-issue39-closure-r3/agentic-circuit/toolchain/install/include/llvm/Passes/CodeGenPassBuilder.h
-- Installing: /Users/zhoubot/linx-isa/tools/pyCircuit/.pycircuit_out/gates/20260906-issue39-closure-r3/agentic-circuit/toolchain/install/include/llvm/TargetParser
-- Installing: /Users/zhoubot/linx-isa/tools/pyCircuit/.pycircuit_out/gates/20260906-issue39-closure-r3/agentic-circuit/toolchain/install/include/llvm/TargetParser/ARMTargetParser.def
-- Installing: /Users/zhoubot/linx-isa/tools/pyCircuit/.pycircuit_out/gates/20260906-issue39-closure-r3/agentic-circuit/toolchain/install/include/llvm/TargetParser/LoongArchTargetParser.def
-- Installing: /Users/zhoubot/linx-isa/tools/pyCircuit/.pycircuit_out/gates/20260906-issue39-closure-r3/agentic-circuit/toolchain/install/include/llvm/TargetParser/X86TargetParser.h
-- Installing: /Users/zhoubot/linx-isa/tools/pyCircuit/.pycircuit_out/gates/20260906-issue39-closure-r3/agentic-circuit/toolchain/install/include/llvm/TargetParser/Host.h
-- Installing: /Users/zhoubot/linx-isa/tools/pyCircuit/.pycircuit_out/gates/20260906-issue39-closure-r3/agentic-circuit/toolchain/install/include/llvm/TargetParser/RISCVTargetParserDef.inc
-- Installing: /Users/zhoubot/linx-isa/tools/pyCircuit/.pycircuit_out/gates/20260906-issue39-closure-r3/agentic-circuit/toolchain/install/include/llvm/TargetParser/AArch64FeatPriorities.inc
-- Installing: /Users/zhoubot/linx-isa/tools/pyCircuit/.pycircuit_out/gates/20260906-issue39-closure-r3/agentic-circuit/toolchain/install/include/llvm/TargetParser/RISCVTargetParser.h
-- Installing: /Users/zhoubot/linx-isa/tools/pyCircuit/.pycircuit_out/gates/20260906-issue39-closure-r3/agentic-circuit/toolchain/install/include/llvm/TargetParser/PPCTargetParser.h
-- Installing: /Users/zhoubot/linx-isa/tools/pyCircuit/.pycircuit_out/gates/20260906-issue39-closure-r3/agentic-circuit/toolchain/install/include/llvm/TargetParser/PPCTargetParser.def
-- Installing: /Users/zhoubot/linx-isa/tools/pyCircuit/.pycircuit_out/gates/20260906-issue39-closure-r3/agentic-circuit/toolchain/install/include/llvm/TargetParser/Triple.h
-- Installing: /Users/zhoubot/linx-isa/tools/pyCircuit/.pycircuit_out/gates/20260906-issue39-closure-r3/agentic-circuit/toolchain/install/include/llvm/TargetParser/ARMTargetParserCommon.h
-- Installing: /Users/zhoubot/linx-isa/tools/pyCircuit/.pycircuit_out/gates/20260906-issue39-closure-r3/agentic-circuit/toolchain/install/include/llvm/TargetParser/PPCGenTargetFeatures.inc
-- Installing: /Users/zhoubot/linx-isa/tools/pyCircuit/.pycircuit_out/gates/20260906-issue39-closure-r3/agentic-circuit/toolchain/install/include/llvm/TargetParser/CSKYTargetParser.def
-- Installing: /Users/zhoubot/linx-isa/tools/pyCircuit/.pycircuit_out/gates/20260906-issue39-closure-r3/agentic-circuit/toolchain/install/include/llvm/TargetParser/TargetParser.h
-- Installing: /Users/zhoubot/linx-isa/tools/pyCircuit/.pycircuit_out/gates/20260906-issue39-closure-r3/agentic-circuit/toolchain/install/include/llvm/TargetParser/ARMTargetParserDef.inc
-- Installing: /Users/zhoubot/linx-isa/tools/pyCircuit/.pycircuit_out/gates/20260906-issue39-closure-r3/agentic-circuit/toolchain/install/include/llvm/TargetParser/LoongArchTargetParser.h
-- Installing: /Users/zhoubot/linx-isa/tools/pyCircuit/.pycircuit_out/gates/20260906-issue39-closure-r3/agentic-circuit/toolchain/install/include/llvm/TargetParser/SubtargetFeature.h
-- Installing: /Users/zhoubot/linx-isa/tools/pyCircuit/.pycircuit_out/gates/20260906-issue39-closure-r3/agentic-circuit/toolchain/install/include/llvm/TargetParser/CSKYTargetParser.h
-- Installing: /Users/zhoubot/linx-isa/tools/pyCircuit/.pycircuit_out/gates/20260906-issue39-closure-r3/agentic-circuit/toolchain/install/include/llvm/TargetParser/AArch64TargetParser.h
-- Installing: /Users/zhoubot/linx-isa/tools/pyCircuit/.pycircuit_out/gates/20260906-issue39-closure-r3/agentic-circuit/toolchain/install/include/llvm/TargetParser/ARMTargetParser.h
-- Installing: /Users/zhoubot/linx-isa/tools/pyCircuit/.pycircuit_out/gates/20260906-issue39-closure-r3/agentic-circuit/toolchain/install/include/llvm/TargetParser/XtensaTargetParser.def
-- Installing: /Users/zhoubot/linx-isa/tools/pyCircuit/.pycircuit_out/gates/20260906-issue39-closure-r3/agentic-circuit/toolchain/install/include/llvm/TargetParser/XtensaTargetParser.h
-- Installing: /Users/zhoubot/linx-isa/tools/pyCircuit/.pycircuit_out/gates/20260906-issue39-closure-r3/agentic-circuit/toolchain/install/include/llvm/TargetParser/RISCVISAInfo.h
-- Installing: /Users/zhoubot/linx-isa/tools/pyCircuit/.pycircuit_out/gates/20260906-issue39-closure-r3/agentic-circuit/toolchain/install/include/llvm/TargetParser/AArch64CPUFeatures.inc
-- Installing: /Users/zhoubot/linx-isa/tools/pyCircuit/.pycircuit_out/gates/20260906-issue39-closure-r3/agentic-circuit/toolchain/install/include/llvm/TargetParser/X86TargetParser.def
-- Installing: /Users/zhoubot/linx-isa/tools/pyCircuit/.pycircuit_out/gates/20260906-issue39-closure-r3/agentic-circuit/toolchain/install/include/llvm/TargetParser/AArch64TargetParserDef.inc
-- Installing: /Users/zhoubot/linx-isa/tools/pyCircuit/.pycircuit_out/gates/20260906-issue39-closure-r3/agentic-circuit/toolchain/install/include/llvm/PassSupport.h
-- Installing: /Users/zhoubot/linx-isa/tools/pyCircuit/.pycircuit_out/gates/20260906-issue39-closure-r3/agentic-circuit/toolchain/install/include/llvm/BinaryFormat
-- Installing: /Users/zhoubot/linx-isa/tools/pyCircuit/.pycircuit_out/gates/20260906-issue39-closure-r3/agentic-circuit/toolchain/install/include/llvm/BinaryFormat/WasmRelocs.def
-- Installing: /Users/zhoubot/linx-isa/tools/pyCircuit/.pycircuit_out/gates/20260906-issue39-closure-r3/agentic-circuit/toolchain/install/include/llvm/BinaryFormat/MsgPack.h
-- Installing: /Users/zhoubot/linx-isa/tools/pyCircuit/.pycircuit_out/gates/20260906-issue39-closure-r3/agentic-circuit/toolchain/install/include/llvm/BinaryFormat/MsgPackReader.h
-- Installing: /Users/zhoubot/linx-isa/tools/pyCircuit/.pycircuit_out/gates/20260906-issue39-closure-r3/agentic-circuit/toolchain/install/include/llvm/BinaryFormat/Magic.h
-- Installing: /Users/zhoubot/linx-isa/tools/pyCircuit/.pycircuit_out/gates/20260906-issue39-closure-r3/agentic-circuit/toolchain/install/include/llvm/BinaryFormat/DXContainer.h
-- Installing: /Users/zhoubot/linx-isa/tools/pyCircuit/.pycircuit_out/gates/20260906-issue39-closure-r3/agentic-circuit/toolchain/install/include/llvm/BinaryFormat/Minidump.h
-- Installing: /Users/zhoubot/linx-isa/tools/pyCircuit/.pycircuit_out/gates/20260906-issue39-closure-r3/agentic-circuit/toolchain/install/include/llvm/BinaryFormat/GOFF.h
-- Installing: /Users/zhoubot/linx-isa/tools/pyCircuit/.pycircuit_out/gates/20260906-issue39-closure-r3/agentic-circuit/toolchain/install/include/llvm/BinaryFormat/MachO.def
-- Installing: /Users/zhoubot/linx-isa/tools/pyCircuit/.pycircuit_out/gates/20260906-issue39-closure-r3/agentic-circuit/toolchain/install/include/llvm/BinaryFormat/ELFRelocs
-- Installing: /Users/zhoubot/linx-isa/tools/pyCircuit/.pycircuit_out/gates/20260906-issue39-closure-r3/agentic-circuit/toolchain/install/include/llvm/BinaryFormat/ELFRelocs/i386.def
-- Installing: /Users/zhoubot/linx-isa/tools/pyCircuit/.pycircuit_out/gates/20260906-issue39-closure-r3/agentic-circuit/toolchain/install/include/llvm/BinaryFormat/ELFRelocs/CSKY.def
-- Installing: /Users/zhoubot/linx-isa/tools/pyCircuit/.pycircuit_out/gates/20260906-issue39-closure-r3/agentic-circuit/toolchain/install/include/llvm/BinaryFormat/ELFRelocs/Hexagon.def
-- Installing: /Users/zhoubot/linx-isa/tools/pyCircuit/.pycircuit_out/gates/20260906-issue39-closure-r3/agentic-circuit/toolchain/install/include/llvm/BinaryFormat/ELFRelocs/MSP430.def
-- Installing: /Users/zhoubot/linx-isa/tools/pyCircuit/.pycircuit_out/gates/20260906-issue39-closure-r3/agentic-circuit/toolchain/install/include/llvm/BinaryFormat/ELFRelocs/BPF.def
-- Installing: /Users/zhoubot/linx-isa/tools/pyCircuit/.pycircuit_out/gates/20260906-issue39-closure-r3/agentic-circuit/toolchain/install/include/llvm/BinaryFormat/ELFRelocs/AVR.def
-- Installing: /Users/zhoubot/linx-isa/tools/pyCircuit/.pycircuit_out/gates/20260906-issue39-closure-r3/agentic-circuit/toolchain/install/include/llvm/BinaryFormat/ELFRelocs/RISCV_nonstandard.def
-- Installing: /Users/zhoubot/linx-isa/tools/pyCircuit/.pycircuit_out/gates/20260906-issue39-closure-r3/agentic-circuit/toolchain/install/include/llvm/BinaryFormat/ELFRelocs/Lanai.def
-- Installing: /Users/zhoubot/linx-isa/tools/pyCircuit/.pycircuit_out/gates/20260906-issue39-closure-r3/agentic-circuit/toolchain/install/include/llvm/BinaryFormat/ELFRelocs/Mips.def
-- Installing: /Users/zhoubot/linx-isa/tools/pyCircuit/.pycircuit_out/gates/20260906-issue39-closure-r3/agentic-circuit/toolchain/install/include/llvm/BinaryFormat/ELFRelocs/ARM.def
-- Installing: /Users/zhoubot/linx-isa/tools/pyCircuit/.pycircuit_out/gates/20260906-issue39-closure-r3/agentic-circuit/toolchain/install/include/llvm/BinaryFormat/ELFRelocs/RISCV.def
-- Installing: /Users/zhoubot/linx-isa/tools/pyCircuit/.pycircuit_out/gates/20260906-issue39-closure-r3/agentic-circuit/toolchain/install/include/llvm/BinaryFormat/ELFRelocs/SystemZ.def
-- Installing: /Users/zhoubot/linx-isa/tools/pyCircuit/.pycircuit_out/gates/20260906-issue39-closure-r3/agentic-circuit/toolchain/install/include/llvm/BinaryFormat/ELFRelocs/PowerPC.def
-- Installing: /Users/zhoubot/linx-isa/tools/pyCircuit/.pycircuit_out/gates/20260906-issue39-closure-r3/agentic-circuit/toolchain/install/include/llvm/BinaryFormat/ELFRelocs/VE.def
-- Installing: /Users/zhoubot/linx-isa/tools/pyCircuit/.pycircuit_out/gates/20260906-issue39-closure-r3/agentic-circuit/toolchain/install/include/llvm/BinaryFormat/ELFRelocs/ARC.def
-- Installing: /Users/zhoubot/linx-isa/tools/pyCircuit/.pycircuit_out/gates/20260906-issue39-closure-r3/agentic-circuit/toolchain/install/include/llvm/BinaryFormat/ELFRelocs/Xtensa.def
-- Installing: /Users/zhoubot/linx-isa/tools/pyCircuit/.pycircuit_out/gates/20260906-issue39-closure-r3/agentic-circuit/toolchain/install/include/llvm/BinaryFormat/ELFRelocs/AArch64.def
-- Installing: /Users/zhoubot/linx-isa/tools/pyCircuit/.pycircuit_out/gates/20260906-issue39-closure-r3/agentic-circuit/toolchain/install/include/llvm/BinaryFormat/ELFRelocs/LoongArch.def
-- Installing: /Users/zhoubot/linx-isa/tools/pyCircuit/.pycircuit_out/gates/20260906-issue39-closure-r3/agentic-circuit/toolchain/install/include/llvm/BinaryFormat/ELFRelocs/x86_64.def
-- Installing: /Users/zhoubot/linx-isa/tools/pyCircuit/.pycircuit_out/gates/20260906-issue39-closure-r3/agentic-circuit/toolchain/install/include/llvm/BinaryFormat/ELFRelocs/Sparc.def
-- Installing: /Users/zhoubot/linx-isa/tools/pyCircuit/.pycircuit_out/gates/20260906-issue39-closure-r3/agentic-circuit/toolchain/install/include/llvm/BinaryFormat/ELFRelocs/M68k.def
-- Installing: /Users/zhoubot/linx-isa/tools/pyCircuit/.pycircuit_out/gates/20260906-issue39-closure-r3/agentic-circuit/toolchain/install/include/llvm/BinaryFormat/ELFRelocs/AMDGPU.def
-- Installing: /Users/zhoubot/linx-isa/tools/pyCircuit/.pycircuit_out/gates/20260906-issue39-closure-r3/agentic-circuit/toolchain/install/include/llvm/BinaryFormat/ELFRelocs/PowerPC64.def
-- Installing: /Users/zhoubot/linx-isa/tools/pyCircuit/.pycircuit_out/gates/20260906-issue39-closure-r3/agentic-circuit/toolchain/install/include/llvm/BinaryFormat/SFrameConstants.def
-- Installing: /Users/zhoubot/linx-isa/tools/pyCircuit/.pycircuit_out/gates/20260906-issue39-closure-r3/agentic-circuit/toolchain/install/include/llvm/BinaryFormat/WasmTraits.h
-- Installing: /Users/zhoubot/linx-isa/tools/pyCircuit/.pycircuit_out/gates/20260906-issue39-closure-r3/agentic-circuit/toolchain/install/include/llvm/BinaryFormat/Dwarf.h
-- Installing: /Users/zhoubot/linx-isa/tools/pyCircuit/.pycircuit_out/gates/20260906-issue39-closure-r3/agentic-circuit/toolchain/install/include/llvm/BinaryFormat/Dwarf.def
-- Installing: /Users/zhoubot/linx-isa/tools/pyCircuit/.pycircuit_out/gates/20260906-issue39-closure-r3/agentic-circuit/toolchain/install/include/llvm/BinaryFormat/DXContainerConstants.def
-- Installing: /Users/zhoubot/linx-isa/tools/pyCircuit/.pycircuit_out/gates/20260906-issue39-closure-r3/agentic-circuit/toolchain/install/include/llvm/BinaryFormat/Wasm.h
-- Installing: /Users/zhoubot/linx-isa/tools/pyCircuit/.pycircuit_out/gates/20260906-issue39-closure-r3/agentic-circuit/toolchain/install/include/llvm/BinaryFormat/ELF.h
-- Installing: /Users/zhoubot/linx-isa/tools/pyCircuit/.pycircuit_out/gates/20260906-issue39-closure-r3/agentic-circuit/toolchain/install/include/llvm/BinaryFormat/XCOFF.h
-- Installing: /Users/zhoubot/linx-isa/tools/pyCircuit/.pycircuit_out/gates/20260906-issue39-closure-r3/agentic-circuit/toolchain/install/include/llvm/BinaryFormat/MinidumpConstants.def
-- Installing: /Users/zhoubot/linx-isa/tools/pyCircuit/.pycircuit_out/gates/20260906-issue39-closure-r3/agentic-circuit/toolchain/install/include/llvm/BinaryFormat/MsgPackDocument.h
-- Installing: /Users/zhoubot/linx-isa/tools/pyCircuit/.pycircuit_out/gates/20260906-issue39-closure-r3/agentic-circuit/toolchain/install/include/llvm/BinaryFormat/MsgPackWriter.h
-- Installing: /Users/zhoubot/linx-isa/tools/pyCircuit/.pycircuit_out/gates/20260906-issue39-closure-r3/agentic-circuit/toolchain/install/include/llvm/BinaryFormat/MachO.h
-- Installing: /Users/zhoubot/linx-isa/tools/pyCircuit/.pycircuit_out/gates/20260906-issue39-closure-r3/agentic-circuit/toolchain/install/include/llvm/BinaryFormat/AMDGPUMetadataVerifier.h
-- Installing: /Users/zhoubot/linx-isa/tools/pyCircuit/.pycircuit_out/gates/20260906-issue39-closure-r3/agentic-circuit/toolchain/install/include/llvm/BinaryFormat/Swift.h
-- Installing: /Users/zhoubot/linx-isa/tools/pyCircuit/.pycircuit_out/gates/20260906-issue39-closure-r3/agentic-circuit/toolchain/install/include/llvm/BinaryFormat/MsgPack.def
-- Installing: /Users/zhoubot/linx-isa/tools/pyCircuit/.pycircuit_out/gates/20260906-issue39-closure-r3/agentic-circuit/toolchain/install/include/llvm/BinaryFormat/SFrame.h
-- Installing: /Users/zhoubot/linx-isa/tools/pyCircuit/.pycircuit_out/gates/20260906-issue39-closure-r3/agentic-circuit/toolchain/install/include/llvm/BinaryFormat/COFF.h
-- Installing: /Users/zhoubot/linx-isa/tools/pyCircuit/.pycircuit_out/gates/20260906-issue39-closure-r3/agentic-circuit/toolchain/install/include/llvm/BinaryFormat/DynamicTags.def
-- Installing: /Users/zhoubot/linx-isa/tools/pyCircuit/.pycircuit_out/gates/20260906-issue39-closure-r3/agentic-circuit/toolchain/install/include/llvm/BinaryFormat/Swift.def
-- Installing: /Users/zhoubot/linx-isa/tools/pyCircuit/.pycircuit_out/gates/20260906-issue39-closure-r3/agentic-circuit/toolchain/install/include/llvm/ObjectYAML
-- Installing: /Users/zhoubot/linx-isa/tools/pyCircuit/.pycircuit_out/gates/20260906-issue39-closure-r3/agentic-circuit/toolchain/install/include/llvm/ObjectYAML/OffloadYAML.h
-- Installing: /Users/zhoubot/linx-isa/tools/pyCircuit/.pycircuit_out/gates/20260906-issue39-closure-r3/agentic-circuit/toolchain/install/include/llvm/ObjectYAML/ObjectYAML.h
-- Installing: /Users/zhoubot/linx-isa/tools/pyCircuit/.pycircuit_out/gates/20260906-issue39-closure-r3/agentic-circuit/toolchain/install/include/llvm/ObjectYAML/ELFYAML.h
-- Installing: /Users/zhoubot/linx-isa/tools/pyCircuit/.pycircuit_out/gates/20260906-issue39-closure-r3/agentic-circuit/toolchain/install/include/llvm/ObjectYAML/DWARFEmitter.h
-- Installing: /Users/zhoubot/linx-isa/tools/pyCircuit/.pycircuit_out/gates/20260906-issue39-closure-r3/agentic-circuit/toolchain/install/include/llvm/ObjectYAML/COFFYAML.h
-- Installing: /Users/zhoubot/linx-isa/tools/pyCircuit/.pycircuit_out/gates/20260906-issue39-closure-r3/agentic-circuit/toolchain/install/include/llvm/ObjectYAML/MachOYAML.h
-- Installing: /Users/zhoubot/linx-isa/tools/pyCircuit/.pycircuit_out/gates/20260906-issue39-closure-r3/agentic-circuit/toolchain/install/include/llvm/ObjectYAML/WasmYAML.h
-- Installing: /Users/zhoubot/linx-isa/tools/pyCircuit/.pycircuit_out/gates/20260906-issue39-closure-r3/agentic-circuit/toolchain/install/include/llvm/ObjectYAML/DWARFYAML.h
-- Installing: /Users/zhoubot/linx-isa/tools/pyCircuit/.pycircuit_out/gates/20260906-issue39-closure-r3/agentic-circuit/toolchain/install/include/llvm/ObjectYAML/CodeViewYAMLDebugSections.h
-- Installing: /Users/zhoubot/linx-isa/tools/pyCircuit/.pycircuit_out/gates/20260906-issue39-closure-r3/agentic-circuit/toolchain/install/include/llvm/ObjectYAML/XCOFFYAML.h
-- Installing: /Users/zhoubot/linx-isa/tools/pyCircuit/.pycircuit_out/gates/20260906-issue39-closure-r3/agentic-circuit/toolchain/install/include/llvm/ObjectYAML/CodeViewYAMLTypeHashing.h
-- Installing: /Users/zhoubot/linx-isa/tools/pyCircuit/.pycircuit_out/gates/20260906-issue39-closure-r3/agentic-circuit/toolchain/install/include/llvm/ObjectYAML/YAML.h
-- Installing: /Users/zhoubot/linx-isa/tools/pyCircuit/.pycircuit_out/gates/20260906-issue39-closure-r3/agentic-circuit/toolchain/install/include/llvm/ObjectYAML/DXContainerYAML.h
-- Installing: /Users/zhoubot/linx-isa/tools/pyCircuit/.pycircuit_out/gates/20260906-issue39-closure-r3/agentic-circuit/toolchain/install/include/llvm/ObjectYAML/CodeViewYAMLTypes.h
-- Installing: /Users/zhoubot/linx-isa/tools/pyCircuit/.pycircuit_out/gates/20260906-issue39-closure-r3/agentic-circuit/toolchain/install/include/llvm/ObjectYAML/GOFFYAML.h
-- Installing: /Users/zhoubot/linx-isa/tools/pyCircuit/.pycircuit_out/gates/20260906-issue39-closure-r3/agentic-circuit/toolchain/install/include/llvm/ObjectYAML/ArchiveYAML.h
-- Installing: /Users/zhoubot/linx-isa/tools/pyCircuit/.pycircuit_out/gates/20260906-issue39-closure-r3/agentic-circuit/toolchain/install/include/llvm/ObjectYAML/CodeViewYAMLSymbols.h
-- Installing: /Users/zhoubot/linx-isa/tools/pyCircuit/.pycircuit_out/gates/20260906-issue39-closure-r3/agentic-circuit/toolchain/install/include/llvm/ObjectYAML/MinidumpYAML.h
-- Installing: /Users/zhoubot/linx-isa/tools/pyCircuit/.pycircuit_out/gates/20260906-issue39-closure-r3/agentic-circuit/toolchain/install/include/llvm/ObjectYAML/yaml2obj.h
-- Installing: /Users/zhoubot/linx-isa/tools/pyCircuit/.pycircuit_out/gates/20260906-issue39-closure-r3/agentic-circuit/toolchain/install/include/llvm/Demangle
-- Installing: /Users/zhoubot/linx-isa/tools/pyCircuit/.pycircuit_out/gates/20260906-issue39-closure-r3/agentic-circuit/toolchain/install/include/llvm/Demangle/MicrosoftDemangleNodes.h
-- Installing: /Users/zhoubot/linx-isa/tools/pyCircuit/.pycircuit_out/gates/20260906-issue39-closure-r3/agentic-circuit/toolchain/install/include/llvm/Demangle/Demangle.h
-- Installing: /Users/zhoubot/linx-isa/tools/pyCircuit/.pycircuit_out/gates/20260906-issue39-closure-r3/agentic-circuit/toolchain/install/include/llvm/Demangle/ItaniumNodes.def
-- Installing: /Users/zhoubot/linx-isa/tools/pyCircuit/.pycircuit_out/gates/20260906-issue39-closure-r3/agentic-circuit/toolchain/install/include/llvm/Demangle/StringViewExtras.h
-- Installing: /Users/zhoubot/linx-isa/tools/pyCircuit/.pycircuit_out/gates/20260906-issue39-closure-r3/agentic-circuit/toolchain/install/include/llvm/Demangle/DemangleConfig.h
-- Installing: /Users/zhoubot/linx-isa/tools/pyCircuit/.pycircuit_out/gates/20260906-issue39-closure-r3/agentic-circuit/toolchain/install/include/llvm/Demangle/MicrosoftDemangle.h
-- Installing: /Users/zhoubot/linx-isa/tools/pyCircuit/.pycircuit_out/gates/20260906-issue39-closure-r3/agentic-circuit/toolchain/install/include/llvm/Demangle/Utility.h
-- Installing: /Users/zhoubot/linx-isa/tools/pyCircuit/.pycircuit_out/gates/20260906-issue39-closure-r3/agentic-circuit/toolchain/install/include/llvm/Demangle/ItaniumDemangle.h
-- Installing: /Users/zhoubot/linx-isa/tools/pyCircuit/.pycircuit_out/gates/20260906-issue39-closure-r3/agentic-circuit/toolchain/install/include/llvm/Option
-- Installing: /Users/zhoubot/linx-isa/tools/pyCircuit/.pycircuit_out/gates/20260906-issue39-closure-r3/agentic-circuit/toolchain/install/include/llvm/Option/OptSpecifier.h
-- Installing: /Users/zhoubot/linx-isa/tools/pyCircuit/.pycircuit_out/gates/20260906-issue39-closure-r3/agentic-circuit/toolchain/install/include/llvm/Option/Arg.h
-- Installing: /Users/zhoubot/linx-isa/tools/pyCircuit/.pycircuit_out/gates/20260906-issue39-closure-r3/agentic-circuit/toolchain/install/include/llvm/Option/OptTable.h
-- Installing: /Users/zhoubot/linx-isa/tools/pyCircuit/.pycircuit_out/gates/20260906-issue39-closure-r3/agentic-circuit/toolchain/install/include/llvm/Option/Option.h
-- Installing: /Users/zhoubot/linx-isa/tools/pyCircuit/.pycircuit_out/gates/20260906-issue39-closure-r3/agentic-circuit/toolchain/install/include/llvm/Option/OptParser.td
-- Installing: /Users/zhoubot/linx-isa/tools/pyCircuit/.pycircuit_out/gates/20260906-issue39-closure-r3/agentic-circuit/toolchain/install/include/llvm/Option/ArgList.h
-- Installing: /Users/zhoubot/linx-isa/tools/pyCircuit/.pycircuit_out/gates/20260906-issue39-closure-r3/agentic-circuit/toolchain/install/include/llvm/WindowsManifest
-- Installing: /Users/zhoubot/linx-isa/tools/pyCircuit/.pycircuit_out/gates/20260906-issue39-closure-r3/agentic-circuit/toolchain/install/include/llvm/WindowsManifest/WindowsManifestMerger.h
-- Installing: /Users/zhoubot/linx-isa/tools/pyCircuit/.pycircuit_out/gates/20260906-issue39-closure-r3/agentic-circuit/toolchain/install/include/llvm/Bitcode
-- Installing: /Users/zhoubot/linx-isa/tools/pyCircuit/.pycircuit_out/gates/20260906-issue39-closure-r3/agentic-circuit/toolchain/install/include/llvm/Bitcode/BitcodeConvenience.h
-- Installing: /Users/zhoubot/linx-isa/tools/pyCircuit/.pycircuit_out/gates/20260906-issue39-closure-r3/agentic-circuit/toolchain/install/include/llvm/Bitcode/BitcodeWriterPass.h
-- Installing: /Users/zhoubot/linx-isa/tools/pyCircuit/.pycircuit_out/gates/20260906-issue39-closure-r3/agentic-circuit/toolchain/install/include/llvm/Bitcode/BitcodeReader.h
-- Installing: /Users/zhoubot/linx-isa/tools/pyCircuit/.pycircuit_out/gates/20260906-issue39-closure-r3/agentic-circuit/toolchain/install/include/llvm/Bitcode/BitcodeAnalyzer.h
-- Installing: /Users/zhoubot/linx-isa/tools/pyCircuit/.pycircuit_out/gates/20260906-issue39-closure-r3/agentic-circuit/toolchain/install/include/llvm/Bitcode/LLVMBitCodes.h
-- Installing: /Users/zhoubot/linx-isa/tools/pyCircuit/.pycircuit_out/gates/20260906-issue39-closure-r3/agentic-circuit/toolchain/install/include/llvm/Bitcode/BitcodeWriter.h
-- Installing: /Users/zhoubot/linx-isa/tools/pyCircuit/.pycircuit_out/gates/20260906-issue39-closure-r3/agentic-circuit/toolchain/install/include/llvm/Bitcode/BitcodeCommon.h
-- Installing: /Users/zhoubot/linx-isa/tools/pyCircuit/.pycircuit_out/gates/20260906-issue39-closure-r3/agentic-circuit/toolchain/install/include/llvm/TextAPI
-- Installing: /Users/zhoubot/linx-isa/tools/pyCircuit/.pycircuit_out/gates/20260906-issue39-closure-r3/agentic-circuit/toolchain/install/include/llvm/TextAPI/Utils.h
-- Installing: /Users/zhoubot/linx-isa/tools/pyCircuit/.pycircuit_out/gates/20260906-issue39-closure-r3/agentic-circuit/toolchain/install/include/llvm/TextAPI/Architecture.h
-- Installing: /Users/zhoubot/linx-isa/tools/pyCircuit/.pycircuit_out/gates/20260906-issue39-closure-r3/agentic-circuit/toolchain/install/include/llvm/TextAPI/TextAPIWriter.h
-- Installing: /Users/zhoubot/linx-isa/tools/pyCircuit/.pycircuit_out/gates/20260906-issue39-closure-r3/agentic-circuit/toolchain/install/include/llvm/TextAPI/FileTypes.h
-- Installing: /Users/zhoubot/linx-isa/tools/pyCircuit/.pycircuit_out/gates/20260906-issue39-closure-r3/agentic-circuit/toolchain/install/include/llvm/TextAPI/PackedVersion.h
-- Installing: /Users/zhoubot/linx-isa/tools/pyCircuit/.pycircuit_out/gates/20260906-issue39-closure-r3/agentic-circuit/toolchain/install/include/llvm/TextAPI/Symbol.h
-- Installing: /Users/zhoubot/linx-isa/tools/pyCircuit/.pycircuit_out/gates/20260906-issue39-closure-r3/agentic-circuit/toolchain/install/include/llvm/TextAPI/SymbolSet.h
-- Installing: /Users/zhoubot/linx-isa/tools/pyCircuit/.pycircuit_out/gates/20260906-issue39-closure-r3/agentic-circuit/toolchain/install/include/llvm/TextAPI/Record.h
-- Installing: /Users/zhoubot/linx-isa/tools/pyCircuit/.pycircuit_out/gates/20260906-issue39-closure-r3/agentic-circuit/toolchain/install/include/llvm/TextAPI/RecordsSlice.h
-- Installing: /Users/zhoubot/linx-isa/tools/pyCircuit/.pycircuit_out/gates/20260906-issue39-closure-r3/agentic-circuit/toolchain/install/include/llvm/TextAPI/RecordVisitor.h
-- Installing: /Users/zhoubot/linx-isa/tools/pyCircuit/.pycircuit_out/gates/20260906-issue39-closure-r3/agentic-circuit/toolchain/install/include/llvm/TextAPI/InterfaceFile.h
-- Installing: /Users/zhoubot/linx-isa/tools/pyCircuit/.pycircuit_out/gates/20260906-issue39-closure-r3/agentic-circuit/toolchain/install/include/llvm/TextAPI/ArchitectureSet.h
-- Installing: /Users/zhoubot/linx-isa/tools/pyCircuit/.pycircuit_out/gates/20260906-issue39-closure-r3/agentic-circuit/toolchain/install/include/llvm/TextAPI/Target.h
-- Installing: /Users/zhoubot/linx-isa/tools/pyCircuit/.pycircuit_out/gates/20260906-issue39-closure-r3/agentic-circuit/toolchain/install/include/llvm/TextAPI/Architecture.def
-- Installing: /Users/zhoubot/linx-isa/tools/pyCircuit/.pycircuit_out/gates/20260906-issue39-closure-r3/agentic-circuit/toolchain/install/include/llvm/TextAPI/DylibReader.h
-- Installing: /Users/zhoubot/linx-isa/tools/pyCircuit/.pycircuit_out/gates/20260906-issue39-closure-r3/agentic-circuit/toolchain/install/include/llvm/TextAPI/TextAPIError.h
-- Installing: /Users/zhoubot/linx-isa/tools/pyCircuit/.pycircuit_out/gates/20260906-issue39-closure-r3/agentic-circuit/toolchain/install/include/llvm/TextAPI/TextAPIReader.h
-- Installing: /Users/zhoubot/linx-isa/tools/pyCircuit/.pycircuit_out/gates/20260906-issue39-closure-r3/agentic-circuit/toolchain/install/include/llvm/TextAPI/Platform.h
-- Installing: /Users/zhoubot/linx-isa/tools/pyCircuit/.pycircuit_out/gates/20260906-issue39-closure-r3/agentic-circuit/toolchain/install/include/llvm/CodeGen
-- Installing: /Users/zhoubot/linx-isa/tools/pyCircuit/.pycircuit_out/gates/20260906-issue39-closure-r3/agentic-circuit/toolchain/install/include/llvm/CodeGen/TwoAddressInstructionPass.h
-- Installing: /Users/zhoubot/linx-isa/tools/pyCircuit/.pycircuit_out/gates/20260906-issue39-closure-r3/agentic-circuit/toolchain/install/include/llvm/CodeGen/LatencyPriorityQueue.h
-- Installing: /Users/zhoubot/linx-isa/tools/pyCircuit/.pycircuit_out/gates/20260906-issue39-closure-r3/agentic-circuit/toolchain/install/include/llvm/CodeGen/AsmPrinter.h
-- Installing: /Users/zhoubot/linx-isa/tools/pyCircuit/.pycircuit_out/gates/20260906-issue39-closure-r3/agentic-circuit/toolchain/install/include/llvm/CodeGen/MachineBranchProbabilityInfo.h
-- Installing: /Users/zhoubot/linx-isa/tools/pyCircuit/.pycircuit_out/gates/20260906-issue39-closure-r3/agentic-circuit/toolchain/install/include/llvm/CodeGen/ScheduleDFS.h
-- Installing: /Users/zhoubot/linx-isa/tools/pyCircuit/.pycircuit_out/gates/20260906-issue39-closure-r3/agentic-circuit/toolchain/install/include/llvm/CodeGen/TileShapeInfo.h
-- Installing: /Users/zhoubot/linx-isa/tools/pyCircuit/.pycircuit_out/gates/20260906-issue39-closure-r3/agentic-circuit/toolchain/install/include/llvm/CodeGen/IndirectThunks.h
-- Installing: /Users/zhoubot/linx-isa/tools/pyCircuit/.pycircuit_out/gates/20260906-issue39-closure-r3/agentic-circuit/toolchain/install/include/llvm/CodeGen/SelectionDAGISel.h
-- Installing: /Users/zhoubot/linx-isa/tools/pyCircuit/.pycircuit_out/gates/20260906-issue39-closure-r3/agentic-circuit/toolchain/install/include/llvm/CodeGen/MachineModuleInfoImpls.h
-- Installing: /Users/zhoubot/linx-isa/tools/pyCircuit/.pycircuit_out/gates/20260906-issue39-closure-r3/agentic-circuit/toolchain/install/include/llvm/CodeGen/MachineUniformityAnalysis.h
-- Installing: /Users/zhoubot/linx-isa/tools/pyCircuit/.pycircuit_out/gates/20260906-issue39-closure-r3/agentic-circuit/toolchain/install/include/llvm/CodeGen/MachineOperand.h
-- Installing: /Users/zhoubot/linx-isa/tools/pyCircuit/.pycircuit_out/gates/20260906-issue39-closure-r3/agentic-circuit/toolchain/install/include/llvm/CodeGen/LiveDebugVariables.h
-- Installing: /Users/zhoubot/linx-isa/tools/pyCircuit/.pycircuit_out/gates/20260906-issue39-closure-r3/agentic-circuit/toolchain/install/include/llvm/CodeGen/FaultMaps.h
-- Installing: /Users/zhoubot/linx-isa/tools/pyCircuit/.pycircuit_out/gates/20260906-issue39-closure-r3/agentic-circuit/toolchain/install/include/llvm/CodeGen/LocalStackSlotAllocation.h
-- Installing: /Users/zhoubot/linx-isa/tools/pyCircuit/.pycircuit_out/gates/20260906-issue39-closure-r3/agentic-circuit/toolchain/install/include/llvm/CodeGen/BasicBlockSectionsProfileReader.h
-- Installing: /Users/zhoubot/linx-isa/tools/pyCircuit/.pycircuit_out/gates/20260906-issue39-closure-r3/agentic-circuit/toolchain/install/include/llvm/CodeGen/MachineCFGPrinter.h
-- Installing: /Users/zhoubot/linx-isa/tools/pyCircuit/.pycircuit_out/gates/20260906-issue39-closure-r3/agentic-circuit/toolchain/install/include/llvm/CodeGen/MachineLoopUtils.h
-- Installing: /Users/zhoubot/linx-isa/tools/pyCircuit/.pycircuit_out/gates/20260906-issue39-closure-r3/agentic-circuit/toolchain/install/include/llvm/CodeGen/LinkAllAsmWriterComponents.h
-- Installing: /Users/zhoubot/linx-isa/tools/pyCircuit/.pycircuit_out/gates/20260906-issue39-closure-r3/agentic-circuit/toolchain/install/include/llvm/CodeGen/CSEConfigBase.h
-- Installing: /Users/zhoubot/linx-isa/tools/pyCircuit/.pycircuit_out/gates/20260906-issue39-closure-r3/agentic-circuit/toolchain/install/include/llvm/CodeGen/InterleavedLoadCombine.h
-- Installing: /Users/zhoubot/linx-isa/tools/pyCircuit/.pycircuit_out/gates/20260906-issue39-closure-r3/agentic-circuit/toolchain/install/include/llvm/CodeGen/MachineSSAUpdater.h
-- Installing: /Users/zhoubot/linx-isa/tools/pyCircuit/.pycircuit_out/gates/20260906-issue39-closure-r3/agentic-circuit/toolchain/install/include/llvm/CodeGen/CallBrPrepare.h
-- Installing: /Users/zhoubot/linx-isa/tools/pyCircuit/.pycircuit_out/gates/20260906-issue39-closure-r3/agentic-circuit/toolchain/install/include/llvm/CodeGen/MachineConstantPool.h
-- Installing: /Users/zhoubot/linx-isa/tools/pyCircuit/.pycircuit_out/gates/20260906-issue39-closure-r3/agentic-circuit/toolchain/install/include/llvm/CodeGen/MachineJumpTableInfo.h
-- Installing: /Users/zhoubot/linx-isa/tools/pyCircuit/.pycircuit_out/gates/20260906-issue39-closure-r3/agentic-circuit/toolchain/install/include/llvm/CodeGen/ReachingDefAnalysis.h
-- Installing: /Users/zhoubot/linx-isa/tools/pyCircuit/.pycircuit_out/gates/20260906-issue39-closure-r3/agentic-circuit/toolchain/install/include/llvm/CodeGen/MIRPrinter.h
-- Installing: /Users/zhoubot/linx-isa/tools/pyCircuit/.pycircuit_out/gates/20260906-issue39-closure-r3/agentic-circuit/toolchain/install/include/llvm/CodeGen/SelectionDAGAddressAnalysis.h
-- Installing: /Users/zhoubot/linx-isa/tools/pyCircuit/.pycircuit_out/gates/20260906-issue39-closure-r3/agentic-circuit/toolchain/install/include/llvm/CodeGen/LiveDebugValuesPass.h
-- Installing: /Users/zhoubot/linx-isa/tools/pyCircuit/.pycircuit_out/gates/20260906-issue39-closure-r3/agentic-circuit/toolchain/install/include/llvm/CodeGen/GCEmptyBasicBlocks.h
-- Installing: /Users/zhoubot/linx-isa/tools/pyCircuit/.pycircuit_out/gates/20260906-issue39-closure-r3/agentic-circuit/toolchain/install/include/llvm/CodeGen/RenameIndependentSubregs.h
-- Installing: /Users/zhoubot/linx-isa/tools/pyCircuit/.pycircuit_out/gates/20260906-issue39-closure-r3/agentic-circuit/toolchain/install/include/llvm/CodeGen/InitUndef.h
-- Installing: /Users/zhoubot/linx-isa/tools/pyCircuit/.pycircuit_out/gates/20260906-issue39-closure-r3/agentic-circuit/toolchain/install/include/llvm/CodeGen/IndirectBrExpand.h
-- Installing: /Users/zhoubot/linx-isa/tools/pyCircuit/.pycircuit_out/gates/20260906-issue39-closure-r3/agentic-circuit/toolchain/install/include/llvm/CodeGen/DroppedVariableStatsMIR.h
-- Installing: /Users/zhoubot/linx-isa/tools/pyCircuit/.pycircuit_out/gates/20260906-issue39-closure-r3/agentic-circuit/toolchain/install/include/llvm/CodeGen/PEI.h
-- Installing: /Users/zhoubot/linx-isa/tools/pyCircuit/.pycircuit_out/gates/20260906-issue39-closure-r3/agentic-circuit/toolchain/install/include/llvm/CodeGen/PBQP
-- Installing: /Users/zhoubot/linx-isa/tools/pyCircuit/.pycircuit_out/gates/20260906-issue39-closure-r3/agentic-circuit/toolchain/install/include/llvm/CodeGen/PBQP/CostAllocator.h
-- Installing: /Users/zhoubot/linx-isa/tools/pyCircuit/.pycircuit_out/gates/20260906-issue39-closure-r3/agentic-circuit/toolchain/install/include/llvm/CodeGen/PBQP/ReductionRules.h
-- Installing: /Users/zhoubot/linx-isa/tools/pyCircuit/.pycircuit_out/gates/20260906-issue39-closure-r3/agentic-circuit/toolchain/install/include/llvm/CodeGen/PBQP/Graph.h
-- Installing: /Users/zhoubot/linx-isa/tools/pyCircuit/.pycircuit_out/gates/20260906-issue39-closure-r3/agentic-circuit/toolchain/install/include/llvm/CodeGen/PBQP/Math.h
-- Installing: /Users/zhoubot/linx-isa/tools/pyCircuit/.pycircuit_out/gates/20260906-issue39-closure-r3/agentic-circuit/toolchain/install/include/llvm/CodeGen/PBQP/Solution.h
-- Installing: /Users/zhoubot/linx-isa/tools/pyCircuit/.pycircuit_out/gates/20260906-issue39-closure-r3/agentic-circuit/toolchain/install/include/llvm/CodeGen/DIE.h
-- Installing: /Users/zhoubot/linx-isa/tools/pyCircuit/.pycircuit_out/gates/20260906-issue39-closure-r3/agentic-circuit/toolchain/install/include/llvm/CodeGen/RuntimeLibcallUtil.h
-- Installing: /Users/zhoubot/linx-isa/tools/pyCircuit/.pycircuit_out/gates/20260906-issue39-closure-r3/agentic-circuit/toolchain/install/include/llvm/CodeGen/OptimizePHIs.h
-- Installing: /Users/zhoubot/linx-isa/tools/pyCircuit/.pycircuit_out/gates/20260906-issue39-closure-r3/agentic-circuit/toolchain/install/include/llvm/CodeGen/DIEValue.def
-- Installing: /Users/zhoubot/linx-isa/tools/pyCircuit/.pycircuit_out/gates/20260906-issue39-closure-r3/agentic-circuit/toolchain/install/include/llvm/CodeGen/MachineModuleInfo.h
-- Installing: /Users/zhoubot/linx-isa/tools/pyCircuit/.pycircuit_out/gates/20260906-issue39-closure-r3/agentic-circuit/toolchain/install/include/llvm/CodeGen/LiveIntervals.h
-- Installing: /Users/zhoubot/linx-isa/tools/pyCircuit/.pycircuit_out/gates/20260906-issue39-closure-r3/agentic-circuit/toolchain/install/include/llvm/CodeGen/DeadMachineInstructionElim.h
-- Installing: /Users/zhoubot/linx-isa/tools/pyCircuit/.pycircuit_out/gates/20260906-issue39-closure-r3/agentic-circuit/toolchain/install/include/llvm/CodeGen/MachineTraceMetrics.h
-- Installing: /Users/zhoubot/linx-isa/tools/pyCircuit/.pycircuit_out/gates/20260906-issue39-closure-r3/agentic-circuit/toolchain/install/include/llvm/CodeGen/MachineDominators.h
-- Installing: /Users/zhoubot/linx-isa/tools/pyCircuit/.pycircuit_out/gates/20260906-issue39-closure-r3/agentic-circuit/toolchain/install/include/llvm/CodeGen/LibcallLoweringInfo.h
-- Installing: /Users/zhoubot/linx-isa/tools/pyCircuit/.pycircuit_out/gates/20260906-issue39-closure-r3/agentic-circuit/toolchain/install/include/llvm/CodeGen/TailDuplicator.h
-- Installing: /Users/zhoubot/linx-isa/tools/pyCircuit/.pycircuit_out/gates/20260906-issue39-closure-r3/agentic-circuit/toolchain/install/include/llvm/CodeGen/MachineBlockPlacement.h
-- Installing: /Users/zhoubot/linx-isa/tools/pyCircuit/.pycircuit_out/gates/20260906-issue39-closure-r3/agentic-circuit/toolchain/install/include/llvm/CodeGen/LiveInterval.h
-- Installing: /Users/zhoubot/linx-isa/tools/pyCircuit/.pycircuit_out/gates/20260906-issue39-closure-r3/agentic-circuit/toolchain/install/include/llvm/CodeGen/FunctionLoweringInfo.h
-- Installing: /Users/zhoubot/linx-isa/tools/pyCircuit/.pycircuit_out/gates/20260906-issue39-closure-r3/agentic-circuit/toolchain/install/include/llvm/CodeGen/DebugHandlerBase.h
-- Installing: /Users/zhoubot/linx-isa/tools/pyCircuit/.pycircuit_out/gates/20260906-issue39-closure-r3/agentic-circuit/toolchain/install/include/llvm/CodeGen/ExecutionDomainFix.h
-- Installing: /Users/zhoubot/linx-isa/tools/pyCircuit/.pycircuit_out/gates/20260906-issue39-closure-r3/agentic-circuit/toolchain/install/include/llvm/CodeGen/BranchRelaxation.h
-- Installing: /Users/zhoubot/linx-isa/tools/pyCircuit/.pycircuit_out/gates/20260906-issue39-closure-r3/agentic-circuit/toolchain/install/include/llvm/CodeGen/RegAllocEvictionAdvisor.h
-- Installing: /Users/zhoubot/linx-isa/tools/pyCircuit/.pycircuit_out/gates/20260906-issue39-closure-r3/agentic-circuit/toolchain/install/include/llvm/CodeGen/RegAllocPriorityAdvisor.h
-- Installing: /Users/zhoubot/linx-isa/tools/pyCircuit/.pycircuit_out/gates/20260906-issue39-closure-r3/agentic-circuit/toolchain/install/include/llvm/CodeGen/RegisterCoalescerPass.h
-- Installing: /Users/zhoubot/linx-isa/tools/pyCircuit/.pycircuit_out/gates/20260906-issue39-closure-r3/agentic-circuit/toolchain/install/include/llvm/CodeGen/RegisterPressure.h
-- Installing: /Users/zhoubot/linx-isa/tools/pyCircuit/.pycircuit_out/gates/20260906-issue39-closure-r3/agentic-circuit/toolchain/install/include/llvm/CodeGen/LexicalScopes.h
-- Installing: /Users/zhoubot/linx-isa/tools/pyCircuit/.pycircuit_out/gates/20260906-issue39-closure-r3/agentic-circuit/toolchain/install/include/llvm/CodeGen/TargetCallingConv.h
-- Installing: /Users/zhoubot/linx-isa/tools/pyCircuit/.pycircuit_out/gates/20260906-issue39-closure-r3/agentic-circuit/toolchain/install/include/llvm/CodeGen/AtomicExpand.h
-- Installing: /Users/zhoubot/linx-isa/tools/pyCircuit/.pycircuit_out/gates/20260906-issue39-closure-r3/agentic-circuit/toolchain/install/include/llvm/CodeGen/LiveIntervalCalc.h
-- Installing: /Users/zhoubot/linx-isa/tools/pyCircuit/.pycircuit_out/gates/20260906-issue39-closure-r3/agentic-circuit/toolchain/install/include/llvm/CodeGen/RegAllocRegistry.h
-- Installing: /Users/zhoubot/linx-isa/tools/pyCircuit/.pycircuit_out/gates/20260906-issue39-closure-r3/agentic-circuit/toolchain/install/include/llvm/CodeGen/ModuloSchedule.h
-- Installing: /Users/zhoubot/linx-isa/tools/pyCircuit/.pycircuit_out/gates/20260906-issue39-closure-r3/agentic-circuit/toolchain/install/include/llvm/CodeGen/LiveRegUnits.h
-- Installing: /Users/zhoubot/linx-isa/tools/pyCircuit/.pycircuit_out/gates/20260906-issue39-closure-r3/agentic-circuit/toolchain/install/include/llvm/CodeGen/MachineMemOperand.h
-- Installing: /Users/zhoubot/linx-isa/tools/pyCircuit/.pycircuit_out/gates/20260906-issue39-closure-r3/agentic-circuit/toolchain/install/include/llvm/CodeGen/MachineOptimizationRemarkEmitter.h
-- Installing: /Users/zhoubot/linx-isa/tools/pyCircuit/.pycircuit_out/gates/20260906-issue39-closure-r3/agentic-circuit/toolchain/install/include/llvm/CodeGen/LazyMachineBlockFrequencyInfo.h
-- Installing: /Users/zhoubot/linx-isa/tools/pyCircuit/.pycircuit_out/gates/20260906-issue39-closure-r3/agentic-circuit/toolchain/install/include/llvm/CodeGen/MachineFunctionPass.h
-- Installing: /Users/zhoubot/linx-isa/tools/pyCircuit/.pycircuit_out/gates/20260906-issue39-closure-r3/agentic-circuit/toolchain/install/include/llvm/CodeGen/LiveIntervalUnion.h
-- Installing: /Users/zhoubot/linx-isa/tools/pyCircuit/.pycircuit_out/gates/20260906-issue39-closure-r3/agentic-circuit/toolchain/install/include/llvm/CodeGen/HardwareLoops.h
-- Installing: /Users/zhoubot/linx-isa/tools/pyCircuit/.pycircuit_out/gates/20260906-issue39-closure-r3/agentic-circuit/toolchain/install/include/llvm/CodeGen/FEntryInserter.h
-- Installing: /Users/zhoubot/linx-isa/tools/pyCircuit/.pycircuit_out/gates/20260906-issue39-closure-r3/agentic-circuit/toolchain/install/include/llvm/CodeGen/DFAPacketizer.h
-- Installing: /Users/zhoubot/linx-isa/tools/pyCircuit/.pycircuit_out/gates/20260906-issue39-closure-r3/agentic-circuit/toolchain/install/include/llvm/CodeGen/Spiller.h
-- Installing: /Users/zhoubot/linx-isa/tools/pyCircuit/.pycircuit_out/gates/20260906-issue39-closure-r3/agentic-circuit/toolchain/install/include/llvm/CodeGen/ComplexDeinterleavingPass.h
-- Installing: /Users/zhoubot/linx-isa/tools/pyCircuit/.pycircuit_out/gates/20260906-issue39-closure-r3/agentic-circuit/toolchain/install/include/llvm/CodeGen/MBFIWrapper.h
-- Installing: /Users/zhoubot/linx-isa/tools/pyCircuit/.pycircuit_out/gates/20260906-issue39-closure-r3/agentic-circuit/toolchain/install/include/llvm/CodeGen/SelectionDAG.h
-- Installing: /Users/zhoubot/linx-isa/tools/pyCircuit/.pycircuit_out/gates/20260906-issue39-closure-r3/agentic-circuit/toolchain/install/include/llvm/CodeGen/MachineFunction.h
-- Installing: /Users/zhoubot/linx-isa/tools/pyCircuit/.pycircuit_out/gates/20260906-issue39-closure-r3/agentic-circuit/toolchain/install/include/llvm/CodeGen/SlotIndexes.h
-- Installing: /Users/zhoubot/linx-isa/tools/pyCircuit/.pycircuit_out/gates/20260906-issue39-closure-r3/agentic-circuit/toolchain/install/include/llvm/CodeGen/ScheduleDAG.h
-- Installing: /Users/zhoubot/linx-isa/tools/pyCircuit/.pycircuit_out/gates/20260906-issue39-closure-r3/agentic-circuit/toolchain/install/include/llvm/CodeGen/LowLevelTypeUtils.h
-- Installing: /Users/zhoubot/linx-isa/tools/pyCircuit/.pycircuit_out/gates/20260906-issue39-closure-r3/agentic-circuit/toolchain/install/include/llvm/CodeGen/ExpandVectorPredication.h
-- Installing: /Users/zhoubot/linx-isa/tools/pyCircuit/.pycircuit_out/gates/20260906-issue39-closure-r3/agentic-circuit/toolchain/install/include/llvm/CodeGen/GlobalMergeFunctions.h
-- Installing: /Users/zhoubot/linx-isa/tools/pyCircuit/.pycircuit_out/gates/20260906-issue39-closure-r3/agentic-circuit/toolchain/install/include/llvm/CodeGen/BranchFoldingPass.h
-- Installing: /Users/zhoubot/linx-isa/tools/pyCircuit/.pycircuit_out/gates/20260906-issue39-closure-r3/agentic-circuit/toolchain/install/include/llvm/CodeGen/StackColoring.h
-- Installing: /Users/zhoubot/linx-isa/tools/pyCircuit/.pycircuit_out/gates/20260906-issue39-closure-r3/agentic-circuit/toolchain/install/include/llvm/CodeGen/PeepholeOptimizer.h
-- Installing: /Users/zhoubot/linx-isa/tools/pyCircuit/.pycircuit_out/gates/20260906-issue39-closure-r3/agentic-circuit/toolchain/install/include/llvm/CodeGen/SpillPlacement.h
-- Installing: /Users/zhoubot/linx-isa/tools/pyCircuit/.pycircuit_out/gates/20260906-issue39-closure-r3/agentic-circuit/toolchain/install/include/llvm/CodeGen/ExpandPostRAPseudos.h
-- Installing: /Users/zhoubot/linx-isa/tools/pyCircuit/.pycircuit_out/gates/20260906-issue39-closure-r3/agentic-circuit/toolchain/install/include/llvm/CodeGen/MachineInstrBundleIterator.h
-- Installing: /Users/zhoubot/linx-isa/tools/pyCircuit/.pycircuit_out/gates/20260906-issue39-closure-r3/agentic-circuit/toolchain/install/include/llvm/CodeGen/MachineInstrBundle.h
-- Installing: /Users/zhoubot/linx-isa/tools/pyCircuit/.pycircuit_out/gates/20260906-issue39-closure-r3/agentic-circuit/toolchain/install/include/llvm/CodeGen/PostRASchedulerList.h
-- Installing: /Users/zhoubot/linx-isa/tools/pyCircuit/.pycircuit_out/gates/20260906-issue39-closure-r3/agentic-circuit/toolchain/install/include/llvm/CodeGen/JMCInstrumenter.h
-- Installing: /Users/zhoubot/linx-isa/tools/pyCircuit/.pycircuit_out/gates/20260906-issue39-closure-r3/agentic-circuit/toolchain/install/include/llvm/CodeGen/ScheduleDAGInstrs.h
-- Installing: /Users/zhoubot/linx-isa/tools/pyCircuit/.pycircuit_out/gates/20260906-issue39-closure-r3/agentic-circuit/toolchain/install/include/llvm/CodeGen/AssignmentTrackingAnalysis.h
-- Installing: /Users/zhoubot/linx-isa/tools/pyCircuit/.pycircuit_out/gates/20260906-issue39-closure-r3/agentic-circuit/toolchain/install/include/llvm/CodeGen/DwarfStringPoolEntry.h
-- Installing: /Users/zhoubot/linx-isa/tools/pyCircuit/.pycircuit_out/gates/20260906-issue39-closure-r3/agentic-circuit/toolchain/install/include/llvm/CodeGen/ExpandMemCmp.h
-- Installing: /Users/zhoubot/linx-isa/tools/pyCircuit/.pycircuit_out/gates/20260906-issue39-closure-r3/agentic-circuit/toolchain/install/include/llvm/CodeGen/LiveRangeEdit.h
-- Installing: /Users/zhoubot/linx-isa/tools/pyCircuit/.pycircuit_out/gates/20260906-issue39-closure-r3/agentic-circuit/toolchain/install/include/llvm/CodeGen/TargetFrameLowering.h
-- Installing: /Users/zhoubot/linx-isa/tools/pyCircuit/.pycircuit_out/gates/20260906-issue39-closure-r3/agentic-circuit/toolchain/install/include/llvm/CodeGen/EdgeBundles.h
-- Installing: /Users/zhoubot/linx-isa/tools/pyCircuit/.pycircuit_out/gates/20260906-issue39-closure-r3/agentic-circuit/toolchain/install/include/llvm/CodeGen/DbgEntityHistoryCalculator.h
-- Installing: /Users/zhoubot/linx-isa/tools/pyCircuit/.pycircuit_out/gates/20260906-issue39-closure-r3/agentic-circuit/toolchain/install/include/llvm/CodeGen/SafeStack.h
-- Installing: /Users/zhoubot/linx-isa/tools/pyCircuit/.pycircuit_out/gates/20260906-issue39-closure-r3/agentic-circuit/toolchain/install/include/llvm/CodeGen/MachineBasicBlock.h
-- Installing: /Users/zhoubot/linx-isa/tools/pyCircuit/.pycircuit_out/gates/20260906-issue39-closure-r3/agentic-circuit/toolchain/install/include/llvm/CodeGen/ShrinkWrap.h
-- Installing: /Users/zhoubot/linx-isa/tools/pyCircuit/.pycircuit_out/gates/20260906-issue39-closure-r3/agentic-circuit/toolchain/install/include/llvm/CodeGen/MIRFormatter.h
-- Installing: /Users/zhoubot/linx-isa/tools/pyCircuit/.pycircuit_out/gates/20260906-issue39-closure-r3/agentic-circuit/toolchain/install/include/llvm/CodeGen/MachinePassManager.h
-- Installing: /Users/zhoubot/linx-isa/tools/pyCircuit/.pycircuit_out/gates/20260906-issue39-closure-r3/agentic-circuit/toolchain/install/include/llvm/CodeGen/SDNodeProperties.td
-- Installing: /Users/zhoubot/linx-isa/tools/pyCircuit/.pycircuit_out/gates/20260906-issue39-closure-r3/agentic-circuit/toolchain/install/include/llvm/CodeGen/LowerEmuTLS.h
-- Installing: /Users/zhoubot/linx-isa/tools/pyCircuit/.pycircuit_out/gates/20260906-issue39-closure-r3/agentic-circuit/toolchain/install/include/llvm/CodeGen/ResourcePriorityQueue.h
-- Installing: /Users/zhoubot/linx-isa/tools/pyCircuit/.pycircuit_out/gates/20260906-issue39-closure-r3/agentic-circuit/toolchain/install/include/llvm/CodeGen/LivePhysRegs.h
-- Installing: /Users/zhoubot/linx-isa/tools/pyCircuit/.pycircuit_out/gates/20260906-issue39-closure-r3/agentic-circuit/toolchain/install/include/llvm/CodeGen/DAGCombine.h
-- Installing: /Users/zhoubot/linx-isa/tools/pyCircuit/.pycircuit_out/gates/20260906-issue39-closure-r3/agentic-circuit/toolchain/install/include/llvm/CodeGen/FastISel.h
-- Installing: /Users/zhoubot/linx-isa/tools/pyCircuit/.pycircuit_out/gates/20260906-issue39-closure-r3/agentic-circuit/toolchain/install/include/llvm/CodeGen/BasicBlockMatchingAndInference.h
-- Installing: /Users/zhoubot/linx-isa/tools/pyCircuit/.pycircuit_out/gates/20260906-issue39-closure-r3/agentic-circuit/toolchain/install/include/llvm/CodeGen/MachineDominanceFrontier.h
-- Installing: /Users/zhoubot/linx-isa/tools/pyCircuit/.pycircuit_out/gates/20260906-issue39-closure-r3/agentic-circuit/toolchain/install/include/llvm/CodeGen/MachORelocation.h
-- Installing: /Users/zhoubot/linx-isa/tools/pyCircuit/.pycircuit_out/gates/20260906-issue39-closure-r3/agentic-circuit/toolchain/install/include/llvm/CodeGen/XRayInstrumentation.h
-- Installing: /Users/zhoubot/linx-isa/tools/pyCircuit/.pycircuit_out/gates/20260906-issue39-closure-r3/agentic-circuit/toolchain/install/include/llvm/CodeGen/TailDuplication.h
-- Installing: /Users/zhoubot/linx-isa/tools/pyCircuit/.pycircuit_out/gates/20260906-issue39-closure-r3/agentic-circuit/toolchain/install/include/llvm/CodeGen/MachineInstrBuilder.h
-- Installing: /Users/zhoubot/linx-isa/tools/pyCircuit/.pycircuit_out/gates/20260906-issue39-closure-r3/agentic-circuit/toolchain/install/include/llvm/CodeGen/MachineLoopInfo.h
-- Installing: /Users/zhoubot/linx-isa/tools/pyCircuit/.pycircuit_out/gates/20260906-issue39-closure-r3/agentic-circuit/toolchain/install/include/llvm/CodeGen/CodeGenPrepare.h
-- Installing: /Users/zhoubot/linx-isa/tools/pyCircuit/.pycircuit_out/gates/20260906-issue39-closure-r3/agentic-circuit/toolchain/install/include/llvm/CodeGen/GenVT.inc
-- Installing: /Users/zhoubot/linx-isa/tools/pyCircuit/.pycircuit_out/gates/20260906-issue39-closure-r3/agentic-circuit/toolchain/install/include/llvm/CodeGen/MachineRegionInfo.h
-- Installing: /Users/zhoubot/linx-isa/tools/pyCircuit/.pycircuit_out/gates/20260906-issue39-closure-r3/agentic-circuit/toolchain/install/include/llvm/CodeGen/CommandFlags.h
-- Installing: /Users/zhoubot/linx-isa/tools/pyCircuit/.pycircuit_out/gates/20260906-issue39-closure-r3/agentic-circuit/toolchain/install/include/llvm/CodeGen/MachineStableHash.h
-- Installing: /Users/zhoubot/linx-isa/tools/pyCircuit/.pycircuit_out/gates/20260906-issue39-closure-r3/agentic-circuit/toolchain/install/include/llvm/CodeGen/SelectOptimize.h
-- Installing: /Users/zhoubot/linx-isa/tools/pyCircuit/.pycircuit_out/gates/20260906-issue39-closure-r3/agentic-circuit/toolchain/install/include/llvm/CodeGen/CFIInstBuilder.h
-- Installing: /Users/zhoubot/linx-isa/tools/pyCircuit/.pycircuit_out/gates/20260906-issue39-closure-r3/agentic-circuit/toolchain/install/include/llvm/CodeGen/MachineSizeOpts.h
-- Installing: /Users/zhoubot/linx-isa/tools/pyCircuit/.pycircuit_out/gates/20260906-issue39-closure-r3/agentic-circuit/toolchain/install/include/llvm/CodeGen/MachinePassRegistry.h
-- Installing: /Users/zhoubot/linx-isa/tools/pyCircuit/.pycircuit_out/gates/20260906-issue39-closure-r3/agentic-circuit/toolchain/install/include/llvm/CodeGen/MachineConvergenceVerifier.h
-- Installing: /Users/zhoubot/linx-isa/tools/pyCircuit/.pycircuit_out/gates/20260906-issue39-closure-r3/agentic-circuit/toolchain/install/include/llvm/CodeGen/TargetPassConfig.h
-- Installing: /Users/zhoubot/linx-isa/tools/pyCircuit/.pycircuit_out/gates/20260906-issue39-closure-r3/agentic-circuit/toolchain/install/include/llvm/CodeGen/RegAllocPBQP.h
-- Installing: /Users/zhoubot/linx-isa/tools/pyCircuit/.pycircuit_out/gates/20260906-issue39-closure-r3/agentic-circuit/toolchain/install/include/llvm/CodeGen/WindowScheduler.h
-- Installing: /Users/zhoubot/linx-isa/tools/pyCircuit/.pycircuit_out/gates/20260906-issue39-closure-r3/agentic-circuit/toolchain/install/include/llvm/CodeGen/AsmPrinterHandler.h
-- Installing: /Users/zhoubot/linx-isa/tools/pyCircuit/.pycircuit_out/gates/20260906-issue39-closure-r3/agentic-circuit/toolchain/install/include/llvm/CodeGen/NonRelocatableStringpool.h
-- Installing: /Users/zhoubot/linx-isa/tools/pyCircuit/.pycircuit_out/gates/20260906-issue39-closure-r3/agentic-circuit/toolchain/install/include/llvm/CodeGen/RegUsageInfoPropagate.h
-- Installing: /Users/zhoubot/linx-isa/tools/pyCircuit/.pycircuit_out/gates/20260906-issue39-closure-r3/agentic-circuit/toolchain/install/include/llvm/CodeGen/PreISelIntrinsicLowering.h
-- Installing: /Users/zhoubot/linx-isa/tools/pyCircuit/.pycircuit_out/gates/20260906-issue39-closure-r3/agentic-circuit/toolchain/install/include/llvm/CodeGen/PostRAHazardRecognizer.h
-- Installing: /Users/zhoubot/linx-isa/tools/pyCircuit/.pycircuit_out/gates/20260906-issue39-closure-r3/agentic-circuit/toolchain/install/include/llvm/CodeGen/PostRAMachineSink.h
-- Installing: /Users/zhoubot/linx-isa/tools/pyCircuit/.pycircuit_out/gates/20260906-issue39-closure-r3/agentic-circuit/toolchain/install/include/llvm/CodeGen/RegAllocGreedyPass.h
-- Installing: /Users/zhoubot/linx-isa/tools/pyCircuit/.pycircuit_out/gates/20260906-issue39-closure-r3/agentic-circuit/toolchain/install/include/llvm/CodeGen/MachineLICM.h
-- Installing: /Users/zhoubot/linx-isa/tools/pyCircuit/.pycircuit_out/gates/20260906-issue39-closure-r3/agentic-circuit/toolchain/install/include/llvm/CodeGen/StackMaps.h
-- Installing: /Users/zhoubot/linx-isa/tools/pyCircuit/.pycircuit_out/gates/20260906-issue39-closure-r3/agentic-circuit/toolchain/install/include/llvm/CodeGen/SDNodeInfo.h
-- Installing: /Users/zhoubot/linx-isa/tools/pyCircuit/.pycircuit_out/gates/20260906-issue39-closure-r3/agentic-circuit/toolchain/install/include/llvm/CodeGen/BasicTTIImpl.h
-- Installing: /Users/zhoubot/linx-isa/tools/pyCircuit/.pycircuit_out/gates/20260906-issue39-closure-r3/agentic-circuit/toolchain/install/include/llvm/CodeGen/MIRSampleProfile.h
-- Installing: /Users/zhoubot/linx-isa/tools/pyCircuit/.pycircuit_out/gates/20260906-issue39-closure-r3/agentic-circuit/toolchain/install/include/llvm/CodeGen/MachinePostDominators.h
-- Installing: /Users/zhoubot/linx-isa/tools/pyCircuit/.pycircuit_out/gates/20260906-issue39-closure-r3/agentic-circuit/toolchain/install/include/llvm/CodeGen/LiveVariables.h
-- Installing: /Users/zhoubot/linx-isa/tools/pyCircuit/.pycircuit_out/gates/20260906-issue39-closure-r3/agentic-circuit/toolchain/install/include/llvm/CodeGen/InterleavedAccess.h
-- Installing: /Users/zhoubot/linx-isa/tools/pyCircuit/.pycircuit_out/gates/20260906-issue39-closure-r3/agentic-circuit/toolchain/install/include/llvm/CodeGen/SDPatternMatch.h
-- Installing: /Users/zhoubot/linx-isa/tools/pyCircuit/.pycircuit_out/gates/20260906-issue39-closure-r3/agentic-circuit/toolchain/install/include/llvm/CodeGen/RemoveRedundantDebugValues.h
-- Installing: /Users/zhoubot/linx-isa/tools/pyCircuit/.pycircuit_out/gates/20260906-issue39-closure-r3/agentic-circuit/toolchain/install/include/llvm/CodeGen/MachineFunctionAnalysis.h
-- Installing: /Users/zhoubot/linx-isa/tools/pyCircuit/.pycircuit_out/gates/20260906-issue39-closure-r3/agentic-circuit/toolchain/install/include/llvm/CodeGen/RDFLiveness.h
-- Installing: /Users/zhoubot/linx-isa/tools/pyCircuit/.pycircuit_out/gates/20260906-issue39-closure-r3/agentic-circuit/toolchain/install/include/llvm/CodeGen/CodeGenCommonISel.h
-- Installing: /Users/zhoubot/linx-isa/tools/pyCircuit/.pycircuit_out/gates/20260906-issue39-closure-r3/agentic-circuit/toolchain/install/include/llvm/CodeGen/MIR2Vec.h
-- Installing: /Users/zhoubot/linx-isa/tools/pyCircuit/.pycircuit_out/gates/20260906-issue39-closure-r3/agentic-circuit/toolchain/install/include/llvm/CodeGen/MIRYamlMapping.h
-- Installing: /Users/zhoubot/linx-isa/tools/pyCircuit/.pycircuit_out/gates/20260906-issue39-closure-r3/agentic-circuit/toolchain/install/include/llvm/CodeGen/TargetSubtargetInfo.h
-- Installing: /Users/zhoubot/linx-isa/tools/pyCircuit/.pycircuit_out/gates/20260906-issue39-closure-r3/agentic-circuit/toolchain/install/include/llvm/CodeGen/MIRFSDiscriminatorOptions.h
-- Installing: /Users/zhoubot/linx-isa/tools/pyCircuit/.pycircuit_out/gates/20260906-issue39-closure-r3/agentic-circuit/toolchain/install/include/llvm/CodeGen/RegisterScavenging.h
-- Installing: /Users/zhoubot/linx-isa/tools/pyCircuit/.pycircuit_out/gates/20260906-issue39-closure-r3/agentic-circuit/toolchain/install/include/llvm/CodeGen/RegAllocFast.h
-- Installing: /Users/zhoubot/linx-isa/tools/pyCircuit/.pycircuit_out/gates/20260906-issue39-closure-r3/agentic-circuit/toolchain/install/include/llvm/CodeGen/DetectDeadLanes.h
-- Installing: /Users/zhoubot/linx-isa/tools/pyCircuit/.pycircuit_out/gates/20260906-issue39-closure-r3/agentic-circuit/toolchain/install/include/llvm/CodeGen/CostTable.h
-- Installing: /Users/zhoubot/linx-isa/tools/pyCircuit/.pycircuit_out/gates/20260906-issue39-closure-r3/agentic-circuit/toolchain/install/include/llvm/CodeGen/EarlyIfConversion.h
-- Installing: /Users/zhoubot/linx-isa/tools/pyCircuit/.pycircuit_out/gates/20260906-issue39-closure-r3/agentic-circuit/toolchain/install/include/llvm/CodeGen/PBQPRAConstraint.h
-- Installing: /Users/zhoubot/linx-isa/tools/pyCircuit/.pycircuit_out/gates/20260906-issue39-closure-r3/agentic-circuit/toolchain/install/include/llvm/CodeGen/WinEHFuncInfo.h
-- Installing: /Users/zhoubot/linx-isa/tools/pyCircuit/.pycircuit_out/gates/20260906-issue39-closure-r3/agentic-circuit/toolchain/install/include/llvm/CodeGen/MachineLateInstrsCleanup.h
-- Installing: /Users/zhoubot/linx-isa/tools/pyCircuit/.pycircuit_out/gates/20260906-issue39-closure-r3/agentic-circuit/toolchain/install/include/llvm/CodeGen/RDFRegisters.h
-- Installing: /Users/zhoubot/linx-isa/tools/pyCircuit/.pycircuit_out/gates/20260906-issue39-closure-r3/agentic-circuit/toolchain/install/include/llvm/CodeGen/LiveStacks.h
-- Installing: /Users/zhoubot/linx-isa/tools/pyCircuit/.pycircuit_out/gates/20260906-issue39-closure-r3/agentic-circuit/toolchain/install/include/llvm/CodeGen/MacroFusion.h
-- Installing: /Users/zhoubot/linx-isa/tools/pyCircuit/.pycircuit_out/gates/20260906-issue39-closure-r3/agentic-circuit/toolchain/install/include/llvm/CodeGen/StackProtector.h
-- Installing: /Users/zhoubot/linx-isa/tools/pyCircuit/.pycircuit_out/gates/20260906-issue39-closure-r3/agentic-circuit/toolchain/install/include/llvm/CodeGen/MachineScheduler.h
-- Installing: /Users/zhoubot/linx-isa/tools/pyCircuit/.pycircuit_out/gates/20260906-issue39-closure-r3/agentic-circuit/toolchain/install/include/llvm/CodeGen/TargetLowering.h
-- Installing: /Users/zhoubot/linx-isa/tools/pyCircuit/.pycircuit_out/gates/20260906-issue39-closure-r3/agentic-circuit/toolchain/install/include/llvm/CodeGen/MachineModuleSlotTracker.h
-- Installing: /Users/zhoubot/linx-isa/tools/pyCircuit/.pycircuit_out/gates/20260906-issue39-closure-r3/agentic-circuit/toolchain/install/include/llvm/CodeGen/LoopTraversal.h
-- Installing: /Users/zhoubot/linx-isa/tools/pyCircuit/.pycircuit_out/gates/20260906-issue39-closure-r3/agentic-circuit/toolchain/install/include/llvm/CodeGen/BasicBlockSectionUtils.h
-- Installing: /Users/zhoubot/linx-isa/tools/pyCircuit/.pycircuit_out/gates/20260906-issue39-closure-r3/agentic-circuit/toolchain/install/include/llvm/CodeGen/IntrinsicLowering.h
-- Installing: /Users/zhoubot/linx-isa/tools/pyCircuit/.pycircuit_out/gates/20260906-issue39-closure-r3/agentic-circuit/toolchain/install/include/llvm/CodeGen/StackSlotColoring.h
-- Installing: /Users/zhoubot/linx-isa/tools/pyCircuit/.pycircuit_out/gates/20260906-issue39-closure-r3/agentic-circuit/toolchain/install/include/llvm/CodeGen/SwiftErrorValueTracking.h
-- Installing: /Users/zhoubot/linx-isa/tools/pyCircuit/.pycircuit_out/gates/20260906-issue39-closure-r3/agentic-circuit/toolchain/install/include/llvm/CodeGen/FinalizeISel.h
-- Installing: /Users/zhoubot/linx-isa/tools/pyCircuit/.pycircuit_out/gates/20260906-issue39-closure-r3/agentic-circuit/toolchain/install/include/llvm/CodeGen/RDFGraph.h
-- Installing: /Users/zhoubot/linx-isa/tools/pyCircuit/.pycircuit_out/gates/20260906-issue39-closure-r3/agentic-circuit/toolchain/install/include/llvm/CodeGen/RemoveLoadsIntoFakeUses.h
-- Installing: /Users/zhoubot/linx-isa/tools/pyCircuit/.pycircuit_out/gates/20260906-issue39-closure-r3/agentic-circuit/toolchain/install/include/llvm/CodeGen/MIRParser
-- Installing: /Users/zhoubot/linx-isa/tools/pyCircuit/.pycircuit_out/gates/20260906-issue39-closure-r3/agentic-circuit/toolchain/install/include/llvm/CodeGen/MIRParser/MIParser.h
-- Installing: /Users/zhoubot/linx-isa/tools/pyCircuit/.pycircuit_out/gates/20260906-issue39-closure-r3/agentic-circuit/toolchain/install/include/llvm/CodeGen/MIRParser/MIRParser.h
-- Installing: /Users/zhoubot/linx-isa/tools/pyCircuit/.pycircuit_out/gates/20260906-issue39-closure-r3/agentic-circuit/toolchain/install/include/llvm/CodeGen/ValueTypes.h
-- Installing: /Users/zhoubot/linx-isa/tools/pyCircuit/.pycircuit_out/gates/20260906-issue39-closure-r3/agentic-circuit/toolchain/install/include/llvm/CodeGen/CodeGenTargetMachineImpl.h
-- Installing: /Users/zhoubot/linx-isa/tools/pyCircuit/.pycircuit_out/gates/20260906-issue39-closure-r3/agentic-circuit/toolchain/install/include/llvm/CodeGen/MultiHazardRecognizer.h
-- Installing: /Users/zhoubot/linx-isa/tools/pyCircuit/.pycircuit_out/gates/20260906-issue39-closure-r3/agentic-circuit/toolchain/install/include/llvm/CodeGen/CallingConvLower.h
-- Installing: /Users/zhoubot/linx-isa/tools/pyCircuit/.pycircuit_out/gates/20260906-issue39-closure-r3/agentic-circuit/toolchain/install/include/llvm/CodeGen/ProcessImplicitDefs.h
-- Installing: /Users/zhoubot/linx-isa/tools/pyCircuit/.pycircuit_out/gates/20260906-issue39-closure-r3/agentic-circuit/toolchain/install/include/llvm/CodeGen/MachineBlockHashInfo.h
-- Installing: /Users/zhoubot/linx-isa/tools/pyCircuit/.pycircuit_out/gates/20260906-issue39-closure-r3/agentic-circuit/toolchain/install/include/llvm/CodeGen/RegAllocCommon.h
-- Installing: /Users/zhoubot/linx-isa/tools/pyCircuit/.pycircuit_out/gates/20260906-issue39-closure-r3/agentic-circuit/toolchain/install/include/llvm/CodeGen/SanitizerBinaryMetadata.h
-- Installing: /Users/zhoubot/linx-isa/tools/pyCircuit/.pycircuit_out/gates/20260906-issue39-closure-r3/agentic-circuit/toolchain/install/include/llvm/CodeGen/PseudoSourceValueManager.h
-- Installing: /Users/zhoubot/linx-isa/tools/pyCircuit/.pycircuit_out/gates/20260906-issue39-closure-r3/agentic-circuit/toolchain/install/include/llvm/CodeGen/GCMetadata.h
-- Installing: /Users/zhoubot/linx-isa/tools/pyCircuit/.pycircuit_out/gates/20260906-issue39-closure-r3/agentic-circuit/toolchain/install/include/llvm/CodeGen/TargetInstrInfo.h
-- Installing: /Users/zhoubot/linx-isa/tools/pyCircuit/.pycircuit_out/gates/20260906-issue39-closure-r3/agentic-circuit/toolchain/install/include/llvm/CodeGen/MachineRegisterInfo.h
-- Installing: /Users/zhoubot/linx-isa/tools/pyCircuit/.pycircuit_out/gates/20260906-issue39-closure-r3/agentic-circuit/toolchain/install/include/llvm/CodeGen/GlobalISel
-- Installing: /Users/zhoubot/linx-isa/tools/pyCircuit/.pycircuit_out/gates/20260906-issue39-closure-r3/agentic-circuit/toolchain/install/include/llvm/CodeGen/GlobalISel/InstructionSelector.h
-- Installing: /Users/zhoubot/linx-isa/tools/pyCircuit/.pycircuit_out/gates/20260906-issue39-closure-r3/agentic-circuit/toolchain/install/include/llvm/CodeGen/GlobalISel/LoadStoreOpt.h
-- Installing: /Users/zhoubot/linx-isa/tools/pyCircuit/.pycircuit_out/gates/20260906-issue39-closure-r3/agentic-circuit/toolchain/install/include/llvm/CodeGen/GlobalISel/Utils.h
-- Installing: /Users/zhoubot/linx-isa/tools/pyCircuit/.pycircuit_out/gates/20260906-issue39-closure-r3/agentic-circuit/toolchain/install/include/llvm/CodeGen/GlobalISel/CallLowering.h
-- Installing: /Users/zhoubot/linx-isa/tools/pyCircuit/.pycircuit_out/gates/20260906-issue39-closure-r3/agentic-circuit/toolchain/install/include/llvm/CodeGen/GlobalISel/LegalizerHelper.h
-- Installing: /Users/zhoubot/linx-isa/tools/pyCircuit/.pycircuit_out/gates/20260906-issue39-closure-r3/agentic-circuit/toolchain/install/include/llvm/CodeGen/GlobalISel/InlineAsmLowering.h
-- Installing: /Users/zhoubot/linx-isa/tools/pyCircuit/.pycircuit_out/gates/20260906-issue39-closure-r3/agentic-circuit/toolchain/install/include/llvm/CodeGen/GlobalISel/Localizer.h
-- Installing: /Users/zhoubot/linx-isa/tools/pyCircuit/.pycircuit_out/gates/20260906-issue39-closure-r3/agentic-circuit/toolchain/install/include/llvm/CodeGen/GlobalISel/CombinerInfo.h
-- Installing: /Users/zhoubot/linx-isa/tools/pyCircuit/.pycircuit_out/gates/20260906-issue39-closure-r3/agentic-circuit/toolchain/install/include/llvm/CodeGen/GlobalISel/CSEMIRBuilder.h
-- Installing: /Users/zhoubot/linx-isa/tools/pyCircuit/.pycircuit_out/gates/20260906-issue39-closure-r3/agentic-circuit/toolchain/install/include/llvm/CodeGen/GlobalISel/CSEInfo.h
-- Installing: /Users/zhoubot/linx-isa/tools/pyCircuit/.pycircuit_out/gates/20260906-issue39-closure-r3/agentic-circuit/toolchain/install/include/llvm/CodeGen/GlobalISel/MachineFloatingPointPredicateUtils.h
-- Installing: /Users/zhoubot/linx-isa/tools/pyCircuit/.pycircuit_out/gates/20260906-issue39-closure-r3/agentic-circuit/toolchain/install/include/llvm/CodeGen/GlobalISel/MIPatternMatch.h
-- Installing: /Users/zhoubot/linx-isa/tools/pyCircuit/.pycircuit_out/gates/20260906-issue39-closure-r3/agentic-circuit/toolchain/install/include/llvm/CodeGen/GlobalISel/LostDebugLocObserver.h
-- Installing: /Users/zhoubot/linx-isa/tools/pyCircuit/.pycircuit_out/gates/20260906-issue39-closure-r3/agentic-circuit/toolchain/install/include/llvm/CodeGen/GlobalISel/GIMatchTableExecutor.h
-- Installing: /Users/zhoubot/linx-isa/tools/pyCircuit/.pycircuit_out/gates/20260906-issue39-closure-r3/agentic-circuit/toolchain/install/include/llvm/CodeGen/GlobalISel/GISelWorkList.h
-- Installing: /Users/zhoubot/linx-isa/tools/pyCircuit/.pycircuit_out/gates/20260906-issue39-closure-r3/agentic-circuit/toolchain/install/include/llvm/CodeGen/GlobalISel/GISelChangeObserver.h
-- Installing: /Users/zhoubot/linx-isa/tools/pyCircuit/.pycircuit_out/gates/20260906-issue39-closure-r3/agentic-circuit/toolchain/install/include/llvm/CodeGen/GlobalISel/MachineIRBuilder.h
-- Installing: /Users/zhoubot/linx-isa/tools/pyCircuit/.pycircuit_out/gates/20260906-issue39-closure-r3/agentic-circuit/toolchain/install/include/llvm/CodeGen/GlobalISel/Combiner.h
-- Installing: /Users/zhoubot/linx-isa/tools/pyCircuit/.pycircuit_out/gates/20260906-issue39-closure-r3/agentic-circuit/toolchain/install/include/llvm/CodeGen/GlobalISel/LegacyLegalizerInfo.h
-- Installing: /Users/zhoubot/linx-isa/tools/pyCircuit/.pycircuit_out/gates/20260906-issue39-closure-r3/agentic-circuit/toolchain/install/include/llvm/CodeGen/GlobalISel/CombinerHelper.h
-- Installing: /Users/zhoubot/linx-isa/tools/pyCircuit/.pycircuit_out/gates/20260906-issue39-closure-r3/agentic-circuit/toolchain/install/include/llvm/CodeGen/GlobalISel/GIMatchTableExecutorImpl.h
-- Installing: /Users/zhoubot/linx-isa/tools/pyCircuit/.pycircuit_out/gates/20260906-issue39-closure-r3/agentic-circuit/toolchain/install/include/llvm/CodeGen/GlobalISel/LegalizationArtifactCombiner.h
-- Installing: /Users/zhoubot/linx-isa/tools/pyCircuit/.pycircuit_out/gates/20260906-issue39-closure-r3/agentic-circuit/toolchain/install/include/llvm/CodeGen/GlobalISel/GISelValueTracking.h
-- Installing: /Users/zhoubot/linx-isa/tools/pyCircuit/.pycircuit_out/gates/20260906-issue39-closure-r3/agentic-circuit/toolchain/install/include/llvm/CodeGen/GlobalISel/LegalizerInfo.h
-- Installing: /Users/zhoubot/linx-isa/tools/pyCircuit/.pycircuit_out/gates/20260906-issue39-closure-r3/agentic-circuit/toolchain/install/include/llvm/CodeGen/GlobalISel/IRTranslator.h
-- Installing: /Users/zhoubot/linx-isa/tools/pyCircuit/.pycircuit_out/gates/20260906-issue39-closure-r3/agentic-circuit/toolchain/install/include/llvm/CodeGen/GlobalISel/GenericMachineInstrs.h
-- Installing: /Users/zhoubot/linx-isa/tools/pyCircuit/.pycircuit_out/gates/20260906-issue39-closure-r3/agentic-circuit/toolchain/install/include/llvm/CodeGen/GlobalISel/InstructionSelect.h
-- Installing: /Users/zhoubot/linx-isa/tools/pyCircuit/.pycircuit_out/gates/20260906-issue39-closure-r3/agentic-circuit/toolchain/install/include/llvm/CodeGen/GlobalISel/Legalizer.h
-- Installing: /Users/zhoubot/linx-isa/tools/pyCircuit/.pycircuit_out/gates/20260906-issue39-closure-r3/agentic-circuit/toolchain/install/include/llvm/CodeGen/GlobalISel/RegBankSelect.h
-- Installing: /Users/zhoubot/linx-isa/tools/pyCircuit/.pycircuit_out/gates/20260906-issue39-closure-r3/agentic-circuit/toolchain/install/include/llvm/CodeGen/DwarfEHPrepare.h
-- Installing: /Users/zhoubot/linx-isa/tools/pyCircuit/.pycircuit_out/gates/20260906-issue39-closure-r3/agentic-circuit/toolchain/install/include/llvm/CodeGen/RegUsageInfoCollector.h
-- Installing: /Users/zhoubot/linx-isa/tools/pyCircuit/.pycircuit_out/gates/20260906-issue39-closure-r3/agentic-circuit/toolchain/install/include/llvm/CodeGen/MachineOutliner.h
-- Installing: /Users/zhoubot/linx-isa/tools/pyCircuit/.pycircuit_out/gates/20260906-issue39-closure-r3/agentic-circuit/toolchain/install/include/llvm/CodeGen/ScheduleDAGMutation.h
-- Installing: /Users/zhoubot/linx-isa/tools/pyCircuit/.pycircuit_out/gates/20260906-issue39-closure-r3/agentic-circuit/toolchain/install/include/llvm/CodeGen/RegisterUsageInfo.h
-- Installing: /Users/zhoubot/linx-isa/tools/pyCircuit/.pycircuit_out/gates/20260906-issue39-closure-r3/agentic-circuit/toolchain/install/include/llvm/CodeGen/Passes.h
-- Installing: /Users/zhoubot/linx-isa/tools/pyCircuit/.pycircuit_out/gates/20260906-issue39-closure-r3/agentic-circuit/toolchain/install/include/llvm/CodeGen/GlobalMerge.h
-- Installing: /Users/zhoubot/linx-isa/tools/pyCircuit/.pycircuit_out/gates/20260906-issue39-closure-r3/agentic-circuit/toolchain/install/include/llvm/CodeGen/TypePromotion.h
-- Installing: /Users/zhoubot/linx-isa/tools/pyCircuit/.pycircuit_out/gates/20260906-issue39-closure-r3/agentic-circuit/toolchain/install/include/llvm/CodeGen/MachineSSAContext.h
-- Installing: /Users/zhoubot/linx-isa/tools/pyCircuit/.pycircuit_out/gates/20260906-issue39-closure-r3/agentic-circuit/toolchain/install/include/llvm/CodeGen/MachineFrameInfo.h
-- Installing: /Users/zhoubot/linx-isa/tools/pyCircuit/.pycircuit_out/gates/20260906-issue39-closure-r3/agentic-circuit/toolchain/install/include/llvm/CodeGen/RegisterBankInfo.h
-- Installing: /Users/zhoubot/linx-isa/tools/pyCircuit/.pycircuit_out/gates/20260906-issue39-closure-r3/agentic-circuit/toolchain/install/include/llvm/CodeGen/StackFrameLayoutAnalysisPass.h
-- Installing: /Users/zhoubot/linx-isa/tools/pyCircuit/.pycircuit_out/gates/20260906-issue39-closure-r3/agentic-circuit/toolchain/install/include/llvm/CodeGen/MachineFunctionAnalysisManager.h
-- Installing: /Users/zhoubot/linx-isa/tools/pyCircuit/.pycircuit_out/gates/20260906-issue39-closure-r3/agentic-circuit/toolchain/install/include/llvm/CodeGen/GCMetadataPrinter.h
-- Installing: /Users/zhoubot/linx-isa/tools/pyCircuit/.pycircuit_out/gates/20260906-issue39-closure-r3/agentic-circuit/toolchain/install/include/llvm/CodeGen/MachineBlockFrequencyInfo.h
-- Installing: /Users/zhoubot/linx-isa/tools/pyCircuit/.pycircuit_out/gates/20260906-issue39-closure-r3/agentic-circuit/toolchain/install/include/llvm/CodeGen/MIRFSDiscriminator.h
-- Installing: /Users/zhoubot/linx-isa/tools/pyCircuit/.pycircuit_out/gates/20260906-issue39-closure-r3/agentic-circuit/toolchain/install/include/llvm/CodeGen/MachineCycleAnalysis.h
-- Installing: /Users/zhoubot/linx-isa/tools/pyCircuit/.pycircuit_out/gates/20260906-issue39-closure-r3/agentic-circuit/toolchain/install/include/llvm/CodeGen/WasmEHPrepare.h
-- Installing: /Users/zhoubot/linx-isa/tools/pyCircuit/.pycircuit_out/gates/20260906-issue39-closure-r3/agentic-circuit/toolchain/install/include/llvm/CodeGen/MachinePipeliner.h
-- Installing: /Users/zhoubot/linx-isa/tools/pyCircuit/.pycircuit_out/gates/20260906-issue39-closure-r3/agentic-circuit/toolchain/install/include/llvm/CodeGen/TargetSchedule.h
-- Installing: /Users/zhoubot/linx-isa/tools/pyCircuit/.pycircuit_out/gates/20260906-issue39-closure-r3/agentic-circuit/toolchain/install/include/llvm/CodeGen/PseudoSourceValue.h
-- Installing: /Users/zhoubot/linx-isa/tools/pyCircuit/.pycircuit_out/gates/20260906-issue39-closure-r3/agentic-circuit/toolchain/install/include/llvm/CodeGen/MachineCSE.h
-- Installing: /Users/zhoubot/linx-isa/tools/pyCircuit/.pycircuit_out/gates/20260906-issue39-closure-r3/agentic-circuit/toolchain/install/include/llvm/CodeGen/ScoreboardHazardRecognizer.h
-- Installing: /Users/zhoubot/linx-isa/tools/pyCircuit/.pycircuit_out/gates/20260906-issue39-closure-r3/agentic-circuit/toolchain/install/include/llvm/CodeGen/MachineDomTreeUpdater.h
-- Installing: /Users/zhoubot/linx-isa/tools/pyCircuit/.pycircuit_out/gates/20260906-issue39-closure-r3/agentic-circuit/toolchain/install/include/llvm/CodeGen/AntiDepBreaker.h
-- Installing: /Users/zhoubot/linx-isa/tools/pyCircuit/.pycircuit_out/gates/20260906-issue39-closure-r3/agentic-circuit/toolchain/install/include/llvm/CodeGen/FixupStatepointCallerSaved.h
-- Installing: /Users/zhoubot/linx-isa/tools/pyCircuit/.pycircuit_out/gates/20260906-issue39-closure-r3/agentic-circuit/toolchain/install/include/llvm/CodeGen/VLIWMachineScheduler.h
-- Installing: /Users/zhoubot/linx-isa/tools/pyCircuit/.pycircuit_out/gates/20260906-issue39-closure-r3/agentic-circuit/toolchain/install/include/llvm/CodeGen/TargetOpcodes.h
-- Installing: /Users/zhoubot/linx-isa/tools/pyCircuit/.pycircuit_out/gates/20260906-issue39-closure-r3/agentic-circuit/toolchain/install/include/llvm/CodeGen/VirtRegMap.h
-- Installing: /Users/zhoubot/linx-isa/tools/pyCircuit/.pycircuit_out/gates/20260906-issue39-closure-r3/agentic-circuit/toolchain/install/include/llvm/CodeGen/ShadowStackGCLowering.h
-- Installing: /Users/zhoubot/linx-isa/tools/pyCircuit/.pycircuit_out/gates/20260906-issue39-closure-r3/agentic-circuit/toolchain/install/include/llvm/CodeGen/ExpandReductions.h
-- Installing: /Users/zhoubot/linx-isa/tools/pyCircuit/.pycircuit_out/gates/20260906-issue39-closure-r3/agentic-circuit/toolchain/install/include/llvm/CodeGen/SwitchLoweringUtils.h
-- Installing: /Users/zhoubot/linx-isa/tools/pyCircuit/.pycircuit_out/gates/20260906-issue39-closure-r3/agentic-circuit/toolchain/install/include/llvm/CodeGen/UnreachableBlockElim.h
-- Installing: /Users/zhoubot/linx-isa/tools/pyCircuit/.pycircuit_out/gates/20260906-issue39-closure-r3/agentic-circuit/toolchain/install/include/llvm/CodeGen/ReplaceWithVeclib.h
-- Installing: /Users/zhoubot/linx-isa/tools/pyCircuit/.pycircuit_out/gates/20260906-issue39-closure-r3/agentic-circuit/toolchain/install/include/llvm/CodeGen/CalcSpillWeights.h
-- Installing: /Users/zhoubot/linx-isa/tools/pyCircuit/.pycircuit_out/gates/20260906-issue39-closure-r3/agentic-circuit/toolchain/install/include/llvm/CodeGen/Register.h
-- Installing: /Users/zhoubot/linx-isa/tools/pyCircuit/.pycircuit_out/gates/20260906-issue39-closure-r3/agentic-circuit/toolchain/install/include/llvm/CodeGen/RegisterClassInfo.h
-- Installing: /Users/zhoubot/linx-isa/tools/pyCircuit/.pycircuit_out/gates/20260906-issue39-closure-r3/agentic-circuit/toolchain/install/include/llvm/CodeGen/ScheduleHazardRecognizer.h
-- Installing: /Users/zhoubot/linx-isa/tools/pyCircuit/.pycircuit_out/gates/20260906-issue39-closure-r3/agentic-circuit/toolchain/install/include/llvm/CodeGen/ByteProvider.h
-- Installing: /Users/zhoubot/linx-isa/tools/pyCircuit/.pycircuit_out/gates/20260906-issue39-closure-r3/agentic-circuit/toolchain/install/include/llvm/CodeGen/WasmEHFuncInfo.h
-- Installing: /Users/zhoubot/linx-isa/tools/pyCircuit/.pycircuit_out/gates/20260906-issue39-closure-r3/agentic-circuit/toolchain/install/include/llvm/CodeGen/MachineSink.h
-- Installing: /Users/zhoubot/linx-isa/tools/pyCircuit/.pycircuit_out/gates/20260906-issue39-closure-r3/agentic-circuit/toolchain/install/include/llvm/CodeGen/MachineVerifier.h
-- Installing: /Users/zhoubot/linx-isa/tools/pyCircuit/.pycircuit_out/gates/20260906-issue39-closure-r3/agentic-circuit/toolchain/install/include/llvm/CodeGen/SjLjEHPrepare.h
-- Installing: /Users/zhoubot/linx-isa/tools/pyCircuit/.pycircuit_out/gates/20260906-issue39-closure-r3/agentic-circuit/toolchain/install/include/llvm/CodeGen/AccelTable.h
-- Installing: /Users/zhoubot/linx-isa/tools/pyCircuit/.pycircuit_out/gates/20260906-issue39-closure-r3/agentic-circuit/toolchain/install/include/llvm/CodeGen/TargetLoweringObjectFileImpl.h
-- Installing: /Users/zhoubot/linx-isa/tools/pyCircuit/.pycircuit_out/gates/20260906-issue39-closure-r3/agentic-circuit/toolchain/install/include/llvm/CodeGen/SelectionDAGNodes.h
-- Installing: /Users/zhoubot/linx-isa/tools/pyCircuit/.pycircuit_out/gates/20260906-issue39-closure-r3/agentic-circuit/toolchain/install/include/llvm/CodeGen/LiveRangeCalc.h
-- Installing: /Users/zhoubot/linx-isa/tools/pyCircuit/.pycircuit_out/gates/20260906-issue39-closure-r3/agentic-circuit/toolchain/install/include/llvm/CodeGen/MachineCopyPropagation.h
-- Installing: /Users/zhoubot/linx-isa/tools/pyCircuit/.pycircuit_out/gates/20260906-issue39-closure-r3/agentic-circuit/toolchain/install/include/llvm/CodeGen/MachineCombinerPattern.h
-- Installing: /Users/zhoubot/linx-isa/tools/pyCircuit/.pycircuit_out/gates/20260906-issue39-closure-r3/agentic-circuit/toolchain/install/include/llvm/CodeGen/TargetRegisterInfo.h
-- Installing: /Users/zhoubot/linx-isa/tools/pyCircuit/.pycircuit_out/gates/20260906-issue39-closure-r3/agentic-circuit/toolchain/install/include/llvm/CodeGen/LinkAllCodegenComponents.h
-- Installing: /Users/zhoubot/linx-isa/tools/pyCircuit/.pycircuit_out/gates/20260906-issue39-closure-r3/agentic-circuit/toolchain/install/include/llvm/CodeGen/AtomicExpandUtils.h
-- Installing: /Users/zhoubot/linx-isa/tools/pyCircuit/.pycircuit_out/gates/20260906-issue39-closure-r3/agentic-circuit/toolchain/install/include/llvm/CodeGen/SelectionDAGTargetInfo.h
-- Installing: /Users/zhoubot/linx-isa/tools/pyCircuit/.pycircuit_out/gates/20260906-issue39-closure-r3/agentic-circuit/toolchain/install/include/llvm/CodeGen/LiveRegMatrix.h
-- Installing: /Users/zhoubot/linx-isa/tools/pyCircuit/.pycircuit_out/gates/20260906-issue39-closure-r3/agentic-circuit/toolchain/install/include/llvm/CodeGen/SchedulerRegistry.h
-- Installing: /Users/zhoubot/linx-isa/tools/pyCircuit/.pycircuit_out/gates/20260906-issue39-closure-r3/agentic-circuit/toolchain/install/include/llvm/CodeGen/PHIElimination.h
-- Installing: /Users/zhoubot/linx-isa/tools/pyCircuit/.pycircuit_out/gates/20260906-issue39-closure-r3/agentic-circuit/toolchain/install/include/llvm/CodeGen/ExpandIRInsts.h
-- Installing: /Users/zhoubot/linx-isa/tools/pyCircuit/.pycircuit_out/gates/20260906-issue39-closure-r3/agentic-circuit/toolchain/install/include/llvm/CodeGen/ValueTypes.td
-- Installing: /Users/zhoubot/linx-isa/tools/pyCircuit/.pycircuit_out/gates/20260906-issue39-closure-r3/agentic-circuit/toolchain/install/include/llvm/CodeGen/WinEHPrepare.h
-- Installing: /Users/zhoubot/linx-isa/tools/pyCircuit/.pycircuit_out/gates/20260906-issue39-closure-r3/agentic-circuit/toolchain/install/include/llvm/CodeGen/MachineInstr.h
-- Installing: /Users/zhoubot/linx-isa/tools/pyCircuit/.pycircuit_out/gates/20260906-issue39-closure-r3/agentic-circuit/toolchain/install/include/llvm/CodeGen/RegisterBank.h
-- Installing: /Users/zhoubot/linx-isa/tools/pyCircuit/.pycircuit_out/gates/20260906-issue39-closure-r3/agentic-circuit/toolchain/install/include/llvm/CodeGen/Analysis.h
-- Installing: /Users/zhoubot/linx-isa/tools/pyCircuit/.pycircuit_out/gates/20260906-issue39-closure-r3/agentic-circuit/toolchain/install/include/llvm/CodeGen/ISDOpcodes.h
-- Installing: /Users/zhoubot/linx-isa/tools/pyCircuit/.pycircuit_out/gates/20260906-issue39-closure-r3/agentic-circuit/toolchain/install/include/llvm/CodeGen/CFIFixup.h
-- Installing: /Users/zhoubot/linx-isa/tools/pyCircuit/.pycircuit_out/gates/20260906-issue39-closure-r3/agentic-circuit/toolchain/install/include/llvm/CodeGen/PatchableFunction.h
-- Installing: /Users/zhoubot/linx-isa/tools/pyCircuit/.pycircuit_out/gates/20260906-issue39-closure-r3/agentic-circuit/toolchain/install/include/llvm/Debuginfod
-- Installing: /Users/zhoubot/linx-isa/tools/pyCircuit/.pycircuit_out/gates/20260906-issue39-closure-r3/agentic-circuit/toolchain/install/include/llvm/Debuginfod/Debuginfod.h
-- Installing: /Users/zhoubot/linx-isa/tools/pyCircuit/.pycircuit_out/gates/20260906-issue39-closure-r3/agentic-circuit/toolchain/install/include/llvm/Debuginfod/BuildIDFetcher.h
-- Installing: /Users/zhoubot/linx-isa/tools/pyCircuit/.pycircuit_out/gates/20260906-issue39-closure-r3/agentic-circuit/toolchain/install/include/llvm/Debuginfod/HTTPServer.h
-- Installing: /Users/zhoubot/linx-isa/tools/pyCircuit/.pycircuit_out/gates/20260906-issue39-closure-r3/agentic-circuit/toolchain/install/include/llvm/Debuginfod/HTTPClient.h
-- Installing: /Users/zhoubot/linx-isa/tools/pyCircuit/.pycircuit_out/gates/20260906-issue39-closure-r3/agentic-circuit/toolchain/install/include/llvm/ABI
-- Installing: /Users/zhoubot/linx-isa/tools/pyCircuit/.pycircuit_out/gates/20260906-issue39-closure-r3/agentic-circuit/toolchain/install/include/llvm/ABI/Types.h
-- Installing: /Users/zhoubot/linx-isa/tools/pyCircuit/.pycircuit_out/gates/20260906-issue39-closure-r3/agentic-circuit/toolchain/install/include/llvm/ExecutionEngine
-- Installing: /Users/zhoubot/linx-isa/tools/pyCircuit/.pycircuit_out/gates/20260906-issue39-closure-r3/agentic-circuit/toolchain/install/include/llvm/ExecutionEngine/JITEventListener.h
-- Installing: /Users/zhoubot/linx-isa/tools/pyCircuit/.pycircuit_out/gates/20260906-issue39-closure-r3/agentic-circuit/toolchain/install/include/llvm/ExecutionEngine/ExecutionEngine.h
-- Installing: /Users/zhoubot/linx-isa/tools/pyCircuit/.pycircuit_out/gates/20260906-issue39-closure-r3/agentic-circuit/toolchain/install/include/llvm/ExecutionEngine/ObjectCache.h
-- Installing: /Users/zhoubot/linx-isa/tools/pyCircuit/.pycircuit_out/gates/20260906-issue39-closure-r3/agentic-circuit/toolchain/install/include/llvm/ExecutionEngine/JITSymbol.h
-- Installing: /Users/zhoubot/linx-isa/tools/pyCircuit/.pycircuit_out/gates/20260906-issue39-closure-r3/agentic-circuit/toolchain/install/include/llvm/ExecutionEngine/OProfileWrapper.h
-- Installing: /Users/zhoubot/linx-isa/tools/pyCircuit/.pycircuit_out/gates/20260906-issue39-closure-r3/agentic-circuit/toolchain/install/include/llvm/ExecutionEngine/JITLink
-- Installing: /Users/zhoubot/linx-isa/tools/pyCircuit/.pycircuit_out/gates/20260906-issue39-closure-r3/agentic-circuit/toolchain/install/include/llvm/ExecutionEngine/JITLink/systemz.h
-- Installing: /Users/zhoubot/linx-isa/tools/pyCircuit/.pycircuit_out/gates/20260906-issue39-closure-r3/agentic-circuit/toolchain/install/include/llvm/ExecutionEngine/JITLink/XCOFF_ppc64.h
-- Installing: /Users/zhoubot/linx-isa/tools/pyCircuit/.pycircuit_out/gates/20260906-issue39-closure-r3/agentic-circuit/toolchain/install/include/llvm/ExecutionEngine/JITLink/ELF_aarch64.h
-- Installing: /Users/zhoubot/linx-isa/tools/pyCircuit/.pycircuit_out/gates/20260906-issue39-closure-r3/agentic-circuit/toolchain/install/include/llvm/ExecutionEngine/JITLink/ppc64.h
-- Installing: /Users/zhoubot/linx-isa/tools/pyCircuit/.pycircuit_out/gates/20260906-issue39-closure-r3/agentic-circuit/toolchain/install/include/llvm/ExecutionEngine/JITLink/MachO_x86_64.h
-- Installing: /Users/zhoubot/linx-isa/tools/pyCircuit/.pycircuit_out/gates/20260906-issue39-closure-r3/agentic-circuit/toolchain/install/include/llvm/ExecutionEngine/JITLink/aarch32.h
-- Installing: /Users/zhoubot/linx-isa/tools/pyCircuit/.pycircuit_out/gates/20260906-issue39-closure-r3/agentic-circuit/toolchain/install/include/llvm/ExecutionEngine/JITLink/JITLinkMemoryManager.h
-- Installing: /Users/zhoubot/linx-isa/tools/pyCircuit/.pycircuit_out/gates/20260906-issue39-closure-r3/agentic-circuit/toolchain/install/include/llvm/ExecutionEngine/JITLink/ELF_ppc64.h
-- Installing: /Users/zhoubot/linx-isa/tools/pyCircuit/.pycircuit_out/gates/20260906-issue39-closure-r3/agentic-circuit/toolchain/install/include/llvm/ExecutionEngine/JITLink/JITLinkDylib.h
-- Installing: /Users/zhoubot/linx-isa/tools/pyCircuit/.pycircuit_out/gates/20260906-issue39-closure-r3/agentic-circuit/toolchain/install/include/llvm/ExecutionEngine/JITLink/DWARFRecordSectionSplitter.h
-- Installing: /Users/zhoubot/linx-isa/tools/pyCircuit/.pycircuit_out/gates/20260906-issue39-closure-r3/agentic-circuit/toolchain/install/include/llvm/ExecutionEngine/JITLink/ELF_x86_64.h
-- Installing: /Users/zhoubot/linx-isa/tools/pyCircuit/.pycircuit_out/gates/20260906-issue39-closure-r3/agentic-circuit/toolchain/install/include/llvm/ExecutionEngine/JITLink/x86.h
-- Installing: /Users/zhoubot/linx-isa/tools/pyCircuit/.pycircuit_out/gates/20260906-issue39-closure-r3/agentic-circuit/toolchain/install/include/llvm/ExecutionEngine/JITLink/ELF.h
-- Installing: /Users/zhoubot/linx-isa/tools/pyCircuit/.pycircuit_out/gates/20260906-issue39-closure-r3/agentic-circuit/toolchain/install/include/llvm/ExecutionEngine/JITLink/MachO_arm64.h
-- Installing: /Users/zhoubot/linx-isa/tools/pyCircuit/.pycircuit_out/gates/20260906-issue39-closure-r3/agentic-circuit/toolchain/install/include/llvm/ExecutionEngine/JITLink/XCOFF.h
-- Installing: /Users/zhoubot/linx-isa/tools/pyCircuit/.pycircuit_out/gates/20260906-issue39-closure-r3/agentic-circuit/toolchain/install/include/llvm/ExecutionEngine/JITLink/ELF_aarch32.h
-- Installing: /Users/zhoubot/linx-isa/tools/pyCircuit/.pycircuit_out/gates/20260906-issue39-closure-r3/agentic-circuit/toolchain/install/include/llvm/ExecutionEngine/JITLink/ELF_riscv.h
-- Installing: /Users/zhoubot/linx-isa/tools/pyCircuit/.pycircuit_out/gates/20260906-issue39-closure-r3/agentic-circuit/toolchain/install/include/llvm/ExecutionEngine/JITLink/ELF_loongarch.h
-- Installing: /Users/zhoubot/linx-isa/tools/pyCircuit/.pycircuit_out/gates/20260906-issue39-closure-r3/agentic-circuit/toolchain/install/include/llvm/ExecutionEngine/JITLink/TableManager.h
-- Installing: /Users/zhoubot/linx-isa/tools/pyCircuit/.pycircuit_out/gates/20260906-issue39-closure-r3/agentic-circuit/toolchain/install/include/llvm/ExecutionEngine/JITLink/ELF_x86.h
-- Installing: /Users/zhoubot/linx-isa/tools/pyCircuit/.pycircuit_out/gates/20260906-issue39-closure-r3/agentic-circuit/toolchain/install/include/llvm/ExecutionEngine/JITLink/JITLink.h
-- Installing: /Users/zhoubot/linx-isa/tools/pyCircuit/.pycircuit_out/gates/20260906-issue39-closure-r3/agentic-circuit/toolchain/install/include/llvm/ExecutionEngine/JITLink/MachO.h
-- Installing: /Users/zhoubot/linx-isa/tools/pyCircuit/.pycircuit_out/gates/20260906-issue39-closure-r3/agentic-circuit/toolchain/install/include/llvm/ExecutionEngine/JITLink/riscv.h
-- Installing: /Users/zhoubot/linx-isa/tools/pyCircuit/.pycircuit_out/gates/20260906-issue39-closure-r3/agentic-circuit/toolchain/install/include/llvm/ExecutionEngine/JITLink/ELF_systemz.h
-- Installing: /Users/zhoubot/linx-isa/tools/pyCircuit/.pycircuit_out/gates/20260906-issue39-closure-r3/agentic-circuit/toolchain/install/include/llvm/ExecutionEngine/JITLink/loongarch.h
-- Installing: /Users/zhoubot/linx-isa/tools/pyCircuit/.pycircuit_out/gates/20260906-issue39-closure-r3/agentic-circuit/toolchain/install/include/llvm/ExecutionEngine/JITLink/COFF.h
-- Installing: /Users/zhoubot/linx-isa/tools/pyCircuit/.pycircuit_out/gates/20260906-issue39-closure-r3/agentic-circuit/toolchain/install/include/llvm/ExecutionEngine/JITLink/EHFrameSupport.h
-- Installing: /Users/zhoubot/linx-isa/tools/pyCircuit/.pycircuit_out/gates/20260906-issue39-closure-r3/agentic-circuit/toolchain/install/include/llvm/ExecutionEngine/JITLink/aarch64.h
-- Installing: /Users/zhoubot/linx-isa/tools/pyCircuit/.pycircuit_out/gates/20260906-issue39-closure-r3/agentic-circuit/toolchain/install/include/llvm/ExecutionEngine/JITLink/x86_64.h
-- Installing: /Users/zhoubot/linx-isa/tools/pyCircuit/.pycircuit_out/gates/20260906-issue39-closure-r3/agentic-circuit/toolchain/install/include/llvm/ExecutionEngine/JITLink/COFF_x86_64.h
-- Installing: /Users/zhoubot/linx-isa/tools/pyCircuit/.pycircuit_out/gates/20260906-issue39-closure-r3/agentic-circuit/toolchain/install/include/llvm/ExecutionEngine/Interpreter.h
-- Installing: /Users/zhoubot/linx-isa/tools/pyCircuit/.pycircuit_out/gates/20260906-issue39-closure-r3/agentic-circuit/toolchain/install/include/llvm/ExecutionEngine/RuntimeDyldChecker.h
-- Installing: /Users/zhoubot/linx-isa/tools/pyCircuit/.pycircuit_out/gates/20260906-issue39-closure-r3/agentic-circuit/toolchain/install/include/llvm/ExecutionEngine/RuntimeDyld.h
-- Installing: /Users/zhoubot/linx-isa/tools/pyCircuit/.pycircuit_out/gates/20260906-issue39-closure-r3/agentic-circuit/toolchain/install/include/llvm/ExecutionEngine/RTDyldMemoryManager.h
-- Installing: /Users/zhoubot/linx-isa/tools/pyCircuit/.pycircuit_out/gates/20260906-issue39-closure-r3/agentic-circuit/toolchain/install/include/llvm/ExecutionEngine/Orc
-- Installing: /Users/zhoubot/linx-isa/tools/pyCircuit/.pycircuit_out/gates/20260906-issue39-closure-r3/agentic-circuit/toolchain/install/include/llvm/ExecutionEngine/Orc/MemoryMapper.h
-- Installing: /Users/zhoubot/linx-isa/tools/pyCircuit/.pycircuit_out/gates/20260906-issue39-closure-r3/agentic-circuit/toolchain/install/include/llvm/ExecutionEngine/Orc/RTDyldObjectLinkingLayer.h
-- Installing: /Users/zhoubot/linx-isa/tools/pyCircuit/.pycircuit_out/gates/20260906-issue39-closure-r3/agentic-circuit/toolchain/install/include/llvm/ExecutionEngine/Orc/BacktraceTools.h
-- Installing: /Users/zhoubot/linx-isa/tools/pyCircuit/.pycircuit_out/gates/20260906-issue39-closure-r3/agentic-circuit/toolchain/install/include/llvm/ExecutionEngine/Orc/JITLinkReentryTrampolines.h
-- Installing: /Users/zhoubot/linx-isa/tools/pyCircuit/.pycircuit_out/gates/20260906-issue39-closure-r3/agentic-circuit/toolchain/install/include/llvm/ExecutionEngine/Orc/ExecutorResolutionGenerator.h
-- Installing: /Users/zhoubot/linx-isa/tools/pyCircuit/.pycircuit_out/gates/20260906-issue39-closure-r3/agentic-circuit/toolchain/install/include/llvm/ExecutionEngine/Orc/IRTransformLayer.h
-- Installing: /Users/zhoubot/linx-isa/tools/pyCircuit/.pycircuit_out/gates/20260906-issue39-closure-r3/agentic-circuit/toolchain/install/include/llvm/ExecutionEngine/Orc/CallableTraitsHelper.h
-- Installing: /Users/zhoubot/linx-isa/tools/pyCircuit/.pycircuit_out/gates/20260906-issue39-closure-r3/agentic-circuit/toolchain/install/include/llvm/ExecutionEngine/Orc/IRCompileLayer.h
-- Installing: /Users/zhoubot/linx-isa/tools/pyCircuit/.pycircuit_out/gates/20260906-issue39-closure-r3/agentic-circuit/toolchain/install/include/llvm/ExecutionEngine/Orc/JITLinkRedirectableSymbolManager.h
-- Installing: /Users/zhoubot/linx-isa/tools/pyCircuit/.pycircuit_out/gates/20260906-issue39-closure-r3/agentic-circuit/toolchain/install/include/llvm/ExecutionEngine/Orc/Core.h
-- Installing: /Users/zhoubot/linx-isa/tools/pyCircuit/.pycircuit_out/gates/20260906-issue39-closure-r3/agentic-circuit/toolchain/install/include/llvm/ExecutionEngine/Orc/InProcessMemoryAccess.h
-- Installing: /Users/zhoubot/linx-isa/tools/pyCircuit/.pycircuit_out/gates/20260906-issue39-closure-r3/agentic-circuit/toolchain/install/include/llvm/ExecutionEngine/Orc/SimpleRemoteEPC.h
-- Installing: /Users/zhoubot/linx-isa/tools/pyCircuit/.pycircuit_out/gates/20260906-issue39-closure-r3/agentic-circuit/toolchain/install/include/llvm/ExecutionEngine/Orc/LazyReexports.h
-- Installing: /Users/zhoubot/linx-isa/tools/pyCircuit/.pycircuit_out/gates/20260906-issue39-closure-r3/agentic-circuit/toolchain/install/include/llvm/ExecutionEngine/Orc/ExecutorProcessControl.h
-- Installing: /Users/zhoubot/linx-isa/tools/pyCircuit/.pycircuit_out/gates/20260906-issue39-closure-r3/agentic-circuit/toolchain/install/include/llvm/ExecutionEngine/Orc/CallSPSViaEPC.h
-- Installing: /Users/zhoubot/linx-isa/tools/pyCircuit/.pycircuit_out/gates/20260906-issue39-closure-r3/agentic-circuit/toolchain/install/include/llvm/ExecutionEngine/Orc/LinkGraphLayer.h
-- Installing: /Users/zhoubot/linx-isa/tools/pyCircuit/.pycircuit_out/gates/20260906-issue39-closure-r3/agentic-circuit/toolchain/install/include/llvm/ExecutionEngine/Orc/EPCGenericMemoryAccess.h
-- Installing: /Users/zhoubot/linx-isa/tools/pyCircuit/.pycircuit_out/gates/20260906-issue39-closure-r3/agentic-circuit/toolchain/install/include/llvm/ExecutionEngine/Orc/IndirectionUtils.h
-- Installing: /Users/zhoubot/linx-isa/tools/pyCircuit/.pycircuit_out/gates/20260906-issue39-closure-r3/agentic-circuit/toolchain/install/include/llvm/ExecutionEngine/Orc/SelfExecutorProcessControl.h
-- Installing: /Users/zhoubot/linx-isa/tools/pyCircuit/.pycircuit_out/gates/20260906-issue39-closure-r3/agentic-circuit/toolchain/install/include/llvm/ExecutionEngine/Orc/TaskDispatch.h
-- Installing: /Users/zhoubot/linx-isa/tools/pyCircuit/.pycircuit_out/gates/20260906-issue39-closure-r3/agentic-circuit/toolchain/install/include/llvm/ExecutionEngine/Orc/EPCGenericDylibManager.h
-- Installing: /Users/zhoubot/linx-isa/tools/pyCircuit/.pycircuit_out/gates/20260906-issue39-closure-r3/agentic-circuit/toolchain/install/include/llvm/ExecutionEngine/Orc/CallViaEPC.h
-- Installing: /Users/zhoubot/linx-isa/tools/pyCircuit/.pycircuit_out/gates/20260906-issue39-closure-r3/agentic-circuit/toolchain/install/include/llvm/ExecutionEngine/Orc/MaterializationUnit.h
-- Installing: /Users/zhoubot/linx-isa/tools/pyCircuit/.pycircuit_out/gates/20260906-issue39-closure-r3/agentic-circuit/toolchain/install/include/llvm/ExecutionEngine/Orc/MapperJITLinkMemoryManager.h
-- Installing: /Users/zhoubot/linx-isa/tools/pyCircuit/.pycircuit_out/gates/20260906-issue39-closure-r3/agentic-circuit/toolchain/install/include/llvm/ExecutionEngine/Orc/Layer.h
-- Installing: /Users/zhoubot/linx-isa/tools/pyCircuit/.pycircuit_out/gates/20260906-issue39-closure-r3/agentic-circuit/toolchain/install/include/llvm/ExecutionEngine/Orc/ReOptimizeLayer.h
-- Installing: /Users/zhoubot/linx-isa/tools/pyCircuit/.pycircuit_out/gates/20260906-issue39-closure-r3/agentic-circuit/toolchain/install/include/llvm/ExecutionEngine/Orc/LLJIT.h
-- Installing: /Users/zhoubot/linx-isa/tools/pyCircuit/.pycircuit_out/gates/20260906-issue39-closure-r3/agentic-circuit/toolchain/install/include/llvm/ExecutionEngine/Orc/EPCDynamicLibrarySearchGenerator.h
-- Installing: /Users/zhoubot/linx-isa/tools/pyCircuit/.pycircuit_out/gates/20260906-issue39-closure-r3/agentic-circuit/toolchain/install/include/llvm/ExecutionEngine/Orc/Debugging
-- Installing: /Users/zhoubot/linx-isa/tools/pyCircuit/.pycircuit_out/gates/20260906-issue39-closure-r3/agentic-circuit/toolchain/install/include/llvm/ExecutionEngine/Orc/Debugging/DebuggerSupportPlugin.h
-- Installing: /Users/zhoubot/linx-isa/tools/pyCircuit/.pycircuit_out/gates/20260906-issue39-closure-r3/agentic-circuit/toolchain/install/include/llvm/ExecutionEngine/Orc/Debugging/ELFDebugObjectPlugin.h
-- Installing: /Users/zhoubot/linx-isa/tools/pyCircuit/.pycircuit_out/gates/20260906-issue39-closure-r3/agentic-circuit/toolchain/install/include/llvm/ExecutionEngine/Orc/Debugging/PerfSupportPlugin.h
-- Installing: /Users/zhoubot/linx-isa/tools/pyCircuit/.pycircuit_out/gates/20260906-issue39-closure-r3/agentic-circuit/toolchain/install/include/llvm/ExecutionEngine/Orc/Debugging/DebugInfoSupport.h
-- Installing: /Users/zhoubot/linx-isa/tools/pyCircuit/.pycircuit_out/gates/20260906-issue39-closure-r3/agentic-circuit/toolchain/install/include/llvm/ExecutionEngine/Orc/Debugging/VTuneSupportPlugin.h
-- Installing: /Users/zhoubot/linx-isa/tools/pyCircuit/.pycircuit_out/gates/20260906-issue39-closure-r3/agentic-circuit/toolchain/install/include/llvm/ExecutionEngine/Orc/Debugging/DebuggerSupport.h
-- Installing: /Users/zhoubot/linx-isa/tools/pyCircuit/.pycircuit_out/gates/20260906-issue39-closure-r3/agentic-circuit/toolchain/install/include/llvm/ExecutionEngine/Orc/RedirectionManager.h
-- Installing: /Users/zhoubot/linx-isa/tools/pyCircuit/.pycircuit_out/gates/20260906-issue39-closure-r3/agentic-circuit/toolchain/install/include/llvm/ExecutionEngine/Orc/EPCIndirectionUtils.h
-- Installing: /Users/zhoubot/linx-isa/tools/pyCircuit/.pycircuit_out/gates/20260906-issue39-closure-r3/agentic-circuit/toolchain/install/include/llvm/ExecutionEngine/Orc/ObjectTransformLayer.h
-- Installing: /Users/zhoubot/linx-isa/tools/pyCircuit/.pycircuit_out/gates/20260906-issue39-closure-r3/agentic-circuit/toolchain/install/include/llvm/ExecutionEngine/Orc/LazyObjectLinkingLayer.h
-- Installing: /Users/zhoubot/linx-isa/tools/pyCircuit/.pycircuit_out/gates/20260906-issue39-closure-r3/agentic-circuit/toolchain/install/include/llvm/ExecutionEngine/Orc/Shared
-- Installing: /Users/zhoubot/linx-isa/tools/pyCircuit/.pycircuit_out/gates/20260906-issue39-closure-r3/agentic-circuit/toolchain/install/include/llvm/ExecutionEngine/Orc/Shared/TargetProcessControlTypes.h
-- Installing: /Users/zhoubot/linx-isa/tools/pyCircuit/.pycircuit_out/gates/20260906-issue39-closure-r3/agentic-circuit/toolchain/install/include/llvm/ExecutionEngine/Orc/Shared/AllocationActions.h
-- Installing: /Users/zhoubot/linx-isa/tools/pyCircuit/.pycircuit_out/gates/20260906-issue39-closure-r3/agentic-circuit/toolchain/install/include/llvm/ExecutionEngine/Orc/Shared/SimplePackedSerialization.h
-- Installing: /Users/zhoubot/linx-isa/tools/pyCircuit/.pycircuit_out/gates/20260906-issue39-closure-r3/agentic-circuit/toolchain/install/include/llvm/ExecutionEngine/Orc/Shared/VTuneSharedStructs.h
-- Installing: /Users/zhoubot/linx-isa/tools/pyCircuit/.pycircuit_out/gates/20260906-issue39-closure-r3/agentic-circuit/toolchain/install/include/llvm/ExecutionEngine/Orc/Shared/SymbolFilter.h
-- Installing: /Users/zhoubot/linx-isa/tools/pyCircuit/.pycircuit_out/gates/20260906-issue39-closure-r3/agentic-circuit/toolchain/install/include/llvm/ExecutionEngine/Orc/Shared/PerfSharedStructs.h
-- Installing: /Users/zhoubot/linx-isa/tools/pyCircuit/.pycircuit_out/gates/20260906-issue39-closure-r3/agentic-circuit/toolchain/install/include/llvm/ExecutionEngine/Orc/Shared/WrapperFunctionUtils.h
-- Installing: /Users/zhoubot/linx-isa/tools/pyCircuit/.pycircuit_out/gates/20260906-issue39-closure-r3/agentic-circuit/toolchain/install/include/llvm/ExecutionEngine/Orc/Shared/ExecutorAddress.h
-- Installing: /Users/zhoubot/linx-isa/tools/pyCircuit/.pycircuit_out/gates/20260906-issue39-closure-r3/agentic-circuit/toolchain/install/include/llvm/ExecutionEngine/Orc/Shared/OrcRTBridge.h
-- Installing: /Users/zhoubot/linx-isa/tools/pyCircuit/.pycircuit_out/gates/20260906-issue39-closure-r3/agentic-circuit/toolchain/install/include/llvm/ExecutionEngine/Orc/Shared/MemoryFlags.h
-- Installing: /Users/zhoubot/linx-isa/tools/pyCircuit/.pycircuit_out/gates/20260906-issue39-closure-r3/agentic-circuit/toolchain/install/include/llvm/ExecutionEngine/Orc/Shared/MachOObjectFormat.h
-- Installing: /Users/zhoubot/linx-isa/tools/pyCircuit/.pycircuit_out/gates/20260906-issue39-closure-r3/agentic-circuit/toolchain/install/include/llvm/ExecutionEngine/Orc/Shared/SimpleRemoteEPCUtils.h
-- Installing: /Users/zhoubot/linx-isa/tools/pyCircuit/.pycircuit_out/gates/20260906-issue39-closure-r3/agentic-circuit/toolchain/install/include/llvm/ExecutionEngine/Orc/Shared/ObjectFormats.h
-- Installing: /Users/zhoubot/linx-isa/tools/pyCircuit/.pycircuit_out/gates/20260906-issue39-closure-r3/agentic-circuit/toolchain/install/include/llvm/ExecutionEngine/Orc/Shared/ExecutorSymbolDef.h
-- Installing: /Users/zhoubot/linx-isa/tools/pyCircuit/.pycircuit_out/gates/20260906-issue39-closure-r3/agentic-circuit/toolchain/install/include/llvm/ExecutionEngine/Orc/Shared/OrcError.h
-- Installing: /Users/zhoubot/linx-isa/tools/pyCircuit/.pycircuit_out/gates/20260906-issue39-closure-r3/agentic-circuit/toolchain/install/include/llvm/ExecutionEngine/Orc/WaitingOnGraph.h
-- Installing: /Users/zhoubot/linx-isa/tools/pyCircuit/.pycircuit_out/gates/20260906-issue39-closure-r3/agentic-circuit/toolchain/install/include/llvm/ExecutionEngine/Orc/DebugUtils.h
-- Installing: /Users/zhoubot/linx-isa/tools/pyCircuit/.pycircuit_out/gates/20260906-issue39-closure-r3/agentic-circuit/toolchain/install/include/llvm/ExecutionEngine/Orc/MachOBuilder.h
-- Installing: /Users/zhoubot/linx-isa/tools/pyCircuit/.pycircuit_out/gates/20260906-issue39-closure-r3/agentic-circuit/toolchain/install/include/llvm/ExecutionEngine/Orc/AbsoluteSymbols.h
-- Installing: /Users/zhoubot/linx-isa/tools/pyCircuit/.pycircuit_out/gates/20260906-issue39-closure-r3/agentic-circuit/toolchain/install/include/llvm/ExecutionEngine/Orc/LookupAndRecordAddrs.h
-- Installing: /Users/zhoubot/linx-isa/tools/pyCircuit/.pycircuit_out/gates/20260906-issue39-closure-r3/agentic-circuit/toolchain/install/include/llvm/ExecutionEngine/Orc/EHFrameRegistrationPlugin.h
-- Installing: /Users/zhoubot/linx-isa/tools/pyCircuit/.pycircuit_out/gates/20260906-issue39-closure-r3/agentic-circuit/toolchain/install/include/llvm/ExecutionEngine/Orc/ExecutionUtils.h
-- Installing: /Users/zhoubot/linx-isa/tools/pyCircuit/.pycircuit_out/gates/20260906-issue39-closure-r3/agentic-circuit/toolchain/install/include/llvm/ExecutionEngine/Orc/SpeculateAnalyses.h
-- Installing: /Users/zhoubot/linx-isa/tools/pyCircuit/.pycircuit_out/gates/20260906-issue39-closure-r3/agentic-circuit/toolchain/install/include/llvm/ExecutionEngine/Orc/CompileUtils.h
-- Installing: /Users/zhoubot/linx-isa/tools/pyCircuit/.pycircuit_out/gates/20260906-issue39-closure-r3/agentic-circuit/toolchain/install/include/llvm/ExecutionEngine/Orc/CompileOnDemandLayer.h
-- Installing: /Users/zhoubot/linx-isa/tools/pyCircuit/.pycircuit_out/gates/20260906-issue39-closure-r3/agentic-circuit/toolchain/install/include/llvm/ExecutionEngine/Orc/MachOPlatform.h
-- Installing: /Users/zhoubot/linx-isa/tools/pyCircuit/.pycircuit_out/gates/20260906-issue39-closure-r3/agentic-circuit/toolchain/install/include/llvm/ExecutionEngine/Orc/UnwindInfoRegistrationPlugin.h
-- Installing: /Users/zhoubot/linx-isa/tools/pyCircuit/.pycircuit_out/gates/20260906-issue39-closure-r3/agentic-circuit/toolchain/install/include/llvm/ExecutionEngine/Orc/LinkGraphLinkingLayer.h
-- Installing: /Users/zhoubot/linx-isa/tools/pyCircuit/.pycircuit_out/gates/20260906-issue39-closure-r3/agentic-circuit/toolchain/install/include/llvm/ExecutionEngine/Orc/OrcABISupport.h
-- Installing: /Users/zhoubot/linx-isa/tools/pyCircuit/.pycircuit_out/gates/20260906-issue39-closure-r3/agentic-circuit/toolchain/install/include/llvm/ExecutionEngine/Orc/Speculation.h
-- Installing: /Users/zhoubot/linx-isa/tools/pyCircuit/.pycircuit_out/gates/20260906-issue39-closure-r3/agentic-circuit/toolchain/install/include/llvm/ExecutionEngine/Orc/DylibManager.h
-- Installing: /Users/zhoubot/linx-isa/tools/pyCircuit/.pycircuit_out/gates/20260906-issue39-closure-r3/agentic-circuit/toolchain/install/include/llvm/ExecutionEngine/Orc/Mangling.h
-- Installing: /Users/zhoubot/linx-isa/tools/pyCircuit/.pycircuit_out/gates/20260906-issue39-closure-r3/agentic-circuit/toolchain/install/include/llvm/ExecutionEngine/Orc/SimpleRemoteMemoryMapper.h
-- Installing: /Users/zhoubot/linx-isa/tools/pyCircuit/.pycircuit_out/gates/20260906-issue39-closure-r3/agentic-circuit/toolchain/install/include/llvm/ExecutionEngine/Orc/SectCreate.h
-- Installing: /Users/zhoubot/linx-isa/tools/pyCircuit/.pycircuit_out/gates/20260906-issue39-closure-r3/agentic-circuit/toolchain/install/include/llvm/ExecutionEngine/Orc/CoreContainers.h
-- Installing: /Users/zhoubot/linx-isa/tools/pyCircuit/.pycircuit_out/gates/20260906-issue39-closure-r3/agentic-circuit/toolchain/install/include/llvm/ExecutionEngine/Orc/MachO.h
-- Installing: /Users/zhoubot/linx-isa/tools/pyCircuit/.pycircuit_out/gates/20260906-issue39-closure-r3/agentic-circuit/toolchain/install/include/llvm/ExecutionEngine/Orc/MemoryAccess.h
-- Installing: /Users/zhoubot/linx-isa/tools/pyCircuit/.pycircuit_out/gates/20260906-issue39-closure-r3/agentic-circuit/toolchain/install/include/llvm/ExecutionEngine/Orc/SymbolStringPool.h
-- Installing: /Users/zhoubot/linx-isa/tools/pyCircuit/.pycircuit_out/gates/20260906-issue39-closure-r3/agentic-circuit/toolchain/install/include/llvm/ExecutionEngine/Orc/COFFPlatform.h
-- Installing: /Users/zhoubot/linx-isa/tools/pyCircuit/.pycircuit_out/gates/20260906-issue39-closure-r3/agentic-circuit/toolchain/install/include/llvm/ExecutionEngine/Orc/JITTargetMachineBuilder.h
-- Installing: /Users/zhoubot/linx-isa/tools/pyCircuit/.pycircuit_out/gates/20260906-issue39-closure-r3/agentic-circuit/toolchain/install/include/llvm/ExecutionEngine/Orc/COFF.h
-- Installing: /Users/zhoubot/linx-isa/tools/pyCircuit/.pycircuit_out/gates/20260906-issue39-closure-r3/agentic-circuit/toolchain/install/include/llvm/ExecutionEngine/Orc/EPCGenericRTDyldMemoryManager.h
-- Installing: /Users/zhoubot/linx-isa/tools/pyCircuit/.pycircuit_out/gates/20260906-issue39-closure-r3/agentic-circuit/toolchain/install/include/llvm/ExecutionEngine/Orc/EPCGenericJITLinkMemoryManager.h
-- Installing: /Users/zhoubot/linx-isa/tools/pyCircuit/.pycircuit_out/gates/20260906-issue39-closure-r3/agentic-circuit/toolchain/install/include/llvm/ExecutionEngine/Orc/COFFVCRuntimeSupport.h
-- Installing: /Users/zhoubot/linx-isa/tools/pyCircuit/.pycircuit_out/gates/20260906-issue39-closure-r3/agentic-circuit/toolchain/install/include/llvm/ExecutionEngine/Orc/LoadLinkableFile.h
-- Installing: /Users/zhoubot/linx-isa/tools/pyCircuit/.pycircuit_out/gates/20260906-issue39-closure-r3/agentic-circuit/toolchain/install/include/llvm/ExecutionEngine/Orc/TargetProcess
-- Installing: /Users/zhoubot/linx-isa/tools/pyCircuit/.pycircuit_out/gates/20260906-issue39-closure-r3/agentic-circuit/toolchain/install/include/llvm/ExecutionEngine/Orc/TargetProcess/ExecutorSharedMemoryMapperService.h
-- Installing: /Users/zhoubot/linx-isa/tools/pyCircuit/.pycircuit_out/gates/20260906-issue39-closure-r3/agentic-circuit/toolchain/install/include/llvm/ExecutionEngine/Orc/TargetProcess/LibraryResolver.h
-- Installing: /Users/zhoubot/linx-isa/tools/pyCircuit/.pycircuit_out/gates/20260906-issue39-closure-r3/agentic-circuit/toolchain/install/include/llvm/ExecutionEngine/Orc/TargetProcess/JITLoaderGDB.h
-- Installing: /Users/zhoubot/linx-isa/tools/pyCircuit/.pycircuit_out/gates/20260906-issue39-closure-r3/agentic-circuit/toolchain/install/include/llvm/ExecutionEngine/Orc/TargetProcess/DefaultHostBootstrapValues.h
-- Installing: /Users/zhoubot/linx-isa/tools/pyCircuit/.pycircuit_out/gates/20260906-issue39-closure-r3/agentic-circuit/toolchain/install/include/llvm/ExecutionEngine/Orc/TargetProcess/ExecutorBootstrapService.h
-- Installing: /Users/zhoubot/linx-isa/tools/pyCircuit/.pycircuit_out/gates/20260906-issue39-closure-r3/agentic-circuit/toolchain/install/include/llvm/ExecutionEngine/Orc/TargetProcess/LibraryScanner.h
-- Installing: /Users/zhoubot/linx-isa/tools/pyCircuit/.pycircuit_out/gates/20260906-issue39-closure-r3/agentic-circuit/toolchain/install/include/llvm/ExecutionEngine/Orc/TargetProcess/JITLoaderPerf.h
-- Installing: /Users/zhoubot/linx-isa/tools/pyCircuit/.pycircuit_out/gates/20260906-issue39-closure-r3/agentic-circuit/toolchain/install/include/llvm/ExecutionEngine/Orc/TargetProcess/SimpleExecutorMemoryManager.h
-- Installing: /Users/zhoubot/linx-isa/tools/pyCircuit/.pycircuit_out/gates/20260906-issue39-closure-r3/agentic-circuit/toolchain/install/include/llvm/ExecutionEngine/Orc/TargetProcess/RegisterEHFrames.h
-- Installing: /Users/zhoubot/linx-isa/tools/pyCircuit/.pycircuit_out/gates/20260906-issue39-closure-r3/agentic-circuit/toolchain/install/include/llvm/ExecutionEngine/Orc/TargetProcess/SimpleExecutorDylibManager.h
-- Installing: /Users/zhoubot/linx-isa/tools/pyCircuit/.pycircuit_out/gates/20260906-issue39-closure-r3/agentic-circuit/toolchain/install/include/llvm/ExecutionEngine/Orc/TargetProcess/UnwindInfoManager.h
-- Installing: /Users/zhoubot/linx-isa/tools/pyCircuit/.pycircuit_out/gates/20260906-issue39-closure-r3/agentic-circuit/toolchain/install/include/llvm/ExecutionEngine/Orc/TargetProcess/SimpleRemoteEPCServer.h
-- Installing: /Users/zhoubot/linx-isa/tools/pyCircuit/.pycircuit_out/gates/20260906-issue39-closure-r3/agentic-circuit/toolchain/install/include/llvm/ExecutionEngine/Orc/TargetProcess/JITLoaderVTune.h
-- Installing: /Users/zhoubot/linx-isa/tools/pyCircuit/.pycircuit_out/gates/20260906-issue39-closure-r3/agentic-circuit/toolchain/install/include/llvm/ExecutionEngine/Orc/TargetProcess/ExecutorResolver.h
-- Installing: /Users/zhoubot/linx-isa/tools/pyCircuit/.pycircuit_out/gates/20260906-issue39-closure-r3/agentic-circuit/toolchain/install/include/llvm/ExecutionEngine/Orc/TargetProcess/TargetExecutionUtils.h
-- Installing: /Users/zhoubot/linx-isa/tools/pyCircuit/.pycircuit_out/gates/20260906-issue39-closure-r3/agentic-circuit/toolchain/install/include/llvm/ExecutionEngine/Orc/IRPartitionLayer.h
-- Installing: /Users/zhoubot/linx-isa/tools/pyCircuit/.pycircuit_out/gates/20260906-issue39-closure-r3/agentic-circuit/toolchain/install/include/llvm/ExecutionEngine/Orc/ThreadSafeModule.h
-- Installing: /Users/zhoubot/linx-isa/tools/pyCircuit/.pycircuit_out/gates/20260906-issue39-closure-r3/agentic-circuit/toolchain/install/include/llvm/ExecutionEngine/Orc/ObjectFileInterface.h
-- Installing: /Users/zhoubot/linx-isa/tools/pyCircuit/.pycircuit_out/gates/20260906-issue39-closure-r3/agentic-circuit/toolchain/install/include/llvm/ExecutionEngine/Orc/ObjectLinkingLayer.h
-- Installing: /Users/zhoubot/linx-isa/tools/pyCircuit/.pycircuit_out/gates/20260906-issue39-closure-r3/agentic-circuit/toolchain/install/include/llvm/ExecutionEngine/Orc/ELFNixPlatform.h
-- Installing: /Users/zhoubot/linx-isa/tools/pyCircuit/.pycircuit_out/gates/20260906-issue39-closure-r3/agentic-circuit/toolchain/install/include/llvm/ExecutionEngine/MCJIT.h
-- Installing: /Users/zhoubot/linx-isa/tools/pyCircuit/.pycircuit_out/gates/20260906-issue39-closure-r3/agentic-circuit/toolchain/install/include/llvm/ExecutionEngine/SectionMemoryManager.h
-- Installing: /Users/zhoubot/linx-isa/tools/pyCircuit/.pycircuit_out/gates/20260906-issue39-closure-r3/agentic-circuit/toolchain/install/include/llvm/ExecutionEngine/GenericValue.h
-- Installing: /Users/zhoubot/linx-isa/tools/pyCircuit/.pycircuit_out/gates/20260906-issue39-closure-r3/agentic-circuit/toolchain/install/include/llvm/Testing
-- Installing: /Users/zhoubot/linx-isa/tools/pyCircuit/.pycircuit_out/gates/20260906-issue39-closure-r3/agentic-circuit/toolchain/install/include/llvm/Testing/ADT
-- Installing: /Users/zhoubot/linx-isa/tools/pyCircuit/.pycircuit_out/gates/20260906-issue39-closure-r3/agentic-circuit/toolchain/install/include/llvm/Testing/ADT/StringMapEntry.h
-- Installing: /Users/zhoubot/linx-isa/tools/pyCircuit/.pycircuit_out/gates/20260906-issue39-closure-r3/agentic-circuit/toolchain/install/include/llvm/Testing/ADT/StringMap.h
-- Installing: /Users/zhoubot/linx-isa/tools/pyCircuit/.pycircuit_out/gates/20260906-issue39-closure-r3/agentic-circuit/toolchain/install/include/llvm/Testing/Demangle
-- Installing: /Users/zhoubot/linx-isa/tools/pyCircuit/.pycircuit_out/gates/20260906-issue39-closure-r3/agentic-circuit/toolchain/install/include/llvm/Testing/Demangle/DemangleTestCases.inc
-- Installing: /Users/zhoubot/linx-isa/tools/pyCircuit/.pycircuit_out/gates/20260906-issue39-closure-r3/agentic-circuit/toolchain/install/include/llvm/Testing/Annotations
-- Installing: /Users/zhoubot/linx-isa/tools/pyCircuit/.pycircuit_out/gates/20260906-issue39-closure-r3/agentic-circuit/toolchain/install/include/llvm/Testing/Annotations/Annotations.h
-- Installing: /Users/zhoubot/linx-isa/tools/pyCircuit/.pycircuit_out/gates/20260906-issue39-closure-r3/agentic-circuit/toolchain/install/include/llvm/Testing/Support
-- Installing: /Users/zhoubot/linx-isa/tools/pyCircuit/.pycircuit_out/gates/20260906-issue39-closure-r3/agentic-circuit/toolchain/install/include/llvm/Testing/Support/Error.h
-- Installing: /Users/zhoubot/linx-isa/tools/pyCircuit/.pycircuit_out/gates/20260906-issue39-closure-r3/agentic-circuit/toolchain/install/include/llvm/Testing/Support/SupportHelpers.h
-- Installing: /Users/zhoubot/linx-isa/tools/pyCircuit/.pycircuit_out/gates/20260906-issue39-closure-r3/agentic-circuit/toolchain/install/include/llvm/LTO
-- Installing: /Users/zhoubot/linx-isa/tools/pyCircuit/.pycircuit_out/gates/20260906-issue39-closure-r3/agentic-circuit/toolchain/install/include/llvm/LTO/Config.h
-- Installing: /Users/zhoubot/linx-isa/tools/pyCircuit/.pycircuit_out/gates/20260906-issue39-closure-r3/agentic-circuit/toolchain/install/include/llvm/LTO/legacy
-- Installing: /Users/zhoubot/linx-isa/tools/pyCircuit/.pycircuit_out/gates/20260906-issue39-closure-r3/agentic-circuit/toolchain/install/include/llvm/LTO/legacy/UpdateCompilerUsed.h
-- Installing: /Users/zhoubot/linx-isa/tools/pyCircuit/.pycircuit_out/gates/20260906-issue39-closure-r3/agentic-circuit/toolchain/install/include/llvm/LTO/legacy/ThinLTOCodeGenerator.h
-- Installing: /Users/zhoubot/linx-isa/tools/pyCircuit/.pycircuit_out/gates/20260906-issue39-closure-r3/agentic-circuit/toolchain/install/include/llvm/LTO/legacy/LTOCodeGenerator.h
-- Installing: /Users/zhoubot/linx-isa/tools/pyCircuit/.pycircuit_out/gates/20260906-issue39-closure-r3/agentic-circuit/toolchain/install/include/llvm/LTO/legacy/LTOModule.h
-- Installing: /Users/zhoubot/linx-isa/tools/pyCircuit/.pycircuit_out/gates/20260906-issue39-closure-r3/agentic-circuit/toolchain/install/include/llvm/LTO/LTOBackend.h
-- Installing: /Users/zhoubot/linx-isa/tools/pyCircuit/.pycircuit_out/gates/20260906-issue39-closure-r3/agentic-circuit/toolchain/install/include/llvm/LTO/LTO.h
-- Installing: /Users/zhoubot/linx-isa/tools/pyCircuit/.pycircuit_out/gates/20260906-issue39-closure-r3/agentic-circuit/toolchain/install/include/llvm/IRPrinter
-- Installing: /Users/zhoubot/linx-isa/tools/pyCircuit/.pycircuit_out/gates/20260906-issue39-closure-r3/agentic-circuit/toolchain/install/include/llvm/IRPrinter/IRPrintingPasses.h
-- Installing: /Users/zhoubot/linx-isa/tools/pyCircuit/.pycircuit_out/gates/20260906-issue39-closure-r3/agentic-circuit/toolchain/install/include/llvm/DWP
-- Installing: /Users/zhoubot/linx-isa/tools/pyCircuit/.pycircuit_out/gates/20260906-issue39-closure-r3/agentic-circuit/toolchain/install/include/llvm/DWP/DWPStringPool.h
-- Installing: /Users/zhoubot/linx-isa/tools/pyCircuit/.pycircuit_out/gates/20260906-issue39-closure-r3/agentic-circuit/toolchain/install/include/llvm/DWP/DWP.h
-- Installing: /Users/zhoubot/linx-isa/tools/pyCircuit/.pycircuit_out/gates/20260906-issue39-closure-r3/agentic-circuit/toolchain/install/include/llvm/DWP/DWPError.h
-- Installing: /Users/zhoubot/linx-isa/tools/pyCircuit/.pycircuit_out/gates/20260906-issue39-closure-r3/agentic-circuit/toolchain/install/include/llvm/SandboxIR
-- Installing: /Users/zhoubot/linx-isa/tools/pyCircuit/.pycircuit_out/gates/20260906-issue39-closure-r3/agentic-circuit/toolchain/install/include/llvm/SandboxIR/Type.h
-- Installing: /Users/zhoubot/linx-isa/tools/pyCircuit/.pycircuit_out/gates/20260906-issue39-closure-r3/agentic-circuit/toolchain/install/include/llvm/SandboxIR/Utils.h
-- Installing: /Users/zhoubot/linx-isa/tools/pyCircuit/.pycircuit_out/gates/20260906-issue39-closure-r3/agentic-circuit/toolchain/install/include/llvm/SandboxIR/Argument.h
-- Installing: /Users/zhoubot/linx-isa/tools/pyCircuit/.pycircuit_out/gates/20260906-issue39-closure-r3/agentic-circuit/toolchain/install/include/llvm/SandboxIR/BasicBlock.h
-- Installing: /Users/zhoubot/linx-isa/tools/pyCircuit/.pycircuit_out/gates/20260906-issue39-closure-r3/agentic-circuit/toolchain/install/include/llvm/SandboxIR/Operator.h
-- Installing: /Users/zhoubot/linx-isa/tools/pyCircuit/.pycircuit_out/gates/20260906-issue39-closure-r3/agentic-circuit/toolchain/install/include/llvm/SandboxIR/Constant.h
-- Installing: /Users/zhoubot/linx-isa/tools/pyCircuit/.pycircuit_out/gates/20260906-issue39-closure-r3/agentic-circuit/toolchain/install/include/llvm/SandboxIR/Context.h
-- Installing: /Users/zhoubot/linx-isa/tools/pyCircuit/.pycircuit_out/gates/20260906-issue39-closure-r3/agentic-circuit/toolchain/install/include/llvm/SandboxIR/Value.h
-- Installing: /Users/zhoubot/linx-isa/tools/pyCircuit/.pycircuit_out/gates/20260906-issue39-closure-r3/agentic-circuit/toolchain/install/include/llvm/SandboxIR/Values.def
-- Installing: /Users/zhoubot/linx-isa/tools/pyCircuit/.pycircuit_out/gates/20260906-issue39-closure-r3/agentic-circuit/toolchain/install/include/llvm/SandboxIR/User.h
-- Installing: /Users/zhoubot/linx-isa/tools/pyCircuit/.pycircuit_out/gates/20260906-issue39-closure-r3/agentic-circuit/toolchain/install/include/llvm/SandboxIR/Pass.h
-- Installing: /Users/zhoubot/linx-isa/tools/pyCircuit/.pycircuit_out/gates/20260906-issue39-closure-r3/agentic-circuit/toolchain/install/include/llvm/SandboxIR/IntrinsicInst.h
-- Installing: /Users/zhoubot/linx-isa/tools/pyCircuit/.pycircuit_out/gates/20260906-issue39-closure-r3/agentic-circuit/toolchain/install/include/llvm/SandboxIR/Region.h
-- Installing: /Users/zhoubot/linx-isa/tools/pyCircuit/.pycircuit_out/gates/20260906-issue39-closure-r3/agentic-circuit/toolchain/install/include/llvm/SandboxIR/PassManager.h
-- Installing: /Users/zhoubot/linx-isa/tools/pyCircuit/.pycircuit_out/gates/20260906-issue39-closure-r3/agentic-circuit/toolchain/install/include/llvm/SandboxIR/Module.h
-- Installing: /Users/zhoubot/linx-isa/tools/pyCircuit/.pycircuit_out/gates/20260906-issue39-closure-r3/agentic-circuit/toolchain/install/include/llvm/SandboxIR/Instruction.h
-- Installing: /Users/zhoubot/linx-isa/tools/pyCircuit/.pycircuit_out/gates/20260906-issue39-closure-r3/agentic-circuit/toolchain/install/include/llvm/SandboxIR/Tracker.h
-- Installing: /Users/zhoubot/linx-isa/tools/pyCircuit/.pycircuit_out/gates/20260906-issue39-closure-r3/agentic-circuit/toolchain/install/include/llvm/SandboxIR/Use.h
-- Installing: /Users/zhoubot/linx-isa/tools/pyCircuit/.pycircuit_out/gates/20260906-issue39-closure-r3/agentic-circuit/toolchain/install/include/llvm/SandboxIR/Function.h
-- Installing: /Users/zhoubot/linx-isa/tools/pyCircuit/.pycircuit_out/gates/20260906-issue39-closure-r3/agentic-circuit/toolchain/install/include/llvm/Transforms
-- Installing: /Users/zhoubot/linx-isa/tools/pyCircuit/.pycircuit_out/gates/20260906-issue39-closure-r3/agentic-circuit/toolchain/install/include/llvm/Transforms/Utils.h
-- Installing: /Users/zhoubot/linx-isa/tools/pyCircuit/.pycircuit_out/gates/20260906-issue39-closure-r3/agentic-circuit/toolchain/install/include/llvm/Transforms/IPO
-- Installing: /Users/zhoubot/linx-isa/tools/pyCircuit/.pycircuit_out/gates/20260906-issue39-closure-r3/agentic-circuit/toolchain/install/include/llvm/Transforms/IPO/LoopExtractor.h
-- Installing: /Users/zhoubot/linx-isa/tools/pyCircuit/.pycircuit_out/gates/20260906-issue39-closure-r3/agentic-circuit/toolchain/install/include/llvm/Transforms/IPO/SampleProfileMatcher.h
-- Installing: /Users/zhoubot/linx-isa/tools/pyCircuit/.pycircuit_out/gates/20260906-issue39-closure-r3/agentic-circuit/toolchain/install/include/llvm/Transforms/IPO/GlobalDCE.h
-- Installing: /Users/zhoubot/linx-isa/tools/pyCircuit/.pycircuit_out/gates/20260906-issue39-closure-r3/agentic-circuit/toolchain/install/include/llvm/Transforms/IPO/MemProfContextDisambiguation.h
-- Installing: /Users/zhoubot/linx-isa/tools/pyCircuit/.pycircuit_out/gates/20260906-issue39-closure-r3/agentic-circuit/toolchain/install/include/llvm/Transforms/IPO/Annotation2Metadata.h
-- Installing: /Users/zhoubot/linx-isa/tools/pyCircuit/.pycircuit_out/gates/20260906-issue39-closure-r3/agentic-circuit/toolchain/install/include/llvm/Transforms/IPO/ProfiledCallGraph.h
-- Installing: /Users/zhoubot/linx-isa/tools/pyCircuit/.pycircuit_out/gates/20260906-issue39-closure-r3/agentic-circuit/toolchain/install/include/llvm/Transforms/IPO/SampleContextTracker.h
-- Installing: /Users/zhoubot/linx-isa/tools/pyCircuit/.pycircuit_out/gates/20260906-issue39-closure-r3/agentic-circuit/toolchain/install/include/llvm/Transforms/IPO/BlockExtractor.h
-- Installing: /Users/zhoubot/linx-isa/tools/pyCircuit/.pycircuit_out/gates/20260906-issue39-closure-r3/agentic-circuit/toolchain/install/include/llvm/Transforms/IPO/ThinLTOBitcodeWriter.h
-- Installing: /Users/zhoubot/linx-isa/tools/pyCircuit/.pycircuit_out/gates/20260906-issue39-closure-r3/agentic-circuit/toolchain/install/include/llvm/Transforms/IPO/ConstantMerge.h
-- Installing: /Users/zhoubot/linx-isa/tools/pyCircuit/.pycircuit_out/gates/20260906-issue39-closure-r3/agentic-circuit/toolchain/install/include/llvm/Transforms/IPO/GlobalSplit.h
-- Installing: /Users/zhoubot/linx-isa/tools/pyCircuit/.pycircuit_out/gates/20260906-issue39-closure-r3/agentic-circuit/toolchain/install/include/llvm/Transforms/IPO/ModuleInliner.h
-- Installing: /Users/zhoubot/linx-isa/tools/pyCircuit/.pycircuit_out/gates/20260906-issue39-closure-r3/agentic-circuit/toolchain/install/include/llvm/Transforms/IPO/FatLTOCleanup.h
-- Installing: /Users/zhoubot/linx-isa/tools/pyCircuit/.pycircuit_out/gates/20260906-issue39-closure-r3/agentic-circuit/toolchain/install/include/llvm/Transforms/IPO/FunctionSpecialization.h
-- Installing: /Users/zhoubot/linx-isa/tools/pyCircuit/.pycircuit_out/gates/20260906-issue39-closure-r3/agentic-circuit/toolchain/install/include/llvm/Transforms/IPO/ArgumentPromotion.h
-- Installing: /Users/zhoubot/linx-isa/tools/pyCircuit/.pycircuit_out/gates/20260906-issue39-closure-r3/agentic-circuit/toolchain/install/include/llvm/Transforms/IPO/DeadArgumentElimination.h
-- Installing: /Users/zhoubot/linx-isa/tools/pyCircuit/.pycircuit_out/gates/20260906-issue39-closure-r3/agentic-circuit/toolchain/install/include/llvm/Transforms/IPO/ExtractGV.h
-- Installing: /Users/zhoubot/linx-isa/tools/pyCircuit/.pycircuit_out/gates/20260906-issue39-closure-r3/agentic-circuit/toolchain/install/include/llvm/Transforms/IPO/LowerTypeTests.h
-- Installing: /Users/zhoubot/linx-isa/tools/pyCircuit/.pycircuit_out/gates/20260906-issue39-closure-r3/agentic-circuit/toolchain/install/include/llvm/Transforms/IPO/ElimAvailExtern.h
-- Installing: /Users/zhoubot/linx-isa/tools/pyCircuit/.pycircuit_out/gates/20260906-issue39-closure-r3/agentic-circuit/toolchain/install/include/llvm/Transforms/IPO/FunctionImport.h
-- Installing: /Users/zhoubot/linx-isa/tools/pyCircuit/.pycircuit_out/gates/20260906-issue39-closure-r3/agentic-circuit/toolchain/install/include/llvm/Transforms/IPO/PartialInlining.h
-- Installing: /Users/zhoubot/linx-isa/tools/pyCircuit/.pycircuit_out/gates/20260906-issue39-closure-r3/agentic-circuit/toolchain/install/include/llvm/Transforms/IPO/SampleProfile.h
-- Installing: /Users/zhoubot/linx-isa/tools/pyCircuit/.pycircuit_out/gates/20260906-issue39-closure-r3/agentic-circuit/toolchain/install/include/llvm/Transforms/IPO/Inliner.h
-- Installing: /Users/zhoubot/linx-isa/tools/pyCircuit/.pycircuit_out/gates/20260906-issue39-closure-r3/agentic-circuit/toolchain/install/include/llvm/Transforms/IPO/IROutliner.h
-- Installing: /Users/zhoubot/linx-isa/tools/pyCircuit/.pycircuit_out/gates/20260906-issue39-closure-r3/agentic-circuit/toolchain/install/include/llvm/Transforms/IPO/AlwaysInliner.h
-- Installing: /Users/zhoubot/linx-isa/tools/pyCircuit/.pycircuit_out/gates/20260906-issue39-closure-r3/agentic-circuit/toolchain/install/include/llvm/Transforms/IPO/SCCP.h
-- Installing: /Users/zhoubot/linx-isa/tools/pyCircuit/.pycircuit_out/gates/20260906-issue39-closure-r3/agentic-circuit/toolchain/install/include/llvm/Transforms/IPO/CrossDSOCFI.h
-- Installing: /Users/zhoubot/linx-isa/tools/pyCircuit/.pycircuit_out/gates/20260906-issue39-closure-r3/agentic-circuit/toolchain/install/include/llvm/Transforms/IPO/SampleProfileProbe.h
-- Installing: /Users/zhoubot/linx-isa/tools/pyCircuit/.pycircuit_out/gates/20260906-issue39-closure-r3/agentic-circuit/toolchain/install/include/llvm/Transforms/IPO/StripSymbols.h
-- Installing: /Users/zhoubot/linx-isa/tools/pyCircuit/.pycircuit_out/gates/20260906-issue39-closure-r3/agentic-circuit/toolchain/install/include/llvm/Transforms/IPO/OpenMPOpt.h
-- Installing: /Users/zhoubot/linx-isa/tools/pyCircuit/.pycircuit_out/gates/20260906-issue39-closure-r3/agentic-circuit/toolchain/install/include/llvm/Transforms/IPO/ForceFunctionAttrs.h
-- Installing: /Users/zhoubot/linx-isa/tools/pyCircuit/.pycircuit_out/gates/20260906-issue39-closure-r3/agentic-circuit/toolchain/install/include/llvm/Transforms/IPO/FunctionAttrs.h
-- Installing: /Users/zhoubot/linx-isa/tools/pyCircuit/.pycircuit_out/gates/20260906-issue39-closure-r3/agentic-circuit/toolchain/install/include/llvm/Transforms/IPO/MergeFunctions.h
-- Installing: /Users/zhoubot/linx-isa/tools/pyCircuit/.pycircuit_out/gates/20260906-issue39-closure-r3/agentic-circuit/toolchain/install/include/llvm/Transforms/IPO/Internalize.h
-- Installing: /Users/zhoubot/linx-isa/tools/pyCircuit/.pycircuit_out/gates/20260906-issue39-closure-r3/agentic-circuit/toolchain/install/include/llvm/Transforms/IPO/EmbedBitcodePass.h
-- Installing: /Users/zhoubot/linx-isa/tools/pyCircuit/.pycircuit_out/gates/20260906-issue39-closure-r3/agentic-circuit/toolchain/install/include/llvm/Transforms/IPO/InferFunctionAttrs.h
-- Installing: /Users/zhoubot/linx-isa/tools/pyCircuit/.pycircuit_out/gates/20260906-issue39-closure-r3/agentic-circuit/toolchain/install/include/llvm/Transforms/IPO/HotColdSplitting.h
-- Installing: /Users/zhoubot/linx-isa/tools/pyCircuit/.pycircuit_out/gates/20260906-issue39-closure-r3/agentic-circuit/toolchain/install/include/llvm/Transforms/IPO/ExpandVariadics.h
-- Installing: /Users/zhoubot/linx-isa/tools/pyCircuit/.pycircuit_out/gates/20260906-issue39-closure-r3/agentic-circuit/toolchain/install/include/llvm/Transforms/IPO/GlobalOpt.h
-- Installing: /Users/zhoubot/linx-isa/tools/pyCircuit/.pycircuit_out/gates/20260906-issue39-closure-r3/agentic-circuit/toolchain/install/include/llvm/Transforms/IPO/CalledValuePropagation.h
-- Installing: /Users/zhoubot/linx-isa/tools/pyCircuit/.pycircuit_out/gates/20260906-issue39-closure-r3/agentic-circuit/toolchain/install/include/llvm/Transforms/IPO/WholeProgramDevirt.h
-- Installing: /Users/zhoubot/linx-isa/tools/pyCircuit/.pycircuit_out/gates/20260906-issue39-closure-r3/agentic-circuit/toolchain/install/include/llvm/Transforms/IPO/Attributor.h
-- Installing: /Users/zhoubot/linx-isa/tools/pyCircuit/.pycircuit_out/gates/20260906-issue39-closure-r3/agentic-circuit/toolchain/install/include/llvm/Transforms/IPO/StripDeadPrototypes.h
-- Installing: /Users/zhoubot/linx-isa/tools/pyCircuit/.pycircuit_out/gates/20260906-issue39-closure-r3/agentic-circuit/toolchain/install/include/llvm/Transforms/InstCombine
-- Installing: /Users/zhoubot/linx-isa/tools/pyCircuit/.pycircuit_out/gates/20260906-issue39-closure-r3/agentic-circuit/toolchain/install/include/llvm/Transforms/InstCombine/InstCombine.h
-- Installing: /Users/zhoubot/linx-isa/tools/pyCircuit/.pycircuit_out/gates/20260906-issue39-closure-r3/agentic-circuit/toolchain/install/include/llvm/Transforms/InstCombine/InstCombiner.h
-- Installing: /Users/zhoubot/linx-isa/tools/pyCircuit/.pycircuit_out/gates/20260906-issue39-closure-r3/agentic-circuit/toolchain/install/include/llvm/Transforms/ObjCARC.h
-- Installing: /Users/zhoubot/linx-isa/tools/pyCircuit/.pycircuit_out/gates/20260906-issue39-closure-r3/agentic-circuit/toolchain/install/include/llvm/Transforms/Utils
-- Installing: /Users/zhoubot/linx-isa/tools/pyCircuit/.pycircuit_out/gates/20260906-issue39-closure-r3/agentic-circuit/toolchain/install/include/llvm/Transforms/Utils/SSAUpdaterBulk.h
-- Installing: /Users/zhoubot/linx-isa/tools/pyCircuit/.pycircuit_out/gates/20260906-issue39-closure-r3/agentic-circuit/toolchain/install/include/llvm/Transforms/Utils/Debugify.h
-- Installing: /Users/zhoubot/linx-isa/tools/pyCircuit/.pycircuit_out/gates/20260906-issue39-closure-r3/agentic-circuit/toolchain/install/include/llvm/Transforms/Utils/LockstepReverseIterator.h
-- Installing: /Users/zhoubot/linx-isa/tools/pyCircuit/.pycircuit_out/gates/20260906-issue39-closure-r3/agentic-circuit/toolchain/install/include/llvm/Transforms/Utils/ExtraPassManager.h
-- Installing: /Users/zhoubot/linx-isa/tools/pyCircuit/.pycircuit_out/gates/20260906-issue39-closure-r3/agentic-circuit/toolchain/install/include/llvm/Transforms/Utils/SampleProfileLoaderBaseUtil.h
-- Installing: /Users/zhoubot/linx-isa/tools/pyCircuit/.pycircuit_out/gates/20260906-issue39-closure-r3/agentic-circuit/toolchain/install/include/llvm/Transforms/Utils/Cloning.h
-- Installing: /Users/zhoubot/linx-isa/tools/pyCircuit/.pycircuit_out/gates/20260906-issue39-closure-r3/agentic-circuit/toolchain/install/include/llvm/Transforms/Utils/Evaluator.h
-- Installing: /Users/zhoubot/linx-isa/tools/pyCircuit/.pycircuit_out/gates/20260906-issue39-closure-r3/agentic-circuit/toolchain/install/include/llvm/Transforms/Utils/LoopRotationUtils.h
-- Installing: /Users/zhoubot/linx-isa/tools/pyCircuit/.pycircuit_out/gates/20260906-issue39-closure-r3/agentic-circuit/toolchain/install/include/llvm/Transforms/Utils/MemoryOpRemark.h
-- Installing: /Users/zhoubot/linx-isa/tools/pyCircuit/.pycircuit_out/gates/20260906-issue39-closure-r3/agentic-circuit/toolchain/install/include/llvm/Transforms/Utils/SplitModule.h
-- Installing: /Users/zhoubot/linx-isa/tools/pyCircuit/.pycircuit_out/gates/20260906-issue39-closure-r3/agentic-circuit/toolchain/install/include/llvm/Transforms/Utils/CodeMoverUtils.h
-- Installing: /Users/zhoubot/linx-isa/tools/pyCircuit/.pycircuit_out/gates/20260906-issue39-closure-r3/agentic-circuit/toolchain/install/include/llvm/Transforms/Utils/UnrollLoop.h
-- Installing: /Users/zhoubot/linx-isa/tools/pyCircuit/.pycircuit_out/gates/20260906-issue39-closure-r3/agentic-circuit/toolchain/install/include/llvm/Transforms/Utils/LoopSimplify.h
-- Installing: /Users/zhoubot/linx-isa/tools/pyCircuit/.pycircuit_out/gates/20260906-issue39-closure-r3/agentic-circuit/toolchain/install/include/llvm/Transforms/Utils/MoveAutoInit.h
-- Installing: /Users/zhoubot/linx-isa/tools/pyCircuit/.pycircuit_out/gates/20260906-issue39-closure-r3/agentic-circuit/toolchain/install/include/llvm/Transforms/Utils/CallGraphUpdater.h
-- Installing: /Users/zhoubot/linx-isa/tools/pyCircuit/.pycircuit_out/gates/20260906-issue39-closure-r3/agentic-circuit/toolchain/install/include/llvm/Transforms/Utils/InstructionNamer.h
-- Installing: /Users/zhoubot/linx-isa/tools/pyCircuit/.pycircuit_out/gates/20260906-issue39-closure-r3/agentic-circuit/toolchain/install/include/llvm/Transforms/Utils/GlobalStatus.h
-- Installing: /Users/zhoubot/linx-isa/tools/pyCircuit/.pycircuit_out/gates/20260906-issue39-closure-r3/agentic-circuit/toolchain/install/include/llvm/Transforms/Utils/SymbolRewriter.h
-- Installing: /Users/zhoubot/linx-isa/tools/pyCircuit/.pycircuit_out/gates/20260906-issue39-closure-r3/agentic-circuit/toolchain/install/include/llvm/Transforms/Utils/SimplifyLibCalls.h
-- Installing: /Users/zhoubot/linx-isa/tools/pyCircuit/.pycircuit_out/gates/20260906-issue39-closure-r3/agentic-circuit/toolchain/install/include/llvm/Transforms/Utils/HelloWorld.h
-- Installing: /Users/zhoubot/linx-isa/tools/pyCircuit/.pycircuit_out/gates/20260906-issue39-closure-r3/agentic-circuit/toolchain/install/include/llvm/Transforms/Utils/SSAUpdater.h
-- Installing: /Users/zhoubot/linx-isa/tools/pyCircuit/.pycircuit_out/gates/20260906-issue39-closure-r3/agentic-circuit/toolchain/install/include/llvm/Transforms/Utils/EntryExitInstrumenter.h
-- Installing: /Users/zhoubot/linx-isa/tools/pyCircuit/.pycircuit_out/gates/20260906-issue39-closure-r3/agentic-circuit/toolchain/install/include/llvm/Transforms/Utils/BreakCriticalEdges.h
-- Installing: /Users/zhoubot/linx-isa/tools/pyCircuit/.pycircuit_out/gates/20260906-issue39-closure-r3/agentic-circuit/toolchain/install/include/llvm/Transforms/Utils/MetaRenamer.h
-- Installing: /Users/zhoubot/linx-isa/tools/pyCircuit/.pycircuit_out/gates/20260906-issue39-closure-r3/agentic-circuit/toolchain/install/include/llvm/Transforms/Utils/AssumeBundleBuilder.h
-- Installing: /Users/zhoubot/linx-isa/tools/pyCircuit/.pycircuit_out/gates/20260906-issue39-closure-r3/agentic-circuit/toolchain/install/include/llvm/Transforms/Utils/BasicBlockUtils.h
-- Installing: /Users/zhoubot/linx-isa/tools/pyCircuit/.pycircuit_out/gates/20260906-issue39-closure-r3/agentic-circuit/toolchain/install/include/llvm/Transforms/Utils/SanitizerStats.h
-- Installing: /Users/zhoubot/linx-isa/tools/pyCircuit/.pycircuit_out/gates/20260906-issue39-closure-r3/agentic-circuit/toolchain/install/include/llvm/Transforms/Utils/EscapeEnumerator.h
-- Installing: /Users/zhoubot/linx-isa/tools/pyCircuit/.pycircuit_out/gates/20260906-issue39-closure-r3/agentic-circuit/toolchain/install/include/llvm/Transforms/Utils/ProfileVerify.h
-- Installing: /Users/zhoubot/linx-isa/tools/pyCircuit/.pycircuit_out/gates/20260906-issue39-closure-r3/agentic-circuit/toolchain/install/include/llvm/Transforms/Utils/DebugSSAUpdater.h
-- Installing: /Users/zhoubot/linx-isa/tools/pyCircuit/.pycircuit_out/gates/20260906-issue39-closure-r3/agentic-circuit/toolchain/install/include/llvm/Transforms/Utils/SampleProfileLoaderBaseImpl.h
-- Installing: /Users/zhoubot/linx-isa/tools/pyCircuit/.pycircuit_out/gates/20260906-issue39-closure-r3/agentic-circuit/toolchain/install/include/llvm/Transforms/Utils/FunctionComparator.h
-- Installing: /Users/zhoubot/linx-isa/tools/pyCircuit/.pycircuit_out/gates/20260906-issue39-closure-r3/agentic-circuit/toolchain/install/include/llvm/Transforms/Utils/SimplifyIndVar.h
-- Installing: /Users/zhoubot/linx-isa/tools/pyCircuit/.pycircuit_out/gates/20260906-issue39-closure-r3/agentic-circuit/toolchain/install/include/llvm/Transforms/Utils/UnifyLoopExits.h
-- Installing: /Users/zhoubot/linx-isa/tools/pyCircuit/.pycircuit_out/gates/20260906-issue39-closure-r3/agentic-circuit/toolchain/install/include/llvm/Transforms/Utils/CanonicalizeAliases.h
-- Installing: /Users/zhoubot/linx-isa/tools/pyCircuit/.pycircuit_out/gates/20260906-issue39-closure-r3/agentic-circuit/toolchain/install/include/llvm/Transforms/Utils/AMDGPUEmitPrintf.h
-- Installing: /Users/zhoubot/linx-isa/tools/pyCircuit/.pycircuit_out/gates/20260906-issue39-closure-r3/agentic-circuit/toolchain/install/include/llvm/Transforms/Utils/AddDiscriminators.h
-- Installing: /Users/zhoubot/linx-isa/tools/pyCircuit/.pycircuit_out/gates/20260906-issue39-closure-r3/agentic-circuit/toolchain/install/include/llvm/Transforms/Utils/MemoryTaggingSupport.h
-- Installing: /Users/zhoubot/linx-isa/tools/pyCircuit/.pycircuit_out/gates/20260906-issue39-closure-r3/agentic-circuit/toolchain/install/include/llvm/Transforms/Utils/FixIrreducible.h
-- Installing: /Users/zhoubot/linx-isa/tools/pyCircuit/.pycircuit_out/gates/20260906-issue39-closure-r3/agentic-circuit/toolchain/install/include/llvm/Transforms/Utils/CountVisits.h
-- Installing: /Users/zhoubot/linx-isa/tools/pyCircuit/.pycircuit_out/gates/20260906-issue39-closure-r3/agentic-circuit/toolchain/install/include/llvm/Transforms/Utils/SimplifyCFGOptions.h
-- Installing: /Users/zhoubot/linx-isa/tools/pyCircuit/.pycircuit_out/gates/20260906-issue39-closure-r3/agentic-circuit/toolchain/install/include/llvm/Transforms/Utils/Mem2Reg.h
-- Installing: /Users/zhoubot/linx-isa/tools/pyCircuit/.pycircuit_out/gates/20260906-issue39-closure-r3/agentic-circuit/toolchain/install/include/llvm/Transforms/Utils/LoopVersioning.h
-- Installing: /Users/zhoubot/linx-isa/tools/pyCircuit/.pycircuit_out/gates/20260906-issue39-closure-r3/agentic-circuit/toolchain/install/include/llvm/Transforms/Utils/CanonicalizeFreezeInLoops.h
-- Installing: /Users/zhoubot/linx-isa/tools/pyCircuit/.pycircuit_out/gates/20260906-issue39-closure-r3/agentic-circuit/toolchain/install/include/llvm/Transforms/Utils/ValueMapper.h
-- Installing: /Users/zhoubot/linx-isa/tools/pyCircuit/.pycircuit_out/gates/20260906-issue39-closure-r3/agentic-circuit/toolchain/install/include/llvm/Transforms/Utils/PromoteMemToReg.h
-- Installing: /Users/zhoubot/linx-isa/tools/pyCircuit/.pycircuit_out/gates/20260906-issue39-closure-r3/agentic-circuit/toolchain/install/include/llvm/Transforms/Utils/LowerVectorIntrinsics.h
-- Installing: /Users/zhoubot/linx-isa/tools/pyCircuit/.pycircuit_out/gates/20260906-issue39-closure-r3/agentic-circuit/toolchain/install/include/llvm/Transforms/Utils/PredicateInfo.h
-- Installing: /Users/zhoubot/linx-isa/tools/pyCircuit/.pycircuit_out/gates/20260906-issue39-closure-r3/agentic-circuit/toolchain/install/include/llvm/Transforms/Utils/UnifyFunctionExitNodes.h
-- Installing: /Users/zhoubot/linx-isa/tools/pyCircuit/.pycircuit_out/gates/20260906-issue39-closure-r3/agentic-circuit/toolchain/install/include/llvm/Transforms/Utils/CodeExtractor.h
-- Installing: /Users/zhoubot/linx-isa/tools/pyCircuit/.pycircuit_out/gates/20260906-issue39-closure-r3/agentic-circuit/toolchain/install/include/llvm/Transforms/Utils/StripNonLineTableDebugInfo.h
-- Installing: /Users/zhoubot/linx-isa/tools/pyCircuit/.pycircuit_out/gates/20260906-issue39-closure-r3/agentic-circuit/toolchain/install/include/llvm/Transforms/Utils/LowerAtomic.h
-- Installing: /Users/zhoubot/linx-isa/tools/pyCircuit/.pycircuit_out/gates/20260906-issue39-closure-r3/agentic-circuit/toolchain/install/include/llvm/Transforms/Utils/LibCallsShrinkWrap.h
-- Installing: /Users/zhoubot/linx-isa/tools/pyCircuit/.pycircuit_out/gates/20260906-issue39-closure-r3/agentic-circuit/toolchain/install/include/llvm/Transforms/Utils/InstructionWorklist.h
-- Installing: /Users/zhoubot/linx-isa/tools/pyCircuit/.pycircuit_out/gates/20260906-issue39-closure-r3/agentic-circuit/toolchain/install/include/llvm/Transforms/Utils/StripGCRelocates.h
-- Installing: /Users/zhoubot/linx-isa/tools/pyCircuit/.pycircuit_out/gates/20260906-issue39-closure-r3/agentic-circuit/toolchain/install/include/llvm/Transforms/Utils/MisExpect.h
-- Installing: /Users/zhoubot/linx-isa/tools/pyCircuit/.pycircuit_out/gates/20260906-issue39-closure-r3/agentic-circuit/toolchain/install/include/llvm/Transforms/Utils/BuildLibCalls.h
-- Installing: /Users/zhoubot/linx-isa/tools/pyCircuit/.pycircuit_out/gates/20260906-issue39-closure-r3/agentic-circuit/toolchain/install/include/llvm/Transforms/Utils/MatrixUtils.h
-- Installing: /Users/zhoubot/linx-isa/tools/pyCircuit/.pycircuit_out/gates/20260906-issue39-closure-r3/agentic-circuit/toolchain/install/include/llvm/Transforms/Utils/LongestCommonSequence.h
-- Installing: /Users/zhoubot/linx-isa/tools/pyCircuit/.pycircuit_out/gates/20260906-issue39-closure-r3/agentic-circuit/toolchain/install/include/llvm/Transforms/Utils/CallPromotionUtils.h
-- Installing: /Users/zhoubot/linx-isa/tools/pyCircuit/.pycircuit_out/gates/20260906-issue39-closure-r3/agentic-circuit/toolchain/install/include/llvm/Transforms/Utils/CtorUtils.h
-- Installing: /Users/zhoubot/linx-isa/tools/pyCircuit/.pycircuit_out/gates/20260906-issue39-closure-r3/agentic-circuit/toolchain/install/include/llvm/Transforms/Utils/Instrumentation.h
-- Installing: /Users/zhoubot/linx-isa/tools/pyCircuit/.pycircuit_out/gates/20260906-issue39-closure-r3/agentic-circuit/toolchain/install/include/llvm/Transforms/Utils/SampleProfileInference.h
-- Installing: /Users/zhoubot/linx-isa/tools/pyCircuit/.pycircuit_out/gates/20260906-issue39-closure-r3/agentic-circuit/toolchain/install/include/llvm/Transforms/Utils/SplitModuleByCategory.h
-- Installing: /Users/zhoubot/linx-isa/tools/pyCircuit/.pycircuit_out/gates/20260906-issue39-closure-r3/agentic-circuit/toolchain/install/include/llvm/Transforms/Utils/LowerGlobalDtors.h
-- Installing: /Users/zhoubot/linx-isa/tools/pyCircuit/.pycircuit_out/gates/20260906-issue39-closure-r3/agentic-circuit/toolchain/install/include/llvm/Transforms/Utils/LoopPeel.h
-- Installing: /Users/zhoubot/linx-isa/tools/pyCircuit/.pycircuit_out/gates/20260906-issue39-closure-r3/agentic-circuit/toolchain/install/include/llvm/Transforms/Utils/ScalarEvolutionExpander.h
-- Installing: /Users/zhoubot/linx-isa/tools/pyCircuit/.pycircuit_out/gates/20260906-issue39-closure-r3/agentic-circuit/toolchain/install/include/llvm/Transforms/Utils/LowerSwitch.h
-- Installing: /Users/zhoubot/linx-isa/tools/pyCircuit/.pycircuit_out/gates/20260906-issue39-closure-r3/agentic-circuit/toolchain/install/include/llvm/Transforms/Utils/IntegerDivision.h
-- Installing: /Users/zhoubot/linx-isa/tools/pyCircuit/.pycircuit_out/gates/20260906-issue39-closure-r3/agentic-circuit/toolchain/install/include/llvm/Transforms/Utils/SSAUpdaterImpl.h
-- Installing: /Users/zhoubot/linx-isa/tools/pyCircuit/.pycircuit_out/gates/20260906-issue39-closure-r3/agentic-circuit/toolchain/install/include/llvm/Transforms/Utils/LowerIFunc.h
-- Installing: /Users/zhoubot/linx-isa/tools/pyCircuit/.pycircuit_out/gates/20260906-issue39-closure-r3/agentic-circuit/toolchain/install/include/llvm/Transforms/Utils/IRNormalizer.h
-- Installing: /Users/zhoubot/linx-isa/tools/pyCircuit/.pycircuit_out/gates/20260906-issue39-closure-r3/agentic-circuit/toolchain/install/include/llvm/Transforms/Utils/SizeOpts.h
-- Installing: /Users/zhoubot/linx-isa/tools/pyCircuit/.pycircuit_out/gates/20260906-issue39-closure-r3/agentic-circuit/toolchain/install/include/llvm/Transforms/Utils/DXILUpgrade.h
-- Installing: /Users/zhoubot/linx-isa/tools/pyCircuit/.pycircuit_out/gates/20260906-issue39-closure-r3/agentic-circuit/toolchain/install/include/llvm/Transforms/Utils/VNCoercion.h
-- Installing: /Users/zhoubot/linx-isa/tools/pyCircuit/.pycircuit_out/gates/20260906-issue39-closure-r3/agentic-circuit/toolchain/install/include/llvm/Transforms/Utils/RelLookupTableConverter.h
-- Installing: /Users/zhoubot/linx-isa/tools/pyCircuit/.pycircuit_out/gates/20260906-issue39-closure-r3/agentic-circuit/toolchain/install/include/llvm/Transforms/Utils/Local.h
-- Installing: /Users/zhoubot/linx-isa/tools/pyCircuit/.pycircuit_out/gates/20260906-issue39-closure-r3/agentic-circuit/toolchain/install/include/llvm/Transforms/Utils/ModuleUtils.h
-- Installing: /Users/zhoubot/linx-isa/tools/pyCircuit/.pycircuit_out/gates/20260906-issue39-closure-r3/agentic-circuit/toolchain/install/include/llvm/Transforms/Utils/ControlFlowUtils.h
-- Installing: /Users/zhoubot/linx-isa/tools/pyCircuit/.pycircuit_out/gates/20260906-issue39-closure-r3/agentic-circuit/toolchain/install/include/llvm/Transforms/Utils/DeclareRuntimeLibcalls.h
-- Installing: /Users/zhoubot/linx-isa/tools/pyCircuit/.pycircuit_out/gates/20260906-issue39-closure-r3/agentic-circuit/toolchain/install/include/llvm/Transforms/Utils/ASanStackFrameLayout.h
-- Installing: /Users/zhoubot/linx-isa/tools/pyCircuit/.pycircuit_out/gates/20260906-issue39-closure-r3/agentic-circuit/toolchain/install/include/llvm/Transforms/Utils/LowerInvoke.h
-- Installing: /Users/zhoubot/linx-isa/tools/pyCircuit/.pycircuit_out/gates/20260906-issue39-closure-r3/agentic-circuit/toolchain/install/include/llvm/Transforms/Utils/FunctionImportUtils.h
-- Installing: /Users/zhoubot/linx-isa/tools/pyCircuit/.pycircuit_out/gates/20260906-issue39-closure-r3/agentic-circuit/toolchain/install/include/llvm/Transforms/Utils/NameAnonGlobals.h
-- Installing: /Users/zhoubot/linx-isa/tools/pyCircuit/.pycircuit_out/gates/20260906-issue39-closure-r3/agentic-circuit/toolchain/install/include/llvm/Transforms/Utils/InjectTLIMappings.h
-- Installing: /Users/zhoubot/linx-isa/tools/pyCircuit/.pycircuit_out/gates/20260906-issue39-closure-r3/agentic-circuit/toolchain/install/include/llvm/Transforms/Utils/GuardUtils.h
-- Installing: /Users/zhoubot/linx-isa/tools/pyCircuit/.pycircuit_out/gates/20260906-issue39-closure-r3/agentic-circuit/toolchain/install/include/llvm/Transforms/Utils/LoopUtils.h
-- Installing: /Users/zhoubot/linx-isa/tools/pyCircuit/.pycircuit_out/gates/20260906-issue39-closure-r3/agentic-circuit/toolchain/install/include/llvm/Transforms/Utils/LowerMemIntrinsics.h
-- Installing: /Users/zhoubot/linx-isa/tools/pyCircuit/.pycircuit_out/gates/20260906-issue39-closure-r3/agentic-circuit/toolchain/install/include/llvm/Transforms/Utils/LCSSA.h
-- Installing: /Users/zhoubot/linx-isa/tools/pyCircuit/.pycircuit_out/gates/20260906-issue39-closure-r3/agentic-circuit/toolchain/install/include/llvm/Transforms/Utils/BypassSlowDivision.h
-- Installing: /Users/zhoubot/linx-isa/tools/pyCircuit/.pycircuit_out/gates/20260906-issue39-closure-r3/agentic-circuit/toolchain/install/include/llvm/Transforms/Utils/CodeLayout.h
-- Installing: /Users/zhoubot/linx-isa/tools/pyCircuit/.pycircuit_out/gates/20260906-issue39-closure-r3/agentic-circuit/toolchain/install/include/llvm/Transforms/Utils/LoopConstrainer.h
-- Installing: /Users/zhoubot/linx-isa/tools/pyCircuit/.pycircuit_out/gates/20260906-issue39-closure-r3/agentic-circuit/toolchain/install/include/llvm/Transforms/Utils/SCCPSolver.h
-- Installing: /Users/zhoubot/linx-isa/tools/pyCircuit/.pycircuit_out/gates/20260906-issue39-closure-r3/agentic-circuit/toolchain/install/include/llvm/Transforms/Scalar.h
-- Installing: /Users/zhoubot/linx-isa/tools/pyCircuit/.pycircuit_out/gates/20260906-issue39-closure-r3/agentic-circuit/toolchain/install/include/llvm/Transforms/AggressiveInstCombine
-- Installing: /Users/zhoubot/linx-isa/tools/pyCircuit/.pycircuit_out/gates/20260906-issue39-closure-r3/agentic-circuit/toolchain/install/include/llvm/Transforms/AggressiveInstCombine/AggressiveInstCombine.h
-- Installing: /Users/zhoubot/linx-isa/tools/pyCircuit/.pycircuit_out/gates/20260906-issue39-closure-r3/agentic-circuit/toolchain/install/include/llvm/Transforms/Instrumentation
-- Installing: /Users/zhoubot/linx-isa/tools/pyCircuit/.pycircuit_out/gates/20260906-issue39-closure-r3/agentic-circuit/toolchain/install/include/llvm/Transforms/Instrumentation/PGOCtxProfLowering.h
-- Installing: /Users/zhoubot/linx-isa/tools/pyCircuit/.pycircuit_out/gates/20260906-issue39-closure-r3/agentic-circuit/toolchain/install/include/llvm/Transforms/Instrumentation/ControlHeightReduction.h
-- Installing: /Users/zhoubot/linx-isa/tools/pyCircuit/.pycircuit_out/gates/20260906-issue39-closure-r3/agentic-circuit/toolchain/install/include/llvm/Transforms/Instrumentation/PGOCtxProfFlattening.h
-- Installing: /Users/zhoubot/linx-isa/tools/pyCircuit/.pycircuit_out/gates/20260906-issue39-closure-r3/agentic-circuit/toolchain/install/include/llvm/Transforms/Instrumentation/NumericalStabilitySanitizer.h
-- Installing: /Users/zhoubot/linx-isa/tools/pyCircuit/.pycircuit_out/gates/20260906-issue39-closure-r3/agentic-circuit/toolchain/install/include/llvm/Transforms/Instrumentation/AllocToken.h
-- Installing: /Users/zhoubot/linx-isa/tools/pyCircuit/.pycircuit_out/gates/20260906-issue39-closure-r3/agentic-circuit/toolchain/install/include/llvm/Transforms/Instrumentation/PGOForceFunctionAttrs.h
-- Installing: /Users/zhoubot/linx-isa/tools/pyCircuit/.pycircuit_out/gates/20260906-issue39-closure-r3/agentic-circuit/toolchain/install/include/llvm/Transforms/Instrumentation/MemProfInstrumentation.h
-- Installing: /Users/zhoubot/linx-isa/tools/pyCircuit/.pycircuit_out/gates/20260906-issue39-closure-r3/agentic-circuit/toolchain/install/include/llvm/Transforms/Instrumentation/LowerAllowCheckPass.h
-- Installing: /Users/zhoubot/linx-isa/tools/pyCircuit/.pycircuit_out/gates/20260906-issue39-closure-r3/agentic-circuit/toolchain/install/include/llvm/Transforms/Instrumentation/SanitizerCoverage.h
-- Installing: /Users/zhoubot/linx-isa/tools/pyCircuit/.pycircuit_out/gates/20260906-issue39-closure-r3/agentic-circuit/toolchain/install/include/llvm/Transforms/Instrumentation/HWAddressSanitizer.h
-- Installing: /Users/zhoubot/linx-isa/tools/pyCircuit/.pycircuit_out/gates/20260906-issue39-closure-r3/agentic-circuit/toolchain/install/include/llvm/Transforms/Instrumentation/RealtimeSanitizer.h
-- Installing: /Users/zhoubot/linx-isa/tools/pyCircuit/.pycircuit_out/gates/20260906-issue39-closure-r3/agentic-circuit/toolchain/install/include/llvm/Transforms/Instrumentation/GCOVProfiler.h
-- Installing: /Users/zhoubot/linx-isa/tools/pyCircuit/.pycircuit_out/gates/20260906-issue39-closure-r3/agentic-circuit/toolchain/install/include/llvm/Transforms/Instrumentation/DataFlowSanitizer.h
-- Installing: /Users/zhoubot/linx-isa/tools/pyCircuit/.pycircuit_out/gates/20260906-issue39-closure-r3/agentic-circuit/toolchain/install/include/llvm/Transforms/Instrumentation/MemProfUse.h
-- Installing: /Users/zhoubot/linx-isa/tools/pyCircuit/.pycircuit_out/gates/20260906-issue39-closure-r3/agentic-circuit/toolchain/install/include/llvm/Transforms/Instrumentation/KCFI.h
-- Installing: /Users/zhoubot/linx-isa/tools/pyCircuit/.pycircuit_out/gates/20260906-issue39-closure-r3/agentic-circuit/toolchain/install/include/llvm/Transforms/Instrumentation/InstrProfiling.h
-- Installing: /Users/zhoubot/linx-isa/tools/pyCircuit/.pycircuit_out/gates/20260906-issue39-closure-r3/agentic-circuit/toolchain/install/include/llvm/Transforms/Instrumentation/BlockCoverageInference.h
-- Installing: /Users/zhoubot/linx-isa/tools/pyCircuit/.pycircuit_out/gates/20260906-issue39-closure-r3/agentic-circuit/toolchain/install/include/llvm/Transforms/Instrumentation/AddressSanitizer.h
-- Installing: /Users/zhoubot/linx-isa/tools/pyCircuit/.pycircuit_out/gates/20260906-issue39-closure-r3/agentic-circuit/toolchain/install/include/llvm/Transforms/Instrumentation/TypeSanitizer.h
-- Installing: /Users/zhoubot/linx-isa/tools/pyCircuit/.pycircuit_out/gates/20260906-issue39-closure-r3/agentic-circuit/toolchain/install/include/llvm/Transforms/Instrumentation/ThreadSanitizer.h
-- Installing: /Users/zhoubot/linx-isa/tools/pyCircuit/.pycircuit_out/gates/20260906-issue39-closure-r3/agentic-circuit/toolchain/install/include/llvm/Transforms/Instrumentation/SanitizerBinaryMetadata.h
-- Installing: /Users/zhoubot/linx-isa/tools/pyCircuit/.pycircuit_out/gates/20260906-issue39-closure-r3/agentic-circuit/toolchain/install/include/llvm/Transforms/Instrumentation/MemorySanitizer.h
-- Installing: /Users/zhoubot/linx-isa/tools/pyCircuit/.pycircuit_out/gates/20260906-issue39-closure-r3/agentic-circuit/toolchain/install/include/llvm/Transforms/Instrumentation/BoundsChecking.h
-- Installing: /Users/zhoubot/linx-isa/tools/pyCircuit/.pycircuit_out/gates/20260906-issue39-closure-r3/agentic-circuit/toolchain/install/include/llvm/Transforms/Instrumentation/CGProfile.h
-- Installing: /Users/zhoubot/linx-isa/tools/pyCircuit/.pycircuit_out/gates/20260906-issue39-closure-r3/agentic-circuit/toolchain/install/include/llvm/Transforms/Instrumentation/AddressSanitizerOptions.h
-- Installing: /Users/zhoubot/linx-isa/tools/pyCircuit/.pycircuit_out/gates/20260906-issue39-closure-r3/agentic-circuit/toolchain/install/include/llvm/Transforms/Instrumentation/PGOInstrumentation.h
-- Installing: /Users/zhoubot/linx-isa/tools/pyCircuit/.pycircuit_out/gates/20260906-issue39-closure-r3/agentic-circuit/toolchain/install/include/llvm/Transforms/Instrumentation/AddressSanitizerCommon.h
-- Installing: /Users/zhoubot/linx-isa/tools/pyCircuit/.pycircuit_out/gates/20260906-issue39-closure-r3/agentic-circuit/toolchain/install/include/llvm/Transforms/Instrumentation/CFGMST.h
-- Installing: /Users/zhoubot/linx-isa/tools/pyCircuit/.pycircuit_out/gates/20260906-issue39-closure-r3/agentic-circuit/toolchain/install/include/llvm/Transforms/HipStdPar
-- Installing: /Users/zhoubot/linx-isa/tools/pyCircuit/.pycircuit_out/gates/20260906-issue39-closure-r3/agentic-circuit/toolchain/install/include/llvm/Transforms/HipStdPar/HipStdPar.h
-- Installing: /Users/zhoubot/linx-isa/tools/pyCircuit/.pycircuit_out/gates/20260906-issue39-closure-r3/agentic-circuit/toolchain/install/include/llvm/Transforms/Coroutines
-- Installing: /Users/zhoubot/linx-isa/tools/pyCircuit/.pycircuit_out/gates/20260906-issue39-closure-r3/agentic-circuit/toolchain/install/include/llvm/Transforms/Coroutines/CoroAnnotationElide.h
-- Installing: /Users/zhoubot/linx-isa/tools/pyCircuit/.pycircuit_out/gates/20260906-issue39-closure-r3/agentic-circuit/toolchain/install/include/llvm/Transforms/Coroutines/CoroInstr.h
-- Installing: /Users/zhoubot/linx-isa/tools/pyCircuit/.pycircuit_out/gates/20260906-issue39-closure-r3/agentic-circuit/toolchain/install/include/llvm/Transforms/Coroutines/SuspendCrossingInfo.h
-- Installing: /Users/zhoubot/linx-isa/tools/pyCircuit/.pycircuit_out/gates/20260906-issue39-closure-r3/agentic-circuit/toolchain/install/include/llvm/Transforms/Coroutines/CoroConditionalWrapper.h
-- Installing: /Users/zhoubot/linx-isa/tools/pyCircuit/.pycircuit_out/gates/20260906-issue39-closure-r3/agentic-circuit/toolchain/install/include/llvm/Transforms/Coroutines/MaterializationUtils.h
-- Installing: /Users/zhoubot/linx-isa/tools/pyCircuit/.pycircuit_out/gates/20260906-issue39-closure-r3/agentic-circuit/toolchain/install/include/llvm/Transforms/Coroutines/CoroSplit.h
-- Installing: /Users/zhoubot/linx-isa/tools/pyCircuit/.pycircuit_out/gates/20260906-issue39-closure-r3/agentic-circuit/toolchain/install/include/llvm/Transforms/Coroutines/CoroCleanup.h
-- Installing: /Users/zhoubot/linx-isa/tools/pyCircuit/.pycircuit_out/gates/20260906-issue39-closure-r3/agentic-circuit/toolchain/install/include/llvm/Transforms/Coroutines/CoroElide.h
-- Installing: /Users/zhoubot/linx-isa/tools/pyCircuit/.pycircuit_out/gates/20260906-issue39-closure-r3/agentic-circuit/toolchain/install/include/llvm/Transforms/Coroutines/SpillUtils.h
-- Installing: /Users/zhoubot/linx-isa/tools/pyCircuit/.pycircuit_out/gates/20260906-issue39-closure-r3/agentic-circuit/toolchain/install/include/llvm/Transforms/Coroutines/ABI.h
-- Installing: /Users/zhoubot/linx-isa/tools/pyCircuit/.pycircuit_out/gates/20260906-issue39-closure-r3/agentic-circuit/toolchain/install/include/llvm/Transforms/Coroutines/CoroEarly.h
-- Installing: /Users/zhoubot/linx-isa/tools/pyCircuit/.pycircuit_out/gates/20260906-issue39-closure-r3/agentic-circuit/toolchain/install/include/llvm/Transforms/Coroutines/CoroShape.h
-- Installing: /Users/zhoubot/linx-isa/tools/pyCircuit/.pycircuit_out/gates/20260906-issue39-closure-r3/agentic-circuit/toolchain/install/include/llvm/Transforms/IPO.h
-- Installing: /Users/zhoubot/linx-isa/tools/pyCircuit/.pycircuit_out/gates/20260906-issue39-closure-r3/agentic-circuit/toolchain/install/include/llvm/Transforms/CFGuard.h
-- Installing: /Users/zhoubot/linx-isa/tools/pyCircuit/.pycircuit_out/gates/20260906-issue39-closure-r3/agentic-circuit/toolchain/install/include/llvm/Transforms/Scalar
-- Installing: /Users/zhoubot/linx-isa/tools/pyCircuit/.pycircuit_out/gates/20260906-issue39-closure-r3/agentic-circuit/toolchain/install/include/llvm/Transforms/Scalar/LowerWidenableCondition.h
-- Installing: /Users/zhoubot/linx-isa/tools/pyCircuit/.pycircuit_out/gates/20260906-issue39-closure-r3/agentic-circuit/toolchain/install/include/llvm/Transforms/Scalar/PlaceSafepoints.h
-- Installing: /Users/zhoubot/linx-isa/tools/pyCircuit/.pycircuit_out/gates/20260906-issue39-closure-r3/agentic-circuit/toolchain/install/include/llvm/Transforms/Scalar/StraightLineStrengthReduce.h
-- Installing: /Users/zhoubot/linx-isa/tools/pyCircuit/.pycircuit_out/gates/20260906-issue39-closure-r3/agentic-circuit/toolchain/install/include/llvm/Transforms/Scalar/LoopPassManager.h
-- Installing: /Users/zhoubot/linx-isa/tools/pyCircuit/.pycircuit_out/gates/20260906-issue39-closure-r3/agentic-circuit/toolchain/install/include/llvm/Transforms/Scalar/LoopFlatten.h
-- Installing: /Users/zhoubot/linx-isa/tools/pyCircuit/.pycircuit_out/gates/20260906-issue39-closure-r3/agentic-circuit/toolchain/install/include/llvm/Transforms/Scalar/InferAddressSpaces.h
-- Installing: /Users/zhoubot/linx-isa/tools/pyCircuit/.pycircuit_out/gates/20260906-issue39-closure-r3/agentic-circuit/toolchain/install/include/llvm/Transforms/Scalar/IndVarSimplify.h
-- Installing: /Users/zhoubot/linx-isa/tools/pyCircuit/.pycircuit_out/gates/20260906-issue39-closure-r3/agentic-circuit/toolchain/install/include/llvm/Transforms/Scalar/SimplifyCFG.h
-- Installing: /Users/zhoubot/linx-isa/tools/pyCircuit/.pycircuit_out/gates/20260906-issue39-closure-r3/agentic-circuit/toolchain/install/include/llvm/Transforms/Scalar/LowerMatrixIntrinsics.h
-- Installing: /Users/zhoubot/linx-isa/tools/pyCircuit/.pycircuit_out/gates/20260906-issue39-closure-r3/agentic-circuit/toolchain/install/include/llvm/Transforms/Scalar/AnnotationRemarks.h
-- Installing: /Users/zhoubot/linx-isa/tools/pyCircuit/.pycircuit_out/gates/20260906-issue39-closure-r3/agentic-circuit/toolchain/install/include/llvm/Transforms/Scalar/SpeculativeExecution.h
-- Installing: /Users/zhoubot/linx-isa/tools/pyCircuit/.pycircuit_out/gates/20260906-issue39-closure-r3/agentic-circuit/toolchain/install/include/llvm/Transforms/Scalar/InstSimplifyPass.h
-- Installing: /Users/zhoubot/linx-isa/tools/pyCircuit/.pycircuit_out/gates/20260906-issue39-closure-r3/agentic-circuit/toolchain/install/include/llvm/Transforms/Scalar/GVN.h
-- Installing: /Users/zhoubot/linx-isa/tools/pyCircuit/.pycircuit_out/gates/20260906-issue39-closure-r3/agentic-circuit/toolchain/install/include/llvm/Transforms/Scalar/JumpTableToSwitch.h
-- Installing: /Users/zhoubot/linx-isa/tools/pyCircuit/.pycircuit_out/gates/20260906-issue39-closure-r3/agentic-circuit/toolchain/install/include/llvm/Transforms/Scalar/RewriteStatepointsForGC.h
-- Installing: /Users/zhoubot/linx-isa/tools/pyCircuit/.pycircuit_out/gates/20260906-issue39-closure-r3/agentic-circuit/toolchain/install/include/llvm/Transforms/Scalar/MergeICmps.h
-- Installing: /Users/zhoubot/linx-isa/tools/pyCircuit/.pycircuit_out/gates/20260906-issue39-closure-r3/agentic-circuit/toolchain/install/include/llvm/Transforms/Scalar/InductiveRangeCheckElimination.h
-- Installing: /Users/zhoubot/linx-isa/tools/pyCircuit/.pycircuit_out/gates/20260906-issue39-closure-r3/agentic-circuit/toolchain/install/include/llvm/Transforms/Scalar/LoopVersioningLICM.h
-- Installing: /Users/zhoubot/linx-isa/tools/pyCircuit/.pycircuit_out/gates/20260906-issue39-closure-r3/agentic-circuit/toolchain/install/include/llvm/Transforms/Scalar/LoopDataPrefetch.h
-- Installing: /Users/zhoubot/linx-isa/tools/pyCircuit/.pycircuit_out/gates/20260906-issue39-closure-r3/agentic-circuit/toolchain/install/include/llvm/Transforms/Scalar/PartiallyInlineLibCalls.h
-- Installing: /Users/zhoubot/linx-isa/tools/pyCircuit/.pycircuit_out/gates/20260906-issue39-closure-r3/agentic-circuit/toolchain/install/include/llvm/Transforms/Scalar/IVUsersPrinter.h
-- Installing: /Users/zhoubot/linx-isa/tools/pyCircuit/.pycircuit_out/gates/20260906-issue39-closure-r3/agentic-circuit/toolchain/install/include/llvm/Transforms/Scalar/LowerExpectIntrinsic.h
-- Installing: /Users/zhoubot/linx-isa/tools/pyCircuit/.pycircuit_out/gates/20260906-issue39-closure-r3/agentic-circuit/toolchain/install/include/llvm/Transforms/Scalar/GVNExpression.h
-- Installing: /Users/zhoubot/linx-isa/tools/pyCircuit/.pycircuit_out/gates/20260906-issue39-closure-r3/agentic-circuit/toolchain/install/include/llvm/Transforms/Scalar/LoopDeletion.h
-- Installing: /Users/zhoubot/linx-isa/tools/pyCircuit/.pycircuit_out/gates/20260906-issue39-closure-r3/agentic-circuit/toolchain/install/include/llvm/Transforms/Scalar/LoopInterchange.h
-- Installing: /Users/zhoubot/linx-isa/tools/pyCircuit/.pycircuit_out/gates/20260906-issue39-closure-r3/agentic-circuit/toolchain/install/include/llvm/Transforms/Scalar/SROA.h
-- Installing: /Users/zhoubot/linx-isa/tools/pyCircuit/.pycircuit_out/gates/20260906-issue39-closure-r3/agentic-circuit/toolchain/install/include/llvm/Transforms/Scalar/ScalarizeMaskedMemIntrin.h
-- Installing: /Users/zhoubot/linx-isa/tools/pyCircuit/.pycircuit_out/gates/20260906-issue39-closure-r3/agentic-circuit/toolchain/install/include/llvm/Transforms/Scalar/BDCE.h
-- Installing: /Users/zhoubot/linx-isa/tools/pyCircuit/.pycircuit_out/gates/20260906-issue39-closure-r3/agentic-circuit/toolchain/install/include/llvm/Transforms/Scalar/DropUnnecessaryAssumes.h
-- Installing: /Users/zhoubot/linx-isa/tools/pyCircuit/.pycircuit_out/gates/20260906-issue39-closure-r3/agentic-circuit/toolchain/install/include/llvm/Transforms/Scalar/DCE.h
-- Installing: /Users/zhoubot/linx-isa/tools/pyCircuit/.pycircuit_out/gates/20260906-issue39-closure-r3/agentic-circuit/toolchain/install/include/llvm/Transforms/Scalar/JumpThreading.h
-- Installing: /Users/zhoubot/linx-isa/tools/pyCircuit/.pycircuit_out/gates/20260906-issue39-closure-r3/agentic-circuit/toolchain/install/include/llvm/Transforms/Scalar/LowerConstantIntrinsics.h
-- Installing: /Users/zhoubot/linx-isa/tools/pyCircuit/.pycircuit_out/gates/20260906-issue39-closure-r3/agentic-circuit/toolchain/install/include/llvm/Transforms/Scalar/LoopIdiomRecognize.h
-- Installing: /Users/zhoubot/linx-isa/tools/pyCircuit/.pycircuit_out/gates/20260906-issue39-closure-r3/agentic-circuit/toolchain/install/include/llvm/Transforms/Scalar/LoopBoundSplit.h
-- Installing: /Users/zhoubot/linx-isa/tools/pyCircuit/.pycircuit_out/gates/20260906-issue39-closure-r3/agentic-circuit/toolchain/install/include/llvm/Transforms/Scalar/CallSiteSplitting.h
-- Installing: /Users/zhoubot/linx-isa/tools/pyCircuit/.pycircuit_out/gates/20260906-issue39-closure-r3/agentic-circuit/toolchain/install/include/llvm/Transforms/Scalar/ConstraintElimination.h
-- Installing: /Users/zhoubot/linx-isa/tools/pyCircuit/.pycircuit_out/gates/20260906-issue39-closure-r3/agentic-circuit/toolchain/install/include/llvm/Transforms/Scalar/LoopFuse.h
-- Installing: /Users/zhoubot/linx-isa/tools/pyCircuit/.pycircuit_out/gates/20260906-issue39-closure-r3/agentic-circuit/toolchain/install/include/llvm/Transforms/Scalar/StructurizeCFG.h
-- Installing: /Users/zhoubot/linx-isa/tools/pyCircuit/.pycircuit_out/gates/20260906-issue39-closure-r3/agentic-circuit/toolchain/install/include/llvm/Transforms/Scalar/LowerGuardIntrinsic.h
-- Installing: /Users/zhoubot/linx-isa/tools/pyCircuit/.pycircuit_out/gates/20260906-issue39-closure-r3/agentic-circuit/toolchain/install/include/llvm/Transforms/Scalar/Scalarizer.h
-- Installing: /Users/zhoubot/linx-isa/tools/pyCircuit/.pycircuit_out/gates/20260906-issue39-closure-r3/agentic-circuit/toolchain/install/include/llvm/Transforms/Scalar/AlignmentFromAssumptions.h
-- Installing: /Users/zhoubot/linx-isa/tools/pyCircuit/.pycircuit_out/gates/20260906-issue39-closure-r3/agentic-circuit/toolchain/install/include/llvm/Transforms/Scalar/SimpleLoopUnswitch.h
-- Installing: /Users/zhoubot/linx-isa/tools/pyCircuit/.pycircuit_out/gates/20260906-issue39-closure-r3/agentic-circuit/toolchain/install/include/llvm/Transforms/Scalar/LoopAccessAnalysisPrinter.h
-- Installing: /Users/zhoubot/linx-isa/tools/pyCircuit/.pycircuit_out/gates/20260906-issue39-closure-r3/agentic-circuit/toolchain/install/include/llvm/Transforms/Scalar/FlattenCFG.h
-- Installing: /Users/zhoubot/linx-isa/tools/pyCircuit/.pycircuit_out/gates/20260906-issue39-closure-r3/agentic-circuit/toolchain/install/include/llvm/Transforms/Scalar/TailRecursionElimination.h
-- Installing: /Users/zhoubot/linx-isa/tools/pyCircuit/.pycircuit_out/gates/20260906-issue39-closure-r3/agentic-circuit/toolchain/install/include/llvm/Transforms/Scalar/SCCP.h
-- Installing: /Users/zhoubot/linx-isa/tools/pyCircuit/.pycircuit_out/gates/20260906-issue39-closure-r3/agentic-circuit/toolchain/install/include/llvm/Transforms/Scalar/CorrelatedValuePropagation.h
-- Installing: /Users/zhoubot/linx-isa/tools/pyCircuit/.pycircuit_out/gates/20260906-issue39-closure-r3/agentic-circuit/toolchain/install/include/llvm/Transforms/Scalar/LoopPredication.h
-- Installing: /Users/zhoubot/linx-isa/tools/pyCircuit/.pycircuit_out/gates/20260906-issue39-closure-r3/agentic-circuit/toolchain/install/include/llvm/Transforms/Scalar/Float2Int.h
-- Installing: /Users/zhoubot/linx-isa/tools/pyCircuit/.pycircuit_out/gates/20260906-issue39-closure-r3/agentic-circuit/toolchain/install/include/llvm/Transforms/Scalar/Sink.h
-- Installing: /Users/zhoubot/linx-isa/tools/pyCircuit/.pycircuit_out/gates/20260906-issue39-closure-r3/agentic-circuit/toolchain/install/include/llvm/Transforms/Scalar/LoopTermFold.h
-- Installing: /Users/zhoubot/linx-isa/tools/pyCircuit/.pycircuit_out/gates/20260906-issue39-closure-r3/agentic-circuit/toolchain/install/include/llvm/Transforms/Scalar/LoopSink.h
-- Installing: /Users/zhoubot/linx-isa/tools/pyCircuit/.pycircuit_out/gates/20260906-issue39-closure-r3/agentic-circuit/toolchain/install/include/llvm/Transforms/Scalar/EarlyCSE.h
-- Installing: /Users/zhoubot/linx-isa/tools/pyCircuit/.pycircuit_out/gates/20260906-issue39-closure-r3/agentic-circuit/toolchain/install/include/llvm/Transforms/Scalar/ADCE.h
-- Installing: /Users/zhoubot/linx-isa/tools/pyCircuit/.pycircuit_out/gates/20260906-issue39-closure-r3/agentic-circuit/toolchain/install/include/llvm/Transforms/Scalar/LoopUnrollAndJamPass.h
-- Installing: /Users/zhoubot/linx-isa/tools/pyCircuit/.pycircuit_out/gates/20260906-issue39-closure-r3/agentic-circuit/toolchain/install/include/llvm/Transforms/Scalar/LoopRotation.h
-- Installing: /Users/zhoubot/linx-isa/tools/pyCircuit/.pycircuit_out/gates/20260906-issue39-closure-r3/agentic-circuit/toolchain/install/include/llvm/Transforms/Scalar/DivRemPairs.h
-- Installing: /Users/zhoubot/linx-isa/tools/pyCircuit/.pycircuit_out/gates/20260906-issue39-closure-r3/agentic-circuit/toolchain/install/include/llvm/Transforms/Scalar/MergedLoadStoreMotion.h
-- Installing: /Users/zhoubot/linx-isa/tools/pyCircuit/.pycircuit_out/gates/20260906-issue39-closure-r3/agentic-circuit/toolchain/install/include/llvm/Transforms/Scalar/SeparateConstOffsetFromGEP.h
-- Installing: /Users/zhoubot/linx-isa/tools/pyCircuit/.pycircuit_out/gates/20260906-issue39-closure-r3/agentic-circuit/toolchain/install/include/llvm/Transforms/Scalar/NaryReassociate.h
-- Installing: /Users/zhoubot/linx-isa/tools/pyCircuit/.pycircuit_out/gates/20260906-issue39-closure-r3/agentic-circuit/toolchain/install/include/llvm/Transforms/Scalar/WarnMissedTransforms.h
-- Installing: /Users/zhoubot/linx-isa/tools/pyCircuit/.pycircuit_out/gates/20260906-issue39-closure-r3/agentic-circuit/toolchain/install/include/llvm/Transforms/Scalar/MemCpyOptimizer.h
-- Installing: /Users/zhoubot/linx-isa/tools/pyCircuit/.pycircuit_out/gates/20260906-issue39-closure-r3/agentic-circuit/toolchain/install/include/llvm/Transforms/Scalar/ConstantHoisting.h
-- Installing: /Users/zhoubot/linx-isa/tools/pyCircuit/.pycircuit_out/gates/20260906-issue39-closure-r3/agentic-circuit/toolchain/install/include/llvm/Transforms/Scalar/GuardWidening.h
-- Installing: /Users/zhoubot/linx-isa/tools/pyCircuit/.pycircuit_out/gates/20260906-issue39-closure-r3/agentic-circuit/toolchain/install/include/llvm/Transforms/Scalar/LoopSimplifyCFG.h
-- Installing: /Users/zhoubot/linx-isa/tools/pyCircuit/.pycircuit_out/gates/20260906-issue39-closure-r3/agentic-circuit/toolchain/install/include/llvm/Transforms/Scalar/LoopInstSimplify.h
-- Installing: /Users/zhoubot/linx-isa/tools/pyCircuit/.pycircuit_out/gates/20260906-issue39-closure-r3/agentic-circuit/toolchain/install/include/llvm/Transforms/Scalar/NewGVN.h
-- Installing: /Users/zhoubot/linx-isa/tools/pyCircuit/.pycircuit_out/gates/20260906-issue39-closure-r3/agentic-circuit/toolchain/install/include/llvm/Transforms/Scalar/LoopUnrollPass.h
-- Installing: /Users/zhoubot/linx-isa/tools/pyCircuit/.pycircuit_out/gates/20260906-issue39-closure-r3/agentic-circuit/toolchain/install/include/llvm/Transforms/Scalar/DFAJumpThreading.h
-- Installing: /Users/zhoubot/linx-isa/tools/pyCircuit/.pycircuit_out/gates/20260906-issue39-closure-r3/agentic-circuit/toolchain/install/include/llvm/Transforms/Scalar/Reg2Mem.h
-- Installing: /Users/zhoubot/linx-isa/tools/pyCircuit/.pycircuit_out/gates/20260906-issue39-closure-r3/agentic-circuit/toolchain/install/include/llvm/Transforms/Scalar/LoopStrengthReduce.h
-- Installing: /Users/zhoubot/linx-isa/tools/pyCircuit/.pycircuit_out/gates/20260906-issue39-closure-r3/agentic-circuit/toolchain/install/include/llvm/Transforms/Scalar/MakeGuardsExplicit.h
-- Installing: /Users/zhoubot/linx-isa/tools/pyCircuit/.pycircuit_out/gates/20260906-issue39-closure-r3/agentic-circuit/toolchain/install/include/llvm/Transforms/Scalar/InferAlignment.h
-- Installing: /Users/zhoubot/linx-isa/tools/pyCircuit/.pycircuit_out/gates/20260906-issue39-closure-r3/agentic-circuit/toolchain/install/include/llvm/Transforms/Scalar/LoopLoadElimination.h
-- Installing: /Users/zhoubot/linx-isa/tools/pyCircuit/.pycircuit_out/gates/20260906-issue39-closure-r3/agentic-circuit/toolchain/install/include/llvm/Transforms/Scalar/DeadStoreElimination.h
-- Installing: /Users/zhoubot/linx-isa/tools/pyCircuit/.pycircuit_out/gates/20260906-issue39-closure-r3/agentic-circuit/toolchain/install/include/llvm/Transforms/Scalar/LoopDistribute.h
-- Installing: /Users/zhoubot/linx-isa/tools/pyCircuit/.pycircuit_out/gates/20260906-issue39-closure-r3/agentic-circuit/toolchain/install/include/llvm/Transforms/Scalar/LowerAtomicPass.h
-- Installing: /Users/zhoubot/linx-isa/tools/pyCircuit/.pycircuit_out/gates/20260906-issue39-closure-r3/agentic-circuit/toolchain/install/include/llvm/Transforms/Scalar/Reassociate.h
-- Installing: /Users/zhoubot/linx-isa/tools/pyCircuit/.pycircuit_out/gates/20260906-issue39-closure-r3/agentic-circuit/toolchain/install/include/llvm/Transforms/Scalar/LICM.h
-- Installing: /Users/zhoubot/linx-isa/tools/pyCircuit/.pycircuit_out/gates/20260906-issue39-closure-r3/agentic-circuit/toolchain/install/include/llvm/Transforms/Vectorize
-- Installing: /Users/zhoubot/linx-isa/tools/pyCircuit/.pycircuit_out/gates/20260906-issue39-closure-r3/agentic-circuit/toolchain/install/include/llvm/Transforms/Vectorize/LoopIdiomVectorize.h
-- Installing: /Users/zhoubot/linx-isa/tools/pyCircuit/.pycircuit_out/gates/20260906-issue39-closure-r3/agentic-circuit/toolchain/install/include/llvm/Transforms/Vectorize/LoadStoreVectorizer.h
-- Installing: /Users/zhoubot/linx-isa/tools/pyCircuit/.pycircuit_out/gates/20260906-issue39-closure-r3/agentic-circuit/toolchain/install/include/llvm/Transforms/Vectorize/SLPVectorizer.h
-- Installing: /Users/zhoubot/linx-isa/tools/pyCircuit/.pycircuit_out/gates/20260906-issue39-closure-r3/agentic-circuit/toolchain/install/include/llvm/Transforms/Vectorize/LoopVectorize.h
-- Installing: /Users/zhoubot/linx-isa/tools/pyCircuit/.pycircuit_out/gates/20260906-issue39-closure-r3/agentic-circuit/toolchain/install/include/llvm/Transforms/Vectorize/VectorCombine.h
-- Installing: /Users/zhoubot/linx-isa/tools/pyCircuit/.pycircuit_out/gates/20260906-issue39-closure-r3/agentic-circuit/toolchain/install/include/llvm/Transforms/Vectorize/SandboxVectorizer
-- Installing: /Users/zhoubot/linx-isa/tools/pyCircuit/.pycircuit_out/gates/20260906-issue39-closure-r3/agentic-circuit/toolchain/install/include/llvm/Transforms/Vectorize/SandboxVectorizer/SeedCollector.h
-- Installing: /Users/zhoubot/linx-isa/tools/pyCircuit/.pycircuit_out/gates/20260906-issue39-closure-r3/agentic-circuit/toolchain/install/include/llvm/Transforms/Vectorize/SandboxVectorizer/Debug.h
-- Installing: /Users/zhoubot/linx-isa/tools/pyCircuit/.pycircuit_out/gates/20260906-issue39-closure-r3/agentic-circuit/toolchain/install/include/llvm/Transforms/Vectorize/SandboxVectorizer/Scheduler.h
-- Installing: /Users/zhoubot/linx-isa/tools/pyCircuit/.pycircuit_out/gates/20260906-issue39-closure-r3/agentic-circuit/toolchain/install/include/llvm/Transforms/Vectorize/SandboxVectorizer/Passes
-- Installing: /Users/zhoubot/linx-isa/tools/pyCircuit/.pycircuit_out/gates/20260906-issue39-closure-r3/agentic-circuit/toolchain/install/include/llvm/Transforms/Vectorize/SandboxVectorizer/Passes/BottomUpVec.h
-- Installing: /Users/zhoubot/linx-isa/tools/pyCircuit/.pycircuit_out/gates/20260906-issue39-closure-r3/agentic-circuit/toolchain/install/include/llvm/Transforms/Vectorize/SandboxVectorizer/Passes/TransactionAcceptOrRevert.h
-- Installing: /Users/zhoubot/linx-isa/tools/pyCircuit/.pycircuit_out/gates/20260906-issue39-closure-r3/agentic-circuit/toolchain/install/include/llvm/Transforms/Vectorize/SandboxVectorizer/Passes/PackReuse.h
-- Installing: /Users/zhoubot/linx-isa/tools/pyCircuit/.pycircuit_out/gates/20260906-issue39-closure-r3/agentic-circuit/toolchain/install/include/llvm/Transforms/Vectorize/SandboxVectorizer/Passes/SeedCollection.h
-- Installing: /Users/zhoubot/linx-isa/tools/pyCircuit/.pycircuit_out/gates/20260906-issue39-closure-r3/agentic-circuit/toolchain/install/include/llvm/Transforms/Vectorize/SandboxVectorizer/Passes/RegionsFromMetadata.h
-- Installing: /Users/zhoubot/linx-isa/tools/pyCircuit/.pycircuit_out/gates/20260906-issue39-closure-r3/agentic-circuit/toolchain/install/include/llvm/Transforms/Vectorize/SandboxVectorizer/Passes/RegionsFromBBs.h
-- Installing: /Users/zhoubot/linx-isa/tools/pyCircuit/.pycircuit_out/gates/20260906-issue39-closure-r3/agentic-circuit/toolchain/install/include/llvm/Transforms/Vectorize/SandboxVectorizer/Passes/NullPass.h
-- Installing: /Users/zhoubot/linx-isa/tools/pyCircuit/.pycircuit_out/gates/20260906-issue39-closure-r3/agentic-circuit/toolchain/install/include/llvm/Transforms/Vectorize/SandboxVectorizer/Passes/PrintInstructionCount.h
-- Installing: /Users/zhoubot/linx-isa/tools/pyCircuit/.pycircuit_out/gates/20260906-issue39-closure-r3/agentic-circuit/toolchain/install/include/llvm/Transforms/Vectorize/SandboxVectorizer/Passes/TransactionAlwaysAccept.h
-- Installing: /Users/zhoubot/linx-isa/tools/pyCircuit/.pycircuit_out/gates/20260906-issue39-closure-r3/agentic-circuit/toolchain/install/include/llvm/Transforms/Vectorize/SandboxVectorizer/Passes/TransactionSave.h
-- Installing: /Users/zhoubot/linx-isa/tools/pyCircuit/.pycircuit_out/gates/20260906-issue39-closure-r3/agentic-circuit/toolchain/install/include/llvm/Transforms/Vectorize/SandboxVectorizer/Passes/PrintRegion.h
-- Installing: /Users/zhoubot/linx-isa/tools/pyCircuit/.pycircuit_out/gates/20260906-issue39-closure-r3/agentic-circuit/toolchain/install/include/llvm/Transforms/Vectorize/SandboxVectorizer/Passes/TransactionAlwaysRevert.h
-- Installing: /Users/zhoubot/linx-isa/tools/pyCircuit/.pycircuit_out/gates/20260906-issue39-closure-r3/agentic-circuit/toolchain/install/include/llvm/Transforms/Vectorize/SandboxVectorizer/SandboxVectorizer.h
-- Installing: /Users/zhoubot/linx-isa/tools/pyCircuit/.pycircuit_out/gates/20260906-issue39-closure-r3/agentic-circuit/toolchain/install/include/llvm/Transforms/Vectorize/SandboxVectorizer/SandboxVectorizerPassBuilder.h
-- Installing: /Users/zhoubot/linx-isa/tools/pyCircuit/.pycircuit_out/gates/20260906-issue39-closure-r3/agentic-circuit/toolchain/install/include/llvm/Transforms/Vectorize/SandboxVectorizer/VecUtils.h
-- Installing: /Users/zhoubot/linx-isa/tools/pyCircuit/.pycircuit_out/gates/20260906-issue39-closure-r3/agentic-circuit/toolchain/install/include/llvm/Transforms/Vectorize/SandboxVectorizer/InstrMaps.h
-- Installing: /Users/zhoubot/linx-isa/tools/pyCircuit/.pycircuit_out/gates/20260906-issue39-closure-r3/agentic-circuit/toolchain/install/include/llvm/Transforms/Vectorize/SandboxVectorizer/Legality.h
-- Installing: /Users/zhoubot/linx-isa/tools/pyCircuit/.pycircuit_out/gates/20260906-issue39-closure-r3/agentic-circuit/toolchain/install/include/llvm/Transforms/Vectorize/SandboxVectorizer/DependencyGraph.h
-- Installing: /Users/zhoubot/linx-isa/tools/pyCircuit/.pycircuit_out/gates/20260906-issue39-closure-r3/agentic-circuit/toolchain/install/include/llvm/Transforms/Vectorize/SandboxVectorizer/Interval.h
-- Installing: /Users/zhoubot/linx-isa/tools/pyCircuit/.pycircuit_out/gates/20260906-issue39-closure-r3/agentic-circuit/toolchain/install/include/llvm/Transforms/Vectorize/LoopVectorizationLegality.h
-- Installing: /Users/zhoubot/linx-isa/tools/pyCircuit/.pycircuit_out/gates/20260906-issue39-closure-r3/agentic-circuit/toolchain/install/include/llvm/Object
-- Installing: /Users/zhoubot/linx-isa/tools/pyCircuit/.pycircuit_out/gates/20260906-issue39-closure-r3/agentic-circuit/toolchain/install/include/llvm/Object/BuildID.h
-- Installing: /Users/zhoubot/linx-isa/tools/pyCircuit/.pycircuit_out/gates/20260906-issue39-closure-r3/agentic-circuit/toolchain/install/include/llvm/Object/Error.h
-- Installing: /Users/zhoubot/linx-isa/tools/pyCircuit/.pycircuit_out/gates/20260906-issue39-closure-r3/agentic-circuit/toolchain/install/include/llvm/Object/XCOFFObjectFile.h
-- Installing: /Users/zhoubot/linx-isa/tools/pyCircuit/.pycircuit_out/gates/20260906-issue39-closure-r3/agentic-circuit/toolchain/install/include/llvm/Object/Archive.h
-- Installing: /Users/zhoubot/linx-isa/tools/pyCircuit/.pycircuit_out/gates/20260906-issue39-closure-r3/agentic-circuit/toolchain/install/include/llvm/Object/IRSymtab.h
-- Installing: /Users/zhoubot/linx-isa/tools/pyCircuit/.pycircuit_out/gates/20260906-issue39-closure-r3/agentic-circuit/toolchain/install/include/llvm/Object/RelocationResolver.h
-- Installing: /Users/zhoubot/linx-isa/tools/pyCircuit/.pycircuit_out/gates/20260906-issue39-closure-r3/agentic-circuit/toolchain/install/include/llvm/Object/DXContainer.h
-- Installing: /Users/zhoubot/linx-isa/tools/pyCircuit/.pycircuit_out/gates/20260906-issue39-closure-r3/agentic-circuit/toolchain/install/include/llvm/Object/Minidump.h
-- Installing: /Users/zhoubot/linx-isa/tools/pyCircuit/.pycircuit_out/gates/20260906-issue39-closure-r3/agentic-circuit/toolchain/install/include/llvm/Object/Decompressor.h
-- Installing: /Users/zhoubot/linx-isa/tools/pyCircuit/.pycircuit_out/gates/20260906-issue39-closure-r3/agentic-circuit/toolchain/install/include/llvm/Object/MachOUniversal.h
-- Installing: /Users/zhoubot/linx-isa/tools/pyCircuit/.pycircuit_out/gates/20260906-issue39-closure-r3/agentic-circuit/toolchain/install/include/llvm/Object/SFrameParser.h
-- Installing: /Users/zhoubot/linx-isa/tools/pyCircuit/.pycircuit_out/gates/20260906-issue39-closure-r3/agentic-circuit/toolchain/install/include/llvm/Object/ArchiveWriter.h
-- Installing: /Users/zhoubot/linx-isa/tools/pyCircuit/.pycircuit_out/gates/20260906-issue39-closure-r3/agentic-circuit/toolchain/install/include/llvm/Object/GOFF.h
-- Installing: /Users/zhoubot/linx-isa/tools/pyCircuit/.pycircuit_out/gates/20260906-issue39-closure-r3/agentic-circuit/toolchain/install/include/llvm/Object/ELFTypes.h
-- Installing: /Users/zhoubot/linx-isa/tools/pyCircuit/.pycircuit_out/gates/20260906-issue39-closure-r3/agentic-circuit/toolchain/install/include/llvm/Object/TapiFile.h
-- Installing: /Users/zhoubot/linx-isa/tools/pyCircuit/.pycircuit_out/gates/20260906-issue39-closure-r3/agentic-circuit/toolchain/install/include/llvm/Object/OffloadBinary.h
-- Installing: /Users/zhoubot/linx-isa/tools/pyCircuit/.pycircuit_out/gates/20260906-issue39-closure-r3/agentic-circuit/toolchain/install/include/llvm/Object/WindowsMachineFlag.h
-- Installing: /Users/zhoubot/linx-isa/tools/pyCircuit/.pycircuit_out/gates/20260906-issue39-closure-r3/agentic-circuit/toolchain/install/include/llvm/Object/Wasm.h
-- Installing: /Users/zhoubot/linx-isa/tools/pyCircuit/.pycircuit_out/gates/20260906-issue39-closure-r3/agentic-circuit/toolchain/install/include/llvm/Object/ELF.h
-- Installing: /Users/zhoubot/linx-isa/tools/pyCircuit/.pycircuit_out/gates/20260906-issue39-closure-r3/agentic-circuit/toolchain/install/include/llvm/Object/SymbolSize.h
-- Installing: /Users/zhoubot/linx-isa/tools/pyCircuit/.pycircuit_out/gates/20260906-issue39-closure-r3/agentic-circuit/toolchain/install/include/llvm/Object/FaultMapParser.h
-- Installing: /Users/zhoubot/linx-isa/tools/pyCircuit/.pycircuit_out/gates/20260906-issue39-closure-r3/agentic-circuit/toolchain/install/include/llvm/Object/COFFModuleDefinition.h
-- Installing: /Users/zhoubot/linx-isa/tools/pyCircuit/.pycircuit_out/gates/20260906-issue39-closure-r3/agentic-circuit/toolchain/install/include/llvm/Object/MachO.h
-- Installing: /Users/zhoubot/linx-isa/tools/pyCircuit/.pycircuit_out/gates/20260906-issue39-closure-r3/agentic-circuit/toolchain/install/include/llvm/Object/ELFObjectFile.h
-- Installing: /Users/zhoubot/linx-isa/tools/pyCircuit/.pycircuit_out/gates/20260906-issue39-closure-r3/agentic-circuit/toolchain/install/include/llvm/Object/COFFImportFile.h
-- Installing: /Users/zhoubot/linx-isa/tools/pyCircuit/.pycircuit_out/gates/20260906-issue39-closure-r3/agentic-circuit/toolchain/install/include/llvm/Object/ModuleSymbolTable.h
-- Installing: /Users/zhoubot/linx-isa/tools/pyCircuit/.pycircuit_out/gates/20260906-issue39-closure-r3/agentic-circuit/toolchain/install/include/llvm/Object/CVDebugRecord.h
-- Installing: /Users/zhoubot/linx-isa/tools/pyCircuit/.pycircuit_out/gates/20260906-issue39-closure-r3/agentic-circuit/toolchain/install/include/llvm/Object/MachOUniversalWriter.h
-- Installing: /Users/zhoubot/linx-isa/tools/pyCircuit/.pycircuit_out/gates/20260906-issue39-closure-r3/agentic-circuit/toolchain/install/include/llvm/Object/TapiUniversal.h
-- Installing: /Users/zhoubot/linx-isa/tools/pyCircuit/.pycircuit_out/gates/20260906-issue39-closure-r3/agentic-circuit/toolchain/install/include/llvm/Object/OffloadBundle.h
-- Installing: /Users/zhoubot/linx-isa/tools/pyCircuit/.pycircuit_out/gates/20260906-issue39-closure-r3/agentic-circuit/toolchain/install/include/llvm/Object/COFF.h
-- Installing: /Users/zhoubot/linx-isa/tools/pyCircuit/.pycircuit_out/gates/20260906-issue39-closure-r3/agentic-circuit/toolchain/install/include/llvm/Object/WindowsResource.h
-- Installing: /Users/zhoubot/linx-isa/tools/pyCircuit/.pycircuit_out/gates/20260906-issue39-closure-r3/agentic-circuit/toolchain/install/include/llvm/Object/SymbolicFile.h
-- Installing: /Users/zhoubot/linx-isa/tools/pyCircuit/.pycircuit_out/gates/20260906-issue39-closure-r3/agentic-circuit/toolchain/install/include/llvm/Object/ObjectFile.h
-- Installing: /Users/zhoubot/linx-isa/tools/pyCircuit/.pycircuit_out/gates/20260906-issue39-closure-r3/agentic-circuit/toolchain/install/include/llvm/Object/IRObjectFile.h
-- Installing: /Users/zhoubot/linx-isa/tools/pyCircuit/.pycircuit_out/gates/20260906-issue39-closure-r3/agentic-circuit/toolchain/install/include/llvm/Object/StackMapParser.h
-- Installing: /Users/zhoubot/linx-isa/tools/pyCircuit/.pycircuit_out/gates/20260906-issue39-closure-r3/agentic-circuit/toolchain/install/include/llvm/Object/GOFFObjectFile.h
-- Installing: /Users/zhoubot/linx-isa/tools/pyCircuit/.pycircuit_out/gates/20260906-issue39-closure-r3/agentic-circuit/toolchain/install/include/llvm/Object/Binary.h
-- Installing: /Users/zhoubot/linx-isa/tools/pyCircuit/.pycircuit_out/gates/20260906-issue39-closure-r3/agentic-circuit/toolchain/install/include/llvm/Support
-- Installing: /Users/zhoubot/linx-isa/tools/pyCircuit/.pycircuit_out/gates/20260906-issue39-closure-r3/agentic-circuit/toolchain/install/include/llvm/Support/BinaryStreamError.h
-- Installing: /Users/zhoubot/linx-isa/tools/pyCircuit/.pycircuit_out/gates/20260906-issue39-closure-r3/agentic-circuit/toolchain/install/include/llvm/Support/FileSystem.h
-- Installing: /Users/zhoubot/linx-isa/tools/pyCircuit/.pycircuit_out/gates/20260906-issue39-closure-r3/agentic-circuit/toolchain/install/include/llvm/Support/Error.h
-- Installing: /Users/zhoubot/linx-isa/tools/pyCircuit/.pycircuit_out/gates/20260906-issue39-closure-r3/agentic-circuit/toolchain/install/include/llvm/Support/CSKYAttributes.h
-- Installing: /Users/zhoubot/linx-isa/tools/pyCircuit/.pycircuit_out/gates/20260906-issue39-closure-r3/agentic-circuit/toolchain/install/include/llvm/Support/X86FoldTablesUtils.h
-- Installing: /Users/zhoubot/linx-isa/tools/pyCircuit/.pycircuit_out/gates/20260906-issue39-closure-r3/agentic-circuit/toolchain/install/include/llvm/Support/ARMEHABI.h
-- Installing: /Users/zhoubot/linx-isa/tools/pyCircuit/.pycircuit_out/gates/20260906-issue39-closure-r3/agentic-circuit/toolchain/install/include/llvm/Support/OnDiskHashTable.h
-- Installing: /Users/zhoubot/linx-isa/tools/pyCircuit/.pycircuit_out/gates/20260906-issue39-closure-r3/agentic-circuit/toolchain/install/include/llvm/Support/Casting.h
-- Installing: /Users/zhoubot/linx-isa/tools/pyCircuit/.pycircuit_out/gates/20260906-issue39-closure-r3/agentic-circuit/toolchain/install/include/llvm/Support/TypeName.h
-- Installing: /Users/zhoubot/linx-isa/tools/pyCircuit/.pycircuit_out/gates/20260906-issue39-closure-r3/agentic-circuit/toolchain/install/include/llvm/Support/Errc.h
-- Installing: /Users/zhoubot/linx-isa/tools/pyCircuit/.pycircuit_out/gates/20260906-issue39-closure-r3/agentic-circuit/toolchain/install/include/llvm/Support/GenericDomTree.h
-- Installing: /Users/zhoubot/linx-isa/tools/pyCircuit/.pycircuit_out/gates/20260906-issue39-closure-r3/agentic-circuit/toolchain/install/include/llvm/Support/Mustache.h
-- Installing: /Users/zhoubot/linx-isa/tools/pyCircuit/.pycircuit_out/gates/20260906-issue39-closure-r3/agentic-circuit/toolchain/install/include/llvm/Support/Watchdog.h
-- Installing: /Users/zhoubot/linx-isa/tools/pyCircuit/.pycircuit_out/gates/20260906-issue39-closure-r3/agentic-circuit/toolchain/install/include/llvm/Support/CBindingWrapping.h
-- Installing: /Users/zhoubot/linx-isa/tools/pyCircuit/.pycircuit_out/gates/20260906-issue39-closure-r3/agentic-circuit/toolchain/install/include/llvm/Support/PerThreadBumpPtrAllocator.h
-- Installing: /Users/zhoubot/linx-isa/tools/pyCircuit/.pycircuit_out/gates/20260906-issue39-closure-r3/agentic-circuit/toolchain/install/include/llvm/Support/xxhash.h
-- Installing: /Users/zhoubot/linx-isa/tools/pyCircuit/.pycircuit_out/gates/20260906-issue39-closure-r3/agentic-circuit/toolchain/install/include/llvm/Support/ModRef.h
-- Installing: /Users/zhoubot/linx-isa/tools/pyCircuit/.pycircuit_out/gates/20260906-issue39-closure-r3/agentic-circuit/toolchain/install/include/llvm/Support/raw_os_ostream.h
-- Installing: /Users/zhoubot/linx-isa/tools/pyCircuit/.pycircuit_out/gates/20260906-issue39-closure-r3/agentic-circuit/toolchain/install/include/llvm/Support/GlobPattern.h
-- Installing: /Users/zhoubot/linx-isa/tools/pyCircuit/.pycircuit_out/gates/20260906-issue39-closure-r3/agentic-circuit/toolchain/install/include/llvm/Support/GenericIteratedDominanceFrontier.h
-- Installing: /Users/zhoubot/linx-isa/tools/pyCircuit/.pycircuit_out/gates/20260906-issue39-closure-r3/agentic-circuit/toolchain/install/include/llvm/Support/Debug.h
-- Installing: /Users/zhoubot/linx-isa/tools/pyCircuit/.pycircuit_out/gates/20260906-issue39-closure-r3/agentic-circuit/toolchain/install/include/llvm/Support/ScaledNumber.h
-- Installing: /Users/zhoubot/linx-isa/tools/pyCircuit/.pycircuit_out/gates/20260906-issue39-closure-r3/agentic-circuit/toolchain/install/include/llvm/Support/Win64EH.h
-- Installing: /Users/zhoubot/linx-isa/tools/pyCircuit/.pycircuit_out/gates/20260906-issue39-closure-r3/agentic-circuit/toolchain/install/include/llvm/Support/VirtualOutputBackends.h
-- Installing: /Users/zhoubot/linx-isa/tools/pyCircuit/.pycircuit_out/gates/20260906-issue39-closure-r3/agentic-circuit/toolchain/install/include/llvm/Support/FormatAdapters.h
-- Installing: /Users/zhoubot/linx-isa/tools/pyCircuit/.pycircuit_out/gates/20260906-issue39-closure-r3/agentic-circuit/toolchain/install/include/llvm/Support/DXILABI.h
-- Installing: /Users/zhoubot/linx-isa/tools/pyCircuit/.pycircuit_out/gates/20260906-issue39-closure-r3/agentic-circuit/toolchain/install/include/llvm/Support/Duration.h
-- Installing: /Users/zhoubot/linx-isa/tools/pyCircuit/.pycircuit_out/gates/20260906-issue39-closure-r3/agentic-circuit/toolchain/install/include/llvm/Support/TimeProfiler.h
-- Installing: /Users/zhoubot/linx-isa/tools/pyCircuit/.pycircuit_out/gates/20260906-issue39-closure-r3/agentic-circuit/toolchain/install/include/llvm/Support/AutoConvert.h
-- Installing: /Users/zhoubot/linx-isa/tools/pyCircuit/.pycircuit_out/gates/20260906-issue39-closure-r3/agentic-circuit/toolchain/install/include/llvm/Support/AlignOf.h
-- Installing: /Users/zhoubot/linx-isa/tools/pyCircuit/.pycircuit_out/gates/20260906-issue39-closure-r3/agentic-circuit/toolchain/install/include/llvm/Support/DebugCounter.h
-- Installing: /Users/zhoubot/linx-isa/tools/pyCircuit/.pycircuit_out/gates/20260906-issue39-closure-r3/agentic-circuit/toolchain/install/include/llvm/Support/TypeSize.h
-- Installing: /Users/zhoubot/linx-isa/tools/pyCircuit/.pycircuit_out/gates/20260906-issue39-closure-r3/agentic-circuit/toolchain/install/include/llvm/Support/SuffixTreeNode.h
-- Installing: /Users/zhoubot/linx-isa/tools/pyCircuit/.pycircuit_out/gates/20260906-issue39-closure-r3/agentic-circuit/toolchain/install/include/llvm/Support/MipsABIFlags.h
-- Installing: /Users/zhoubot/linx-isa/tools/pyCircuit/.pycircuit_out/gates/20260906-issue39-closure-r3/agentic-circuit/toolchain/install/include/llvm/Support/NVPTXAddrSpace.h
-- Installing: /Users/zhoubot/linx-isa/tools/pyCircuit/.pycircuit_out/gates/20260906-issue39-closure-r3/agentic-circuit/toolchain/install/include/llvm/Support/AllocToken.h
-- Installing: /Users/zhoubot/linx-isa/tools/pyCircuit/.pycircuit_out/gates/20260906-issue39-closure-r3/agentic-circuit/toolchain/install/include/llvm/Support/GenericLoopInfo.h
-- Installing: /Users/zhoubot/linx-isa/tools/pyCircuit/.pycircuit_out/gates/20260906-issue39-closure-r3/agentic-circuit/toolchain/install/include/llvm/Support/DebugLog.h
-- Installing: /Users/zhoubot/linx-isa/tools/pyCircuit/.pycircuit_out/gates/20260906-issue39-closure-r3/agentic-circuit/toolchain/install/include/llvm/Support/CFGUpdate.h
-- Installing: /Users/zhoubot/linx-isa/tools/pyCircuit/.pycircuit_out/gates/20260906-issue39-closure-r3/agentic-circuit/toolchain/install/include/llvm/Support/SaveAndRestore.h
-- Installing: /Users/zhoubot/linx-isa/tools/pyCircuit/.pycircuit_out/gates/20260906-issue39-closure-r3/agentic-circuit/toolchain/install/include/llvm/Support/Compiler.h
-- Installing: /Users/zhoubot/linx-isa/tools/pyCircuit/.pycircuit_out/gates/20260906-issue39-closure-r3/agentic-circuit/toolchain/install/include/llvm/Support/Base64.h
-- Installing: /Users/zhoubot/linx-isa/tools/pyCircuit/.pycircuit_out/gates/20260906-issue39-closure-r3/agentic-circuit/toolchain/install/include/llvm/Support/TargetSelect.h
-- Installing: /Users/zhoubot/linx-isa/tools/pyCircuit/.pycircuit_out/gates/20260906-issue39-closure-r3/agentic-circuit/toolchain/install/include/llvm/Support/Locale.h
-- Installing: /Users/zhoubot/linx-isa/tools/pyCircuit/.pycircuit_out/gates/20260906-issue39-closure-r3/agentic-circuit/toolchain/install/include/llvm/Support/ThreadPool.h
-- Installing: /Users/zhoubot/linx-isa/tools/pyCircuit/.pycircuit_out/gates/20260906-issue39-closure-r3/agentic-circuit/toolchain/install/include/llvm/Support/MathExtras.h
-- Installing: /Users/zhoubot/linx-isa/tools/pyCircuit/.pycircuit_out/gates/20260906-issue39-closure-r3/agentic-circuit/toolchain/install/include/llvm/Support/ELFAttributes.h
-- Installing: /Users/zhoubot/linx-isa/tools/pyCircuit/.pycircuit_out/gates/20260906-issue39-closure-r3/agentic-circuit/toolchain/install/include/llvm/Support/LEB128.h
-- Installing: /Users/zhoubot/linx-isa/tools/pyCircuit/.pycircuit_out/gates/20260906-issue39-closure-r3/agentic-circuit/toolchain/install/include/llvm/Support/ProgramStack.h
-- Installing: /Users/zhoubot/linx-isa/tools/pyCircuit/.pycircuit_out/gates/20260906-issue39-closure-r3/agentic-circuit/toolchain/install/include/llvm/Support/Alignment.h
-- Installing: /Users/zhoubot/linx-isa/tools/pyCircuit/.pycircuit_out/gates/20260906-issue39-closure-r3/agentic-circuit/toolchain/install/include/llvm/Support/VirtualFileSystem.h
-- Installing: /Users/zhoubot/linx-isa/tools/pyCircuit/.pycircuit_out/gates/20260906-issue39-closure-r3/agentic-circuit/toolchain/install/include/llvm/Support/HashBuilder.h
-- Installing: /Users/zhoubot/linx-isa/tools/pyCircuit/.pycircuit_out/gates/20260906-issue39-closure-r3/agentic-circuit/toolchain/install/include/llvm/Support/ExitCodes.h
-- Installing: /Users/zhoubot/linx-isa/tools/pyCircuit/.pycircuit_out/gates/20260906-issue39-closure-r3/agentic-circuit/toolchain/install/include/llvm/Support/Path.h
-- Installing: /Users/zhoubot/linx-isa/tools/pyCircuit/.pycircuit_out/gates/20260906-issue39-closure-r3/agentic-circuit/toolchain/install/include/llvm/Support/Caching.h
-- Installing: /Users/zhoubot/linx-isa/tools/pyCircuit/.pycircuit_out/gates/20260906-issue39-closure-r3/agentic-circuit/toolchain/install/include/llvm/Support/AMDGPUMetadata.h
-- Installing: /Users/zhoubot/linx-isa/tools/pyCircuit/.pycircuit_out/gates/20260906-issue39-closure-r3/agentic-circuit/toolchain/install/include/llvm/Support/Endian.h
-- Installing: /Users/zhoubot/linx-isa/tools/pyCircuit/.pycircuit_out/gates/20260906-issue39-closure-r3/agentic-circuit/toolchain/install/include/llvm/Support/Chrono.h
-- Installing: /Users/zhoubot/linx-isa/tools/pyCircuit/.pycircuit_out/gates/20260906-issue39-closure-r3/agentic-circuit/toolchain/install/include/llvm/Support/SMLoc.h
-- Installing: /Users/zhoubot/linx-isa/tools/pyCircuit/.pycircuit_out/gates/20260906-issue39-closure-r3/agentic-circuit/toolchain/install/include/llvm/Support/InstructionCost.h
-- Installing: /Users/zhoubot/linx-isa/tools/pyCircuit/.pycircuit_out/gates/20260906-issue39-closure-r3/agentic-circuit/toolchain/install/include/llvm/Support/ExponentialBackoff.h
-- Installing: /Users/zhoubot/linx-isa/tools/pyCircuit/.pycircuit_out/gates/20260906-issue39-closure-r3/agentic-circuit/toolchain/install/include/llvm/Support/FileUtilities.h
-- Installing: /Users/zhoubot/linx-isa/tools/pyCircuit/.pycircuit_out/gates/20260906-issue39-closure-r3/agentic-circuit/toolchain/install/include/llvm/Support/ELFAttrParserExtended.h
-- Installing: /Users/zhoubot/linx-isa/tools/pyCircuit/.pycircuit_out/gates/20260906-issue39-closure-r3/agentic-circuit/toolchain/install/include/llvm/Support/FormattedStream.h
-- Installing: /Users/zhoubot/linx-isa/tools/pyCircuit/.pycircuit_out/gates/20260906-issue39-closure-r3/agentic-circuit/toolchain/install/include/llvm/Support/BinaryStreamRef.h
-- Installing: /Users/zhoubot/linx-isa/tools/pyCircuit/.pycircuit_out/gates/20260906-issue39-closure-r3/agentic-circuit/toolchain/install/include/llvm/Support/circular_raw_ostream.h
-- Installing: /Users/zhoubot/linx-isa/tools/pyCircuit/.pycircuit_out/gates/20260906-issue39-closure-r3/agentic-circuit/toolchain/install/include/llvm/Support/ManagedStatic.h
-- Installing: /Users/zhoubot/linx-isa/tools/pyCircuit/.pycircuit_out/gates/20260906-issue39-closure-r3/agentic-circuit/toolchain/install/include/llvm/Support/DivisionByConstantInfo.h
-- Installing: /Users/zhoubot/linx-isa/tools/pyCircuit/.pycircuit_out/gates/20260906-issue39-closure-r3/agentic-circuit/toolchain/install/include/llvm/Support/raw_sha1_ostream.h
-- Installing: /Users/zhoubot/linx-isa/tools/pyCircuit/.pycircuit_out/gates/20260906-issue39-closure-r3/agentic-circuit/toolchain/install/include/llvm/Support/RandomNumberGenerator.h
-- Installing: /Users/zhoubot/linx-isa/tools/pyCircuit/.pycircuit_out/gates/20260906-issue39-closure-r3/agentic-circuit/toolchain/install/include/llvm/Support/Valgrind.h
-- Installing: /Users/zhoubot/linx-isa/tools/pyCircuit/.pycircuit_out/gates/20260906-issue39-closure-r3/agentic-circuit/toolchain/install/include/llvm/Support/ToolOutputFile.h
-- Installing: /Users/zhoubot/linx-isa/tools/pyCircuit/.pycircuit_out/gates/20260906-issue39-closure-r3/agentic-circuit/toolchain/install/include/llvm/Support/Threading.h
-- Installing: /Users/zhoubot/linx-isa/tools/pyCircuit/.pycircuit_out/gates/20260906-issue39-closure-r3/agentic-circuit/toolchain/install/include/llvm/Support/ArrayRecycler.h
-- Installing: /Users/zhoubot/linx-isa/tools/pyCircuit/.pycircuit_out/gates/20260906-issue39-closure-r3/agentic-circuit/toolchain/install/include/llvm/Support/CRC.h
-- Installing: /Users/zhoubot/linx-isa/tools/pyCircuit/.pycircuit_out/gates/20260906-issue39-closure-r3/agentic-circuit/toolchain/install/include/llvm/Support/ErrorOr.h
-- Installing: /Users/zhoubot/linx-isa/tools/pyCircuit/.pycircuit_out/gates/20260906-issue39-closure-r3/agentic-circuit/toolchain/install/include/llvm/Support/SipHash.h
-- Installing: /Users/zhoubot/linx-isa/tools/pyCircuit/.pycircuit_out/gates/20260906-issue39-closure-r3/agentic-circuit/toolchain/install/include/llvm/Support/BinaryStreamReader.h
-- Installing: /Users/zhoubot/linx-isa/tools/pyCircuit/.pycircuit_out/gates/20260906-issue39-closure-r3/agentic-circuit/toolchain/install/include/llvm/Support/MD5.h
-- Installing: /Users/zhoubot/linx-isa/tools/pyCircuit/.pycircuit_out/gates/20260906-issue39-closure-r3/agentic-circuit/toolchain/install/include/llvm/Support/SwapByteOrder.h
-- Installing: /Users/zhoubot/linx-isa/tools/pyCircuit/.pycircuit_out/gates/20260906-issue39-closure-r3/agentic-circuit/toolchain/install/include/llvm/Support/AMDGPUAddrSpace.h
-- Installing: /Users/zhoubot/linx-isa/tools/pyCircuit/.pycircuit_out/gates/20260906-issue39-closure-r3/agentic-circuit/toolchain/install/include/llvm/Support/IntegerInclusiveInterval.h
-- Installing: /Users/zhoubot/linx-isa/tools/pyCircuit/.pycircuit_out/gates/20260906-issue39-closure-r3/agentic-circuit/toolchain/install/include/llvm/Support/BLAKE3.h
-- Installing: /Users/zhoubot/linx-isa/tools/pyCircuit/.pycircuit_out/gates/20260906-issue39-closure-r3/agentic-circuit/toolchain/install/include/llvm/Support/VirtualOutputFile.h
-- Installing: /Users/zhoubot/linx-isa/tools/pyCircuit/.pycircuit_out/gates/20260906-issue39-closure-r3/agentic-circuit/toolchain/install/include/llvm/Support/VirtualOutputConfig.def
-- Installing: /Users/zhoubot/linx-isa/tools/pyCircuit/.pycircuit_out/gates/20260906-issue39-closure-r3/agentic-circuit/toolchain/install/include/llvm/Support/VirtualOutputConfig.h
-- Installing: /Users/zhoubot/linx-isa/tools/pyCircuit/.pycircuit_out/gates/20260906-issue39-closure-r3/agentic-circuit/toolchain/install/include/llvm/Support/BranchProbability.h
-- Installing: /Users/zhoubot/linx-isa/tools/pyCircuit/.pycircuit_out/gates/20260906-issue39-closure-r3/agentic-circuit/toolchain/install/include/llvm/Support/SHA256.h
-- Installing: /Users/zhoubot/linx-isa/tools/pyCircuit/.pycircuit_out/gates/20260906-issue39-closure-r3/agentic-circuit/toolchain/install/include/llvm/Support/TargetOpcodes.def
-- Installing: /Users/zhoubot/linx-isa/tools/pyCircuit/.pycircuit_out/gates/20260906-issue39-closure-r3/agentic-circuit/toolchain/install/include/llvm/Support/NativeFormatting.h
-- Installing: /Users/zhoubot/linx-isa/tools/pyCircuit/.pycircuit_out/gates/20260906-issue39-closure-r3/agentic-circuit/toolchain/install/include/llvm/Support/Regex.h
-- Installing: /Users/zhoubot/linx-isa/tools/pyCircuit/.pycircuit_out/gates/20260906-issue39-closure-r3/agentic-circuit/toolchain/install/include/llvm/Support/AlwaysTrue.h
-- Installing: /Users/zhoubot/linx-isa/tools/pyCircuit/.pycircuit_out/gates/20260906-issue39-closure-r3/agentic-circuit/toolchain/install/include/llvm/Support/MSP430AttributeParser.h
-- Installing: /Users/zhoubot/linx-isa/tools/pyCircuit/.pycircuit_out/gates/20260906-issue39-closure-r3/agentic-circuit/toolchain/install/include/llvm/Support/Signals.h
-- Installing: /Users/zhoubot/linx-isa/tools/pyCircuit/.pycircuit_out/gates/20260906-issue39-closure-r3/agentic-circuit/toolchain/install/include/llvm/Support/ARMAttributeParser.h
-- Installing: /Users/zhoubot/linx-isa/tools/pyCircuit/.pycircuit_out/gates/20260906-issue39-closure-r3/agentic-circuit/toolchain/install/include/llvm/Support/BalancedPartitioning.h
-- Installing: /Users/zhoubot/linx-isa/tools/pyCircuit/.pycircuit_out/gates/20260906-issue39-closure-r3/agentic-circuit/toolchain/install/include/llvm/Support/GenericLoopInfoImpl.h
-- Installing: /Users/zhoubot/linx-isa/tools/pyCircuit/.pycircuit_out/gates/20260906-issue39-closure-r3/agentic-circuit/toolchain/install/include/llvm/Support/ELFAttrParserCompact.h
-- Installing: /Users/zhoubot/linx-isa/tools/pyCircuit/.pycircuit_out/gates/20260906-issue39-closure-r3/agentic-circuit/toolchain/install/include/llvm/Support/LSP
-- Installing: /Users/zhoubot/linx-isa/tools/pyCircuit/.pycircuit_out/gates/20260906-issue39-closure-r3/agentic-circuit/toolchain/install/include/llvm/Support/LSP/Protocol.h
-- Installing: /Users/zhoubot/linx-isa/tools/pyCircuit/.pycircuit_out/gates/20260906-issue39-closure-r3/agentic-circuit/toolchain/install/include/llvm/Support/LSP/Logging.h
-- Installing: /Users/zhoubot/linx-isa/tools/pyCircuit/.pycircuit_out/gates/20260906-issue39-closure-r3/agentic-circuit/toolchain/install/include/llvm/Support/LSP/Transport.h
-- Installing: /Users/zhoubot/linx-isa/tools/pyCircuit/.pycircuit_out/gates/20260906-issue39-closure-r3/agentic-circuit/toolchain/install/include/llvm/Support/OptionStrCmp.h
-- Installing: /Users/zhoubot/linx-isa/tools/pyCircuit/.pycircuit_out/gates/20260906-issue39-closure-r3/agentic-circuit/toolchain/install/include/llvm/Support/FileSystem
-- Installing: /Users/zhoubot/linx-isa/tools/pyCircuit/.pycircuit_out/gates/20260906-issue39-closure-r3/agentic-circuit/toolchain/install/include/llvm/Support/FileSystem/UniqueID.h
-- Installing: /Users/zhoubot/linx-isa/tools/pyCircuit/.pycircuit_out/gates/20260906-issue39-closure-r3/agentic-circuit/toolchain/install/include/llvm/Support/ARMBuildAttributes.h
-- Installing: /Users/zhoubot/linx-isa/tools/pyCircuit/.pycircuit_out/gates/20260906-issue39-closure-r3/agentic-circuit/toolchain/install/include/llvm/Support/ARMWinEH.h
-- Installing: /Users/zhoubot/linx-isa/tools/pyCircuit/.pycircuit_out/gates/20260906-issue39-closure-r3/agentic-circuit/toolchain/install/include/llvm/Support/RWMutex.h
-- Installing: /Users/zhoubot/linx-isa/tools/pyCircuit/.pycircuit_out/gates/20260906-issue39-closure-r3/agentic-circuit/toolchain/install/include/llvm/Support/Recycler.h
-- Installing: /Users/zhoubot/linx-isa/tools/pyCircuit/.pycircuit_out/gates/20260906-issue39-closure-r3/agentic-circuit/toolchain/install/include/llvm/Support/Registry.h
-- Installing: /Users/zhoubot/linx-isa/tools/pyCircuit/.pycircuit_out/gates/20260906-issue39-closure-r3/agentic-circuit/toolchain/install/include/llvm/Support/Compression.h
-- Installing: /Users/zhoubot/linx-isa/tools/pyCircuit/.pycircuit_out/gates/20260906-issue39-closure-r3/agentic-circuit/toolchain/install/include/llvm/Support/AdvisoryLock.h
-- Installing: /Users/zhoubot/linx-isa/tools/pyCircuit/.pycircuit_out/gates/20260906-issue39-closure-r3/agentic-circuit/toolchain/install/include/llvm/Support/COM.h
-- Installing: /Users/zhoubot/linx-isa/tools/pyCircuit/.pycircuit_out/gates/20260906-issue39-closure-r3/agentic-circuit/toolchain/install/include/llvm/Support/FormatCommon.h
-- Installing: /Users/zhoubot/linx-isa/tools/pyCircuit/.pycircuit_out/gates/20260906-issue39-closure-r3/agentic-circuit/toolchain/install/include/llvm/Support/ExtensibleRTTI.h
-- Installing: /Users/zhoubot/linx-isa/tools/pyCircuit/.pycircuit_out/gates/20260906-issue39-closure-r3/agentic-circuit/toolchain/install/include/llvm/Support/PointerLikeTypeTraits.h
-- Installing: /Users/zhoubot/linx-isa/tools/pyCircuit/.pycircuit_out/gates/20260906-issue39-closure-r3/agentic-circuit/toolchain/install/include/llvm/Support/Extension.def
-- Installing: /Users/zhoubot/linx-isa/tools/pyCircuit/.pycircuit_out/gates/20260906-issue39-closure-r3/agentic-circuit/toolchain/install/include/llvm/Support/KnownFPClass.h
-- Installing: /Users/zhoubot/linx-isa/tools/pyCircuit/.pycircuit_out/gates/20260906-issue39-closure-r3/agentic-circuit/toolchain/install/include/llvm/Support/DataTypes.h
-- Installing: /Users/zhoubot/linx-isa/tools/pyCircuit/.pycircuit_out/gates/20260906-issue39-closure-r3/agentic-circuit/toolchain/install/include/llvm/Support/BinaryStream.h
-- Installing: /Users/zhoubot/linx-isa/tools/pyCircuit/.pycircuit_out/gates/20260906-issue39-closure-r3/agentic-circuit/toolchain/install/include/llvm/Support/Timer.h
-- Installing: /Users/zhoubot/linx-isa/tools/pyCircuit/.pycircuit_out/gates/20260906-issue39-closure-r3/agentic-circuit/toolchain/install/include/llvm/Support/CFGDiff.h
-- Installing: /Users/zhoubot/linx-isa/tools/pyCircuit/.pycircuit_out/gates/20260906-issue39-closure-r3/agentic-circuit/toolchain/install/include/llvm/Support/CodeGen.h
-- Installing: /Users/zhoubot/linx-isa/tools/pyCircuit/.pycircuit_out/gates/20260906-issue39-closure-r3/agentic-circuit/toolchain/install/include/llvm/Support/LogicalResult.h
-- Installing: /Users/zhoubot/linx-isa/tools/pyCircuit/.pycircuit_out/gates/20260906-issue39-closure-r3/agentic-circuit/toolchain/install/include/llvm/Support/TarWriter.h
-- Installing: /Users/zhoubot/linx-isa/tools/pyCircuit/.pycircuit_out/gates/20260906-issue39-closure-r3/agentic-circuit/toolchain/install/include/llvm/Support/Unicode.h
-- Installing: /Users/zhoubot/linx-isa/tools/pyCircuit/.pycircuit_out/gates/20260906-issue39-closure-r3/agentic-circuit/toolchain/install/include/llvm/Support/float128.h
-- Installing: /Users/zhoubot/linx-isa/tools/pyCircuit/.pycircuit_out/gates/20260906-issue39-closure-r3/agentic-circuit/toolchain/install/include/llvm/Support/Printable.h
-- Installing: /Users/zhoubot/linx-isa/tools/pyCircuit/.pycircuit_out/gates/20260906-issue39-closure-r3/agentic-circuit/toolchain/install/include/llvm/Support/AtomicOrdering.h
-- Installing: /Users/zhoubot/linx-isa/tools/pyCircuit/.pycircuit_out/gates/20260906-issue39-closure-r3/agentic-circuit/toolchain/install/include/llvm/Support/thread.h
-- Installing: /Users/zhoubot/linx-isa/tools/pyCircuit/.pycircuit_out/gates/20260906-issue39-closure-r3/agentic-circuit/toolchain/install/include/llvm/Support/RecyclingAllocator.h
-- Installing: /Users/zhoubot/linx-isa/tools/pyCircuit/.pycircuit_out/gates/20260906-issue39-closure-r3/agentic-circuit/toolchain/install/include/llvm/Support/AMDHSAKernelDescriptor.h
-- Installing: /Users/zhoubot/linx-isa/tools/pyCircuit/.pycircuit_out/gates/20260906-issue39-closure-r3/agentic-circuit/toolchain/install/include/llvm/Support/SpecialCaseList.h
-- Installing: /Users/zhoubot/linx-isa/tools/pyCircuit/.pycircuit_out/gates/20260906-issue39-closure-r3/agentic-circuit/toolchain/install/include/llvm/Support/RISCVAttributeParser.h
-- Installing: /Users/zhoubot/linx-isa/tools/pyCircuit/.pycircuit_out/gates/20260906-issue39-closure-r3/agentic-circuit/toolchain/install/include/llvm/Support/SuffixTree.h
-- Installing: /Users/zhoubot/linx-isa/tools/pyCircuit/.pycircuit_out/gates/20260906-issue39-closure-r3/agentic-circuit/toolchain/install/include/llvm/Support/ConvertEBCDIC.h
-- Installing: /Users/zhoubot/linx-isa/tools/pyCircuit/.pycircuit_out/gates/20260906-issue39-closure-r3/agentic-circuit/toolchain/install/include/llvm/Support/Capacity.h
-- Installing: /Users/zhoubot/linx-isa/tools/pyCircuit/.pycircuit_out/gates/20260906-issue39-closure-r3/agentic-circuit/toolchain/install/include/llvm/Support/VirtualOutputBackend.h
-- Installing: /Users/zhoubot/linx-isa/tools/pyCircuit/.pycircuit_out/gates/20260906-issue39-closure-r3/agentic-circuit/toolchain/install/include/llvm/Support/Allocator.h
-- Installing: /Users/zhoubot/linx-isa/tools/pyCircuit/.pycircuit_out/gates/20260906-issue39-closure-r3/agentic-circuit/toolchain/install/include/llvm/Support/FormatVariadicDetails.h
-- Installing: /Users/zhoubot/linx-isa/tools/pyCircuit/.pycircuit_out/gates/20260906-issue39-closure-r3/agentic-circuit/toolchain/install/include/llvm/Support/CheckedArithmetic.h
-- Installing: /Users/zhoubot/linx-isa/tools/pyCircuit/.pycircuit_out/gates/20260906-issue39-closure-r3/agentic-circuit/toolchain/install/include/llvm/Support/CSKYAttributeParser.h
-- Installing: /Users/zhoubot/linx-isa/tools/pyCircuit/.pycircuit_out/gates/20260906-issue39-closure-r3/agentic-circuit/toolchain/install/include/llvm/Support/JSON.h
-- Installing: /Users/zhoubot/linx-isa/tools/pyCircuit/.pycircuit_out/gates/20260906-issue39-closure-r3/agentic-circuit/toolchain/install/include/llvm/Support/DOTGraphTraits.h
-- Installing: /Users/zhoubot/linx-isa/tools/pyCircuit/.pycircuit_out/gates/20260906-issue39-closure-r3/agentic-circuit/toolchain/install/include/llvm/Support/MSVCErrorWorkarounds.h
-- Installing: /Users/zhoubot/linx-isa/tools/pyCircuit/.pycircuit_out/gates/20260906-issue39-closure-r3/agentic-circuit/toolchain/install/include/llvm/Support/YAMLTraits.h
-- Installing: /Users/zhoubot/linx-isa/tools/pyCircuit/.pycircuit_out/gates/20260906-issue39-closure-r3/agentic-circuit/toolchain/install/include/llvm/Support/KnownBits.h
-- Installing: /Users/zhoubot/linx-isa/tools/pyCircuit/.pycircuit_out/gates/20260906-issue39-closure-r3/agentic-circuit/toolchain/install/include/llvm/Support/DJB.h
-- Installing: /Users/zhoubot/linx-isa/tools/pyCircuit/.pycircuit_out/gates/20260906-issue39-closure-r3/agentic-circuit/toolchain/install/include/llvm/Support/SMTAPI.h
-- Installing: /Users/zhoubot/linx-isa/tools/pyCircuit/.pycircuit_out/gates/20260906-issue39-closure-r3/agentic-circuit/toolchain/install/include/llvm/Support/LockFileManager.h
-- Installing: /Users/zhoubot/linx-isa/tools/pyCircuit/.pycircuit_out/gates/20260906-issue39-closure-r3/agentic-circuit/toolchain/install/include/llvm/Support/IOSandbox.h
-- Installing: /Users/zhoubot/linx-isa/tools/pyCircuit/.pycircuit_out/gates/20260906-issue39-closure-r3/agentic-circuit/toolchain/install/include/llvm/Support/WithColor.h
-- Installing: /Users/zhoubot/linx-isa/tools/pyCircuit/.pycircuit_out/gates/20260906-issue39-closure-r3/agentic-circuit/toolchain/install/include/llvm/Support/BinaryStreamArray.h
-- Installing: /Users/zhoubot/linx-isa/tools/pyCircuit/.pycircuit_out/gates/20260906-issue39-closure-r3/agentic-circuit/toolchain/install/include/llvm/Support/PluginLoader.h
-- Installing: /Users/zhoubot/linx-isa/tools/pyCircuit/.pycircuit_out/gates/20260906-issue39-closure-r3/agentic-circuit/toolchain/install/include/llvm/Support/HexagonAttributeParser.h
-- Installing: /Users/zhoubot/linx-isa/tools/pyCircuit/.pycircuit_out/gates/20260906-issue39-closure-r3/agentic-circuit/toolchain/install/include/llvm/Support/UnicodeCharRanges.h
-- Installing: /Users/zhoubot/linx-isa/tools/pyCircuit/.pycircuit_out/gates/20260906-issue39-closure-r3/agentic-circuit/toolchain/install/include/llvm/Support/Process.h
-- Installing: /Users/zhoubot/linx-isa/tools/pyCircuit/.pycircuit_out/gates/20260906-issue39-closure-r3/agentic-circuit/toolchain/install/include/llvm/Support/ConvertUTF.h
-- Installing: /Users/zhoubot/linx-isa/tools/pyCircuit/.pycircuit_out/gates/20260906-issue39-closure-r3/agentic-circuit/toolchain/install/include/llvm/Support/GraphWriter.h
-- Installing: /Users/zhoubot/linx-isa/tools/pyCircuit/.pycircuit_out/gates/20260906-issue39-closure-r3/agentic-circuit/toolchain/install/include/llvm/Support/BCD.h
-- Installing: /Users/zhoubot/linx-isa/tools/pyCircuit/.pycircuit_out/gates/20260906-issue39-closure-r3/agentic-circuit/toolchain/install/include/llvm/Support/SystemUtils.h
-- Installing: /Users/zhoubot/linx-isa/tools/pyCircuit/.pycircuit_out/gates/20260906-issue39-closure-r3/agentic-circuit/toolchain/install/include/llvm/Support/Memory.h
-- Installing: /Users/zhoubot/linx-isa/tools/pyCircuit/.pycircuit_out/gates/20260906-issue39-closure-r3/agentic-circuit/toolchain/install/include/llvm/Support/Discriminator.h
-- Installing: /Users/zhoubot/linx-isa/tools/pyCircuit/.pycircuit_out/gates/20260906-issue39-closure-r3/agentic-circuit/toolchain/install/include/llvm/Support/SourceMgr.h
-- Installing: /Users/zhoubot/linx-isa/tools/pyCircuit/.pycircuit_out/gates/20260906-issue39-closure-r3/agentic-circuit/toolchain/install/include/llvm/Support/InterleavedRange.h
-- Installing: /Users/zhoubot/linx-isa/tools/pyCircuit/.pycircuit_out/gates/20260906-issue39-closure-r3/agentic-circuit/toolchain/install/include/llvm/Support/OptimizedStructLayout.h
-- Installing: /Users/zhoubot/linx-isa/tools/pyCircuit/.pycircuit_out/gates/20260906-issue39-closure-r3/agentic-circuit/toolchain/install/include/llvm/Support/SHA1.h
-- Installing: /Users/zhoubot/linx-isa/tools/pyCircuit/.pycircuit_out/gates/20260906-issue39-closure-r3/agentic-circuit/toolchain/install/include/llvm/Support/Errno.h
-- Installing: /Users/zhoubot/linx-isa/tools/pyCircuit/.pycircuit_out/gates/20260906-issue39-closure-r3/agentic-circuit/toolchain/install/include/llvm/Support/MemoryBufferRef.h
-- Installing: /Users/zhoubot/linx-isa/tools/pyCircuit/.pycircuit_out/gates/20260906-issue39-closure-r3/agentic-circuit/toolchain/install/include/llvm/Support/HashingOutputBackend.h
-- Installing: /Users/zhoubot/linx-isa/tools/pyCircuit/.pycircuit_out/gates/20260906-issue39-closure-r3/agentic-circuit/toolchain/install/include/llvm/Support/YAMLParser.h
-- Installing: /Users/zhoubot/linx-isa/tools/pyCircuit/.pycircuit_out/gates/20260906-issue39-closure-r3/agentic-circuit/toolchain/install/include/llvm/Support/EndianStream.h
-- Installing: /Users/zhoubot/linx-isa/tools/pyCircuit/.pycircuit_out/gates/20260906-issue39-closure-r3/agentic-circuit/toolchain/install/include/llvm/Support/BlockFrequency.h
-- Installing: /Users/zhoubot/linx-isa/tools/pyCircuit/.pycircuit_out/gates/20260906-issue39-closure-r3/agentic-circuit/toolchain/install/include/llvm/Support/ErrorHandling.h
-- Installing: /Users/zhoubot/linx-isa/tools/pyCircuit/.pycircuit_out/gates/20260906-issue39-closure-r3/agentic-circuit/toolchain/install/include/llvm/Support/AArch64BuildAttributes.h
-- Installing: /Users/zhoubot/linx-isa/tools/pyCircuit/.pycircuit_out/gates/20260906-issue39-closure-r3/agentic-circuit/toolchain/install/include/llvm/Support/raw_ostream.h
-- Installing: /Users/zhoubot/linx-isa/tools/pyCircuit/.pycircuit_out/gates/20260906-issue39-closure-r3/agentic-circuit/toolchain/install/include/llvm/Support/VirtualOutputError.h
-- Installing: /Users/zhoubot/linx-isa/tools/pyCircuit/.pycircuit_out/gates/20260906-issue39-closure-r3/agentic-circuit/toolchain/install/include/llvm/Support/SmallVectorMemoryBuffer.h
-- Installing: /Users/zhoubot/linx-isa/tools/pyCircuit/.pycircuit_out/gates/20260906-issue39-closure-r3/agentic-circuit/toolchain/install/include/llvm/Support/PrettyStackTrace.h
-- Installing: /Users/zhoubot/linx-isa/tools/pyCircuit/.pycircuit_out/gates/20260906-issue39-closure-r3/agentic-circuit/toolchain/install/include/llvm/Support/BinaryItemStream.h
-- Installing: /Users/zhoubot/linx-isa/tools/pyCircuit/.pycircuit_out/gates/20260906-issue39-closure-r3/agentic-circuit/toolchain/install/include/llvm/Support/CachePruning.h
-- Installing: /Users/zhoubot/linx-isa/tools/pyCircuit/.pycircuit_out/gates/20260906-issue39-closure-r3/agentic-circuit/toolchain/install/include/llvm/Support/AllocatorBase.h
-- Installing: /Users/zhoubot/linx-isa/tools/pyCircuit/.pycircuit_out/gates/20260906-issue39-closure-r3/agentic-circuit/toolchain/install/include/llvm/Support/DynamicLibrary.h
-- Installing: /Users/zhoubot/linx-isa/tools/pyCircuit/.pycircuit_out/gates/20260906-issue39-closure-r3/agentic-circuit/toolchain/install/include/llvm/Support/ThreadSafeAllocator.h
-- Installing: /Users/zhoubot/linx-isa/tools/pyCircuit/.pycircuit_out/gates/20260906-issue39-closure-r3/agentic-circuit/toolchain/install/include/llvm/Support/CodeGenCoverage.h
-- Installing: /Users/zhoubot/linx-isa/tools/pyCircuit/.pycircuit_out/gates/20260906-issue39-closure-r3/agentic-circuit/toolchain/install/include/llvm/Support/VersionTuple.h
-- Installing: /Users/zhoubot/linx-isa/tools/pyCircuit/.pycircuit_out/gates/20260906-issue39-closure-r3/agentic-circuit/toolchain/install/include/llvm/Support/BuryPointer.h
-- Installing: /Users/zhoubot/linx-isa/tools/pyCircuit/.pycircuit_out/gates/20260906-issue39-closure-r3/agentic-circuit/toolchain/install/include/llvm/Support/Automaton.h
-- Installing: /Users/zhoubot/linx-isa/tools/pyCircuit/.pycircuit_out/gates/20260906-issue39-closure-r3/agentic-circuit/toolchain/install/include/llvm/Support/BinaryByteStream.h
-- Installing: /Users/zhoubot/linx-isa/tools/pyCircuit/.pycircuit_out/gates/20260906-issue39-closure-r3/agentic-circuit/toolchain/install/include/llvm/Support/StringSaver.h
-- Installing: /Users/zhoubot/linx-isa/tools/pyCircuit/.pycircuit_out/gates/20260906-issue39-closure-r3/agentic-circuit/toolchain/install/include/llvm/Support/ScopedPrinter.h
-- Installing: /Users/zhoubot/linx-isa/tools/pyCircuit/.pycircuit_out/gates/20260906-issue39-closure-r3/agentic-circuit/toolchain/install/include/llvm/Support/Mutex.h
-- Installing: /Users/zhoubot/linx-isa/tools/pyCircuit/.pycircuit_out/gates/20260906-issue39-closure-r3/agentic-circuit/toolchain/install/include/llvm/Support/Program.h
-- Installing: /Users/zhoubot/linx-isa/tools/pyCircuit/.pycircuit_out/gates/20260906-issue39-closure-r3/agentic-circuit/toolchain/install/include/llvm/Support/HexagonAttributes.h
-- Installing: /Users/zhoubot/linx-isa/tools/pyCircuit/.pycircuit_out/gates/20260906-issue39-closure-r3/agentic-circuit/toolchain/install/include/llvm/Support/RISCVISAUtils.h
-- Installing: /Users/zhoubot/linx-isa/tools/pyCircuit/.pycircuit_out/gates/20260906-issue39-closure-r3/agentic-circuit/toolchain/install/include/llvm/Support/CommandLine.h
-- Installing: /Users/zhoubot/linx-isa/tools/pyCircuit/.pycircuit_out/gates/20260906-issue39-closure-r3/agentic-circuit/toolchain/install/include/llvm/Support/TextEncoding.h
-- Installing: /Users/zhoubot/linx-isa/tools/pyCircuit/.pycircuit_out/gates/20260906-issue39-closure-r3/agentic-circuit/toolchain/install/include/llvm/Support/X86DisassemblerDecoderCommon.h
-- Installing: /Users/zhoubot/linx-isa/tools/pyCircuit/.pycircuit_out/gates/20260906-issue39-closure-r3/agentic-circuit/toolchain/install/include/llvm/Support/DataExtractor.h
-- Installing: /Users/zhoubot/linx-isa/tools/pyCircuit/.pycircuit_out/gates/20260906-issue39-closure-r3/agentic-circuit/toolchain/install/include/llvm/Support/Windows
-- Installing: /Users/zhoubot/linx-isa/tools/pyCircuit/.pycircuit_out/gates/20260906-issue39-closure-r3/agentic-circuit/toolchain/install/include/llvm/Support/Windows/WindowsSupport.h
-- Installing: /Users/zhoubot/linx-isa/tools/pyCircuit/.pycircuit_out/gates/20260906-issue39-closure-r3/agentic-circuit/toolchain/install/include/llvm/Support/PGOOptions.h
-- Installing: /Users/zhoubot/linx-isa/tools/pyCircuit/.pycircuit_out/gates/20260906-issue39-closure-r3/agentic-circuit/toolchain/install/include/llvm/Support/LICENSE.TXT
-- Installing: /Users/zhoubot/linx-isa/tools/pyCircuit/.pycircuit_out/gates/20260906-issue39-closure-r3/agentic-circuit/toolchain/install/include/llvm/Support/Solaris
-- Installing: /Users/zhoubot/linx-isa/tools/pyCircuit/.pycircuit_out/gates/20260906-issue39-closure-r3/agentic-circuit/toolchain/install/include/llvm/Support/Solaris/sys
-- Installing: /Users/zhoubot/linx-isa/tools/pyCircuit/.pycircuit_out/gates/20260906-issue39-closure-r3/agentic-circuit/toolchain/install/include/llvm/Support/Solaris/sys/regset.h
-- Installing: /Users/zhoubot/linx-isa/tools/pyCircuit/.pycircuit_out/gates/20260906-issue39-closure-r3/agentic-circuit/toolchain/install/include/llvm/Support/ReverseIteration.h
-- Installing: /Users/zhoubot/linx-isa/tools/pyCircuit/.pycircuit_out/gates/20260906-issue39-closure-r3/agentic-circuit/toolchain/install/include/llvm/Support/ELFAttributeParser.h
-- Installing: /Users/zhoubot/linx-isa/tools/pyCircuit/.pycircuit_out/gates/20260906-issue39-closure-r3/agentic-circuit/toolchain/install/include/llvm/Support/Format.h
-- Installing: /Users/zhoubot/linx-isa/tools/pyCircuit/.pycircuit_out/gates/20260906-issue39-closure-r3/agentic-circuit/toolchain/install/include/llvm/Support/FormatVariadic.h
-- Installing: /Users/zhoubot/linx-isa/tools/pyCircuit/.pycircuit_out/gates/20260906-issue39-closure-r3/agentic-circuit/toolchain/install/include/llvm/Support/type_traits.h
-- Installing: /Users/zhoubot/linx-isa/tools/pyCircuit/.pycircuit_out/gates/20260906-issue39-closure-r3/agentic-circuit/toolchain/install/include/llvm/Support/SystemZ
-- Installing: /Users/zhoubot/linx-isa/tools/pyCircuit/.pycircuit_out/gates/20260906-issue39-closure-r3/agentic-circuit/toolchain/install/include/llvm/Support/SystemZ/zos_wrappers
-- Installing: /Users/zhoubot/linx-isa/tools/pyCircuit/.pycircuit_out/gates/20260906-issue39-closure-r3/agentic-circuit/toolchain/install/include/llvm/Support/SystemZ/zos_wrappers/string.h
-- Installing: /Users/zhoubot/linx-isa/tools/pyCircuit/.pycircuit_out/gates/20260906-issue39-closure-r3/agentic-circuit/toolchain/install/include/llvm/Support/VCSRevision.h
-- Installing: /Users/zhoubot/linx-isa/tools/pyCircuit/.pycircuit_out/gates/20260906-issue39-closure-r3/agentic-circuit/toolchain/install/include/llvm/Support/AArch64AttributeParser.h
-- Installing: /Users/zhoubot/linx-isa/tools/pyCircuit/.pycircuit_out/gates/20260906-issue39-closure-r3/agentic-circuit/toolchain/install/include/llvm/Support/Signposts.h
-- Installing: /Users/zhoubot/linx-isa/tools/pyCircuit/.pycircuit_out/gates/20260906-issue39-closure-r3/agentic-circuit/toolchain/install/include/llvm/Support/Jobserver.h
-- Installing: /Users/zhoubot/linx-isa/tools/pyCircuit/.pycircuit_out/gates/20260906-issue39-closure-r3/agentic-circuit/toolchain/install/include/llvm/Support/GenericDomTreeConstruction.h
-- Installing: /Users/zhoubot/linx-isa/tools/pyCircuit/.pycircuit_out/gates/20260906-issue39-closure-r3/agentic-circuit/toolchain/install/include/llvm/Support/CrashRecoveryContext.h
-- Installing: /Users/zhoubot/linx-isa/tools/pyCircuit/.pycircuit_out/gates/20260906-issue39-closure-r3/agentic-circuit/toolchain/install/include/llvm/Support/Parallel.h
-- Installing: /Users/zhoubot/linx-isa/tools/pyCircuit/.pycircuit_out/gates/20260906-issue39-closure-r3/agentic-circuit/toolchain/install/include/llvm/Support/raw_ostream_proxy.h
-- Installing: /Users/zhoubot/linx-isa/tools/pyCircuit/.pycircuit_out/gates/20260906-issue39-closure-r3/agentic-circuit/toolchain/install/include/llvm/Support/LLVMDriver.h
-- Installing: /Users/zhoubot/linx-isa/tools/pyCircuit/.pycircuit_out/gates/20260906-issue39-closure-r3/agentic-circuit/toolchain/install/include/llvm/Support/TrailingObjects.h
-- Installing: /Users/zhoubot/linx-isa/tools/pyCircuit/.pycircuit_out/gates/20260906-issue39-closure-r3/agentic-circuit/toolchain/install/include/llvm/Support/raw_socket_stream.h
-- Installing: /Users/zhoubot/linx-isa/tools/pyCircuit/.pycircuit_out/gates/20260906-issue39-closure-r3/agentic-circuit/toolchain/install/include/llvm/Support/UniqueBBID.h
-- Installing: /Users/zhoubot/linx-isa/tools/pyCircuit/.pycircuit_out/gates/20260906-issue39-closure-r3/agentic-circuit/toolchain/install/include/llvm/Support/RISCVAttributes.h
-- Installing: /Users/zhoubot/linx-isa/tools/pyCircuit/.pycircuit_out/gates/20260906-issue39-closure-r3/agentic-circuit/toolchain/install/include/llvm/Support/FormatProviders.h
-- Installing: /Users/zhoubot/linx-isa/tools/pyCircuit/.pycircuit_out/gates/20260906-issue39-closure-r3/agentic-circuit/toolchain/install/include/llvm/Support/LineIterator.h
-- Installing: /Users/zhoubot/linx-isa/tools/pyCircuit/.pycircuit_out/gates/20260906-issue39-closure-r3/agentic-circuit/toolchain/install/include/llvm/Support/Hash.h
-- Installing: /Users/zhoubot/linx-isa/tools/pyCircuit/.pycircuit_out/gates/20260906-issue39-closure-r3/agentic-circuit/toolchain/install/include/llvm/Support/MemoryBuffer.h
-- Installing: /Users/zhoubot/linx-isa/tools/pyCircuit/.pycircuit_out/gates/20260906-issue39-closure-r3/agentic-circuit/toolchain/install/include/llvm/Support/FileOutputBuffer.h
-- Installing: /Users/zhoubot/linx-isa/tools/pyCircuit/.pycircuit_out/gates/20260906-issue39-closure-r3/agentic-circuit/toolchain/install/include/llvm/Support/MSP430Attributes.h
-- Installing: /Users/zhoubot/linx-isa/tools/pyCircuit/.pycircuit_out/gates/20260906-issue39-closure-r3/agentic-circuit/toolchain/install/include/llvm/Support/MemAlloc.h
-- Installing: /Users/zhoubot/linx-isa/tools/pyCircuit/.pycircuit_out/gates/20260906-issue39-closure-r3/agentic-circuit/toolchain/install/include/llvm/Support/WindowsError.h
-- Installing: /Users/zhoubot/linx-isa/tools/pyCircuit/.pycircuit_out/gates/20260906-issue39-closure-r3/agentic-circuit/toolchain/install/include/llvm/Support/BinaryStreamWriter.h
-- Installing: /Users/zhoubot/linx-isa/tools/pyCircuit/.pycircuit_out/gates/20260906-issue39-closure-r3/agentic-circuit/toolchain/install/include/llvm/Support/Atomic.h
-- Installing: /Users/zhoubot/linx-isa/tools/pyCircuit/.pycircuit_out/gates/20260906-issue39-closure-r3/agentic-circuit/toolchain/install/include/llvm/Support/FileCollector.h
-- Installing: /Users/zhoubot/linx-isa/tools/pyCircuit/.pycircuit_out/gates/20260906-issue39-closure-r3/agentic-circuit/toolchain/install/include/llvm/Support/InitLLVM.h
-- Installing: /Users/zhoubot/linx-isa/tools/pyCircuit/.pycircuit_out/gates/20260906-issue39-closure-r3/agentic-circuit/toolchain/install/include/llvm/DebugInfo
-- Installing: /Users/zhoubot/linx-isa/tools/pyCircuit/.pycircuit_out/gates/20260906-issue39-closure-r3/agentic-circuit/toolchain/install/include/llvm/DebugInfo/MSF
-- Installing: /Users/zhoubot/linx-isa/tools/pyCircuit/.pycircuit_out/gates/20260906-issue39-closure-r3/agentic-circuit/toolchain/install/include/llvm/DebugInfo/MSF/MSFBuilder.h
-- Installing: /Users/zhoubot/linx-isa/tools/pyCircuit/.pycircuit_out/gates/20260906-issue39-closure-r3/agentic-circuit/toolchain/install/include/llvm/DebugInfo/MSF/IMSFFile.h
-- Installing: /Users/zhoubot/linx-isa/tools/pyCircuit/.pycircuit_out/gates/20260906-issue39-closure-r3/agentic-circuit/toolchain/install/include/llvm/DebugInfo/MSF/MappedBlockStream.h
-- Installing: /Users/zhoubot/linx-isa/tools/pyCircuit/.pycircuit_out/gates/20260906-issue39-closure-r3/agentic-circuit/toolchain/install/include/llvm/DebugInfo/MSF/MSFCommon.h
-- Installing: /Users/zhoubot/linx-isa/tools/pyCircuit/.pycircuit_out/gates/20260906-issue39-closure-r3/agentic-circuit/toolchain/install/include/llvm/DebugInfo/MSF/MSFError.h
-- Installing: /Users/zhoubot/linx-isa/tools/pyCircuit/.pycircuit_out/gates/20260906-issue39-closure-r3/agentic-circuit/toolchain/install/include/llvm/DebugInfo/DIContext.h
-- Installing: /Users/zhoubot/linx-isa/tools/pyCircuit/.pycircuit_out/gates/20260906-issue39-closure-r3/agentic-circuit/toolchain/install/include/llvm/DebugInfo/DWARF
-- Installing: /Users/zhoubot/linx-isa/tools/pyCircuit/.pycircuit_out/gates/20260906-issue39-closure-r3/agentic-circuit/toolchain/install/include/llvm/DebugInfo/DWARF/DWARFDebugArangeSet.h
-- Installing: /Users/zhoubot/linx-isa/tools/pyCircuit/.pycircuit_out/gates/20260906-issue39-closure-r3/agentic-circuit/toolchain/install/include/llvm/DebugInfo/DWARF/DWARFDebugInfoEntry.h
-- Installing: /Users/zhoubot/linx-isa/tools/pyCircuit/.pycircuit_out/gates/20260906-issue39-closure-r3/agentic-circuit/toolchain/install/include/llvm/DebugInfo/DWARF/DWARFAttribute.h
-- Installing: /Users/zhoubot/linx-isa/tools/pyCircuit/.pycircuit_out/gates/20260906-issue39-closure-r3/agentic-circuit/toolchain/install/include/llvm/DebugInfo/DWARF/DWARFDebugRangeList.h
-- Installing: /Users/zhoubot/linx-isa/tools/pyCircuit/.pycircuit_out/gates/20260906-issue39-closure-r3/agentic-circuit/toolchain/install/include/llvm/DebugInfo/DWARF/DWARFTypeUnit.h
-- Installing: /Users/zhoubot/linx-isa/tools/pyCircuit/.pycircuit_out/gates/20260906-issue39-closure-r3/agentic-circuit/toolchain/install/include/llvm/DebugInfo/DWARF/DWARFVerifier.h
-- Installing: /Users/zhoubot/linx-isa/tools/pyCircuit/.pycircuit_out/gates/20260906-issue39-closure-r3/agentic-circuit/toolchain/install/include/llvm/DebugInfo/DWARF/DWARFContext.h
-- Installing: /Users/zhoubot/linx-isa/tools/pyCircuit/.pycircuit_out/gates/20260906-issue39-closure-r3/agentic-circuit/toolchain/install/include/llvm/DebugInfo/DWARF/DWARFUnit.h
-- Installing: /Users/zhoubot/linx-isa/tools/pyCircuit/.pycircuit_out/gates/20260906-issue39-closure-r3/agentic-circuit/toolchain/install/include/llvm/DebugInfo/DWARF/DWARFDataExtractor.h
-- Installing: /Users/zhoubot/linx-isa/tools/pyCircuit/.pycircuit_out/gates/20260906-issue39-closure-r3/agentic-circuit/toolchain/install/include/llvm/DebugInfo/DWARF/DWARFDebugLoc.h
-- Installing: /Users/zhoubot/linx-isa/tools/pyCircuit/.pycircuit_out/gates/20260906-issue39-closure-r3/agentic-circuit/toolchain/install/include/llvm/DebugInfo/DWARF/DWARFDebugFrame.h
-- Installing: /Users/zhoubot/linx-isa/tools/pyCircuit/.pycircuit_out/gates/20260906-issue39-closure-r3/agentic-circuit/toolchain/install/include/llvm/DebugInfo/DWARF/DWARFDebugAbbrev.h
-- Installing: /Users/zhoubot/linx-isa/tools/pyCircuit/.pycircuit_out/gates/20260906-issue39-closure-r3/agentic-circuit/toolchain/install/include/llvm/DebugInfo/DWARF/DWARFAbbreviationDeclaration.h
-- Installing: /Users/zhoubot/linx-isa/tools/pyCircuit/.pycircuit_out/gates/20260906-issue39-closure-r3/agentic-circuit/toolchain/install/include/llvm/DebugInfo/DWARF/DWARFDebugMacro.h
-- Installing: /Users/zhoubot/linx-isa/tools/pyCircuit/.pycircuit_out/gates/20260906-issue39-closure-r3/agentic-circuit/toolchain/install/include/llvm/DebugInfo/DWARF/DWARFUnwindTablePrinter.h
-- Installing: /Users/zhoubot/linx-isa/tools/pyCircuit/.pycircuit_out/gates/20260906-issue39-closure-r3/agentic-circuit/toolchain/install/include/llvm/DebugInfo/DWARF/DWARFExpressionPrinter.h
-- Installing: /Users/zhoubot/linx-isa/tools/pyCircuit/.pycircuit_out/gates/20260906-issue39-closure-r3/agentic-circuit/toolchain/install/include/llvm/DebugInfo/DWARF/DWARFSection.h
-- Installing: /Users/zhoubot/linx-isa/tools/pyCircuit/.pycircuit_out/gates/20260906-issue39-closure-r3/agentic-circuit/toolchain/install/include/llvm/DebugInfo/DWARF/DWARFListTable.h
-- Installing: /Users/zhoubot/linx-isa/tools/pyCircuit/.pycircuit_out/gates/20260906-issue39-closure-r3/agentic-circuit/toolchain/install/include/llvm/DebugInfo/DWARF/DWARFAcceleratorTable.h
-- Installing: /Users/zhoubot/linx-isa/tools/pyCircuit/.pycircuit_out/gates/20260906-issue39-closure-r3/agentic-circuit/toolchain/install/include/llvm/DebugInfo/DWARF/DWARFRelocMap.h
-- Installing: /Users/zhoubot/linx-isa/tools/pyCircuit/.pycircuit_out/gates/20260906-issue39-closure-r3/agentic-circuit/toolchain/install/include/llvm/DebugInfo/DWARF/DWARFDebugLine.h
-- Installing: /Users/zhoubot/linx-isa/tools/pyCircuit/.pycircuit_out/gates/20260906-issue39-closure-r3/agentic-circuit/toolchain/install/include/llvm/DebugInfo/DWARF/DWARFUnitIndex.h
-- Installing: /Users/zhoubot/linx-isa/tools/pyCircuit/.pycircuit_out/gates/20260906-issue39-closure-r3/agentic-circuit/toolchain/install/include/llvm/DebugInfo/DWARF/DWARFDebugRnglists.h
-- Installing: /Users/zhoubot/linx-isa/tools/pyCircuit/.pycircuit_out/gates/20260906-issue39-closure-r3/agentic-circuit/toolchain/install/include/llvm/DebugInfo/DWARF/DWARFAddressRange.h
-- Installing: /Users/zhoubot/linx-isa/tools/pyCircuit/.pycircuit_out/gates/20260906-issue39-closure-r3/agentic-circuit/toolchain/install/include/llvm/DebugInfo/DWARF/DWARFDebugPubTable.h
-- Installing: /Users/zhoubot/linx-isa/tools/pyCircuit/.pycircuit_out/gates/20260906-issue39-closure-r3/agentic-circuit/toolchain/install/include/llvm/DebugInfo/DWARF/LowLevel
-- Installing: /Users/zhoubot/linx-isa/tools/pyCircuit/.pycircuit_out/gates/20260906-issue39-closure-r3/agentic-circuit/toolchain/install/include/llvm/DebugInfo/DWARF/LowLevel/DWARFDataExtractorSimple.h
-- Installing: /Users/zhoubot/linx-isa/tools/pyCircuit/.pycircuit_out/gates/20260906-issue39-closure-r3/agentic-circuit/toolchain/install/include/llvm/DebugInfo/DWARF/LowLevel/DWARFUnwindTable.h
-- Installing: /Users/zhoubot/linx-isa/tools/pyCircuit/.pycircuit_out/gates/20260906-issue39-closure-r3/agentic-circuit/toolchain/install/include/llvm/DebugInfo/DWARF/LowLevel/DWARFCFIProgram.h
-- Installing: /Users/zhoubot/linx-isa/tools/pyCircuit/.pycircuit_out/gates/20260906-issue39-closure-r3/agentic-circuit/toolchain/install/include/llvm/DebugInfo/DWARF/LowLevel/DWARFExpression.h
-- Installing: /Users/zhoubot/linx-isa/tools/pyCircuit/.pycircuit_out/gates/20260906-issue39-closure-r3/agentic-circuit/toolchain/install/include/llvm/DebugInfo/DWARF/DWARFDebugAddr.h
-- Installing: /Users/zhoubot/linx-isa/tools/pyCircuit/.pycircuit_out/gates/20260906-issue39-closure-r3/agentic-circuit/toolchain/install/include/llvm/DebugInfo/DWARF/DWARFObject.h
-- Installing: /Users/zhoubot/linx-isa/tools/pyCircuit/.pycircuit_out/gates/20260906-issue39-closure-r3/agentic-circuit/toolchain/install/include/llvm/DebugInfo/DWARF/DWARFDie.h
-- Installing: /Users/zhoubot/linx-isa/tools/pyCircuit/.pycircuit_out/gates/20260906-issue39-closure-r3/agentic-circuit/toolchain/install/include/llvm/DebugInfo/DWARF/DWARFTypePrinter.h
-- Installing: /Users/zhoubot/linx-isa/tools/pyCircuit/.pycircuit_out/gates/20260906-issue39-closure-r3/agentic-circuit/toolchain/install/include/llvm/DebugInfo/DWARF/DWARFGdbIndex.h
-- Installing: /Users/zhoubot/linx-isa/tools/pyCircuit/.pycircuit_out/gates/20260906-issue39-closure-r3/agentic-circuit/toolchain/install/include/llvm/DebugInfo/DWARF/DWARFFormValue.h
-- Installing: /Users/zhoubot/linx-isa/tools/pyCircuit/.pycircuit_out/gates/20260906-issue39-closure-r3/agentic-circuit/toolchain/install/include/llvm/DebugInfo/DWARF/DWARFCFIPrinter.h
-- Installing: /Users/zhoubot/linx-isa/tools/pyCircuit/.pycircuit_out/gates/20260906-issue39-closure-r3/agentic-circuit/toolchain/install/include/llvm/DebugInfo/DWARF/DWARFDebugAranges.h
-- Installing: /Users/zhoubot/linx-isa/tools/pyCircuit/.pycircuit_out/gates/20260906-issue39-closure-r3/agentic-circuit/toolchain/install/include/llvm/DebugInfo/DWARF/DWARFLocationExpression.h
-- Installing: /Users/zhoubot/linx-isa/tools/pyCircuit/.pycircuit_out/gates/20260906-issue39-closure-r3/agentic-circuit/toolchain/install/include/llvm/DebugInfo/DWARF/DWARFCompileUnit.h
-- Installing: /Users/zhoubot/linx-isa/tools/pyCircuit/.pycircuit_out/gates/20260906-issue39-closure-r3/agentic-circuit/toolchain/install/include/llvm/DebugInfo/BTF
-- Installing: /Users/zhoubot/linx-isa/tools/pyCircuit/.pycircuit_out/gates/20260906-issue39-closure-r3/agentic-circuit/toolchain/install/include/llvm/DebugInfo/BTF/BTF.h
-- Installing: /Users/zhoubot/linx-isa/tools/pyCircuit/.pycircuit_out/gates/20260906-issue39-closure-r3/agentic-circuit/toolchain/install/include/llvm/DebugInfo/BTF/BTF.def
-- Installing: /Users/zhoubot/linx-isa/tools/pyCircuit/.pycircuit_out/gates/20260906-issue39-closure-r3/agentic-circuit/toolchain/install/include/llvm/DebugInfo/BTF/BTFParser.h
-- Installing: /Users/zhoubot/linx-isa/tools/pyCircuit/.pycircuit_out/gates/20260906-issue39-closure-r3/agentic-circuit/toolchain/install/include/llvm/DebugInfo/BTF/BTFContext.h
-- Installing: /Users/zhoubot/linx-isa/tools/pyCircuit/.pycircuit_out/gates/20260906-issue39-closure-r3/agentic-circuit/toolchain/install/include/llvm/DebugInfo/Symbolize
-- Installing: /Users/zhoubot/linx-isa/tools/pyCircuit/.pycircuit_out/gates/20260906-issue39-closure-r3/agentic-circuit/toolchain/install/include/llvm/DebugInfo/Symbolize/Symbolize.h
-- Installing: /Users/zhoubot/linx-isa/tools/pyCircuit/.pycircuit_out/gates/20260906-issue39-closure-r3/agentic-circuit/toolchain/install/include/llvm/DebugInfo/Symbolize/DIPrinter.h
-- Installing: /Users/zhoubot/linx-isa/tools/pyCircuit/.pycircuit_out/gates/20260906-issue39-closure-r3/agentic-circuit/toolchain/install/include/llvm/DebugInfo/Symbolize/Markup.h
-- Installing: /Users/zhoubot/linx-isa/tools/pyCircuit/.pycircuit_out/gates/20260906-issue39-closure-r3/agentic-circuit/toolchain/install/include/llvm/DebugInfo/Symbolize/MarkupFilter.h
-- Installing: /Users/zhoubot/linx-isa/tools/pyCircuit/.pycircuit_out/gates/20260906-issue39-closure-r3/agentic-circuit/toolchain/install/include/llvm/DebugInfo/Symbolize/SymbolizableObjectFile.h
-- Installing: /Users/zhoubot/linx-isa/tools/pyCircuit/.pycircuit_out/gates/20260906-issue39-closure-r3/agentic-circuit/toolchain/install/include/llvm/DebugInfo/Symbolize/SymbolizableModule.h
-- Installing: /Users/zhoubot/linx-isa/tools/pyCircuit/.pycircuit_out/gates/20260906-issue39-closure-r3/agentic-circuit/toolchain/install/include/llvm/DebugInfo/LogicalView
-- Installing: /Users/zhoubot/linx-isa/tools/pyCircuit/.pycircuit_out/gates/20260906-issue39-closure-r3/agentic-circuit/toolchain/install/include/llvm/DebugInfo/LogicalView/Core
-- Installing: /Users/zhoubot/linx-isa/tools/pyCircuit/.pycircuit_out/gates/20260906-issue39-closure-r3/agentic-circuit/toolchain/install/include/llvm/DebugInfo/LogicalView/Core/LVSupport.h
-- Installing: /Users/zhoubot/linx-isa/tools/pyCircuit/.pycircuit_out/gates/20260906-issue39-closure-r3/agentic-circuit/toolchain/install/include/llvm/DebugInfo/LogicalView/Core/LVType.h
-- Installing: /Users/zhoubot/linx-isa/tools/pyCircuit/.pycircuit_out/gates/20260906-issue39-closure-r3/agentic-circuit/toolchain/install/include/llvm/DebugInfo/LogicalView/Core/LVSymbol.h
-- Installing: /Users/zhoubot/linx-isa/tools/pyCircuit/.pycircuit_out/gates/20260906-issue39-closure-r3/agentic-circuit/toolchain/install/include/llvm/DebugInfo/LogicalView/Core/LVRange.h
-- Installing: /Users/zhoubot/linx-isa/tools/pyCircuit/.pycircuit_out/gates/20260906-issue39-closure-r3/agentic-circuit/toolchain/install/include/llvm/DebugInfo/LogicalView/Core/LVElement.h
-- Installing: /Users/zhoubot/linx-isa/tools/pyCircuit/.pycircuit_out/gates/20260906-issue39-closure-r3/agentic-circuit/toolchain/install/include/llvm/DebugInfo/LogicalView/Core/LVCompare.h
-- Installing: /Users/zhoubot/linx-isa/tools/pyCircuit/.pycircuit_out/gates/20260906-issue39-closure-r3/agentic-circuit/toolchain/install/include/llvm/DebugInfo/LogicalView/Core/LVReader.h
-- Installing: /Users/zhoubot/linx-isa/tools/pyCircuit/.pycircuit_out/gates/20260906-issue39-closure-r3/agentic-circuit/toolchain/install/include/llvm/DebugInfo/LogicalView/Core/LVSourceLanguage.h
-- Installing: /Users/zhoubot/linx-isa/tools/pyCircuit/.pycircuit_out/gates/20260906-issue39-closure-r3/agentic-circuit/toolchain/install/include/llvm/DebugInfo/LogicalView/Core/LVOptions.h
-- Installing: /Users/zhoubot/linx-isa/tools/pyCircuit/.pycircuit_out/gates/20260906-issue39-closure-r3/agentic-circuit/toolchain/install/include/llvm/DebugInfo/LogicalView/Core/LVStringPool.h
-- Installing: /Users/zhoubot/linx-isa/tools/pyCircuit/.pycircuit_out/gates/20260906-issue39-closure-r3/agentic-circuit/toolchain/install/include/llvm/DebugInfo/LogicalView/Core/LVScope.h
-- Installing: /Users/zhoubot/linx-isa/tools/pyCircuit/.pycircuit_out/gates/20260906-issue39-closure-r3/agentic-circuit/toolchain/install/include/llvm/DebugInfo/LogicalView/Core/LVSort.h
-- Installing: /Users/zhoubot/linx-isa/tools/pyCircuit/.pycircuit_out/gates/20260906-issue39-closure-r3/agentic-circuit/toolchain/install/include/llvm/DebugInfo/LogicalView/Core/LVObject.h
-- Installing: /Users/zhoubot/linx-isa/tools/pyCircuit/.pycircuit_out/gates/20260906-issue39-closure-r3/agentic-circuit/toolchain/install/include/llvm/DebugInfo/LogicalView/Core/LVLocation.h
-- Installing: /Users/zhoubot/linx-isa/tools/pyCircuit/.pycircuit_out/gates/20260906-issue39-closure-r3/agentic-circuit/toolchain/install/include/llvm/DebugInfo/LogicalView/Core/LVLine.h
-- Installing: /Users/zhoubot/linx-isa/tools/pyCircuit/.pycircuit_out/gates/20260906-issue39-closure-r3/agentic-circuit/toolchain/install/include/llvm/DebugInfo/LogicalView/Readers
-- Installing: /Users/zhoubot/linx-isa/tools/pyCircuit/.pycircuit_out/gates/20260906-issue39-closure-r3/agentic-circuit/toolchain/install/include/llvm/DebugInfo/LogicalView/Readers/LVCodeViewReader.h
-- Installing: /Users/zhoubot/linx-isa/tools/pyCircuit/.pycircuit_out/gates/20260906-issue39-closure-r3/agentic-circuit/toolchain/install/include/llvm/DebugInfo/LogicalView/Readers/LVDWARFReader.h
-- Installing: /Users/zhoubot/linx-isa/tools/pyCircuit/.pycircuit_out/gates/20260906-issue39-closure-r3/agentic-circuit/toolchain/install/include/llvm/DebugInfo/LogicalView/Readers/LVBinaryReader.h
-- Installing: /Users/zhoubot/linx-isa/tools/pyCircuit/.pycircuit_out/gates/20260906-issue39-closure-r3/agentic-circuit/toolchain/install/include/llvm/DebugInfo/LogicalView/Readers/LVCodeViewVisitor.h
-- Installing: /Users/zhoubot/linx-isa/tools/pyCircuit/.pycircuit_out/gates/20260906-issue39-closure-r3/agentic-circuit/toolchain/install/include/llvm/DebugInfo/LogicalView/LVReaderHandler.h
-- Installing: /Users/zhoubot/linx-isa/tools/pyCircuit/.pycircuit_out/gates/20260906-issue39-closure-r3/agentic-circuit/toolchain/install/include/llvm/DebugInfo/GSYM
-- Installing: /Users/zhoubot/linx-isa/tools/pyCircuit/.pycircuit_out/gates/20260906-issue39-closure-r3/agentic-circuit/toolchain/install/include/llvm/DebugInfo/GSYM/MergedFunctionsInfo.h
-- Installing: /Users/zhoubot/linx-isa/tools/pyCircuit/.pycircuit_out/gates/20260906-issue39-closure-r3/agentic-circuit/toolchain/install/include/llvm/DebugInfo/GSYM/InlineInfo.h
-- Installing: /Users/zhoubot/linx-isa/tools/pyCircuit/.pycircuit_out/gates/20260906-issue39-closure-r3/agentic-circuit/toolchain/install/include/llvm/DebugInfo/GSYM/Header.h
-- Installing: /Users/zhoubot/linx-isa/tools/pyCircuit/.pycircuit_out/gates/20260906-issue39-closure-r3/agentic-circuit/toolchain/install/include/llvm/DebugInfo/GSYM/OutputAggregator.h
-- Installing: /Users/zhoubot/linx-isa/tools/pyCircuit/.pycircuit_out/gates/20260906-issue39-closure-r3/agentic-circuit/toolchain/install/include/llvm/DebugInfo/GSYM/GsymCreator.h
-- Installing: /Users/zhoubot/linx-isa/tools/pyCircuit/.pycircuit_out/gates/20260906-issue39-closure-r3/agentic-circuit/toolchain/install/include/llvm/DebugInfo/GSYM/LineEntry.h
-- Installing: /Users/zhoubot/linx-isa/tools/pyCircuit/.pycircuit_out/gates/20260906-issue39-closure-r3/agentic-circuit/toolchain/install/include/llvm/DebugInfo/GSYM/FileEntry.h
-- Installing: /Users/zhoubot/linx-isa/tools/pyCircuit/.pycircuit_out/gates/20260906-issue39-closure-r3/agentic-circuit/toolchain/install/include/llvm/DebugInfo/GSYM/FunctionInfo.h
-- Installing: /Users/zhoubot/linx-isa/tools/pyCircuit/.pycircuit_out/gates/20260906-issue39-closure-r3/agentic-circuit/toolchain/install/include/llvm/DebugInfo/GSYM/FileWriter.h
-- Installing: /Users/zhoubot/linx-isa/tools/pyCircuit/.pycircuit_out/gates/20260906-issue39-closure-r3/agentic-circuit/toolchain/install/include/llvm/DebugInfo/GSYM/LineTable.h
-- Installing: /Users/zhoubot/linx-isa/tools/pyCircuit/.pycircuit_out/gates/20260906-issue39-closure-r3/agentic-circuit/toolchain/install/include/llvm/DebugInfo/GSYM/DwarfTransformer.h
-- Installing: /Users/zhoubot/linx-isa/tools/pyCircuit/.pycircuit_out/gates/20260906-issue39-closure-r3/agentic-circuit/toolchain/install/include/llvm/DebugInfo/GSYM/GsymContext.h
-- Installing: /Users/zhoubot/linx-isa/tools/pyCircuit/.pycircuit_out/gates/20260906-issue39-closure-r3/agentic-circuit/toolchain/install/include/llvm/DebugInfo/GSYM/ExtractRanges.h
-- Installing: /Users/zhoubot/linx-isa/tools/pyCircuit/.pycircuit_out/gates/20260906-issue39-closure-r3/agentic-circuit/toolchain/install/include/llvm/DebugInfo/GSYM/CallSiteInfo.h
-- Installing: /Users/zhoubot/linx-isa/tools/pyCircuit/.pycircuit_out/gates/20260906-issue39-closure-r3/agentic-circuit/toolchain/install/include/llvm/DebugInfo/GSYM/ObjectFileTransformer.h
-- Installing: /Users/zhoubot/linx-isa/tools/pyCircuit/.pycircuit_out/gates/20260906-issue39-closure-r3/agentic-circuit/toolchain/install/include/llvm/DebugInfo/GSYM/LookupResult.h
-- Installing: /Users/zhoubot/linx-isa/tools/pyCircuit/.pycircuit_out/gates/20260906-issue39-closure-r3/agentic-circuit/toolchain/install/include/llvm/DebugInfo/GSYM/GsymReader.h
-- Installing: /Users/zhoubot/linx-isa/tools/pyCircuit/.pycircuit_out/gates/20260906-issue39-closure-r3/agentic-circuit/toolchain/install/include/llvm/DebugInfo/GSYM/StringTable.h
-- Installing: /Users/zhoubot/linx-isa/tools/pyCircuit/.pycircuit_out/gates/20260906-issue39-closure-r3/agentic-circuit/toolchain/install/include/llvm/DebugInfo/PDB
-- Installing: /Users/zhoubot/linx-isa/tools/pyCircuit/.pycircuit_out/gates/20260906-issue39-closure-r3/agentic-circuit/toolchain/install/include/llvm/DebugInfo/PDB/IPDBInjectedSource.h
-- Installing: /Users/zhoubot/linx-isa/tools/pyCircuit/.pycircuit_out/gates/20260906-issue39-closure-r3/agentic-circuit/toolchain/install/include/llvm/DebugInfo/PDB/PDBSymbolPublicSymbol.h
-- Installing: /Users/zhoubot/linx-isa/tools/pyCircuit/.pycircuit_out/gates/20260906-issue39-closure-r3/agentic-circuit/toolchain/install/include/llvm/DebugInfo/PDB/PDBSymbolTypeFunctionSig.h
-- Installing: /Users/zhoubot/linx-isa/tools/pyCircuit/.pycircuit_out/gates/20260906-issue39-closure-r3/agentic-circuit/toolchain/install/include/llvm/DebugInfo/PDB/PDBSymbolFunc.h
-- Installing: /Users/zhoubot/linx-isa/tools/pyCircuit/.pycircuit_out/gates/20260906-issue39-closure-r3/agentic-circuit/toolchain/install/include/llvm/DebugInfo/PDB/IPDBSourceFile.h
-- Installing: /Users/zhoubot/linx-isa/tools/pyCircuit/.pycircuit_out/gates/20260906-issue39-closure-r3/agentic-circuit/toolchain/install/include/llvm/DebugInfo/PDB/PDBSymbolTypeVTableShape.h
-- Installing: /Users/zhoubot/linx-isa/tools/pyCircuit/.pycircuit_out/gates/20260906-issue39-closure-r3/agentic-circuit/toolchain/install/include/llvm/DebugInfo/PDB/PDBSymbolTypeManaged.h
-- Installing: /Users/zhoubot/linx-isa/tools/pyCircuit/.pycircuit_out/gates/20260906-issue39-closure-r3/agentic-circuit/toolchain/install/include/llvm/DebugInfo/PDB/IPDBSectionContrib.h
-- Installing: /Users/zhoubot/linx-isa/tools/pyCircuit/.pycircuit_out/gates/20260906-issue39-closure-r3/agentic-circuit/toolchain/install/include/llvm/DebugInfo/PDB/Native
-- Installing: /Users/zhoubot/linx-isa/tools/pyCircuit/.pycircuit_out/gates/20260906-issue39-closure-r3/agentic-circuit/toolchain/install/include/llvm/DebugInfo/PDB/Native/GlobalsStream.h
-- Installing: /Users/zhoubot/linx-isa/tools/pyCircuit/.pycircuit_out/gates/20260906-issue39-closure-r3/agentic-circuit/toolchain/install/include/llvm/DebugInfo/PDB/Native/NativeEnumModules.h
-- Installing: /Users/zhoubot/linx-isa/tools/pyCircuit/.pycircuit_out/gates/20260906-issue39-closure-r3/agentic-circuit/toolchain/install/include/llvm/DebugInfo/PDB/Native/NativeTypeVTShape.h
-- Installing: /Users/zhoubot/linx-isa/tools/pyCircuit/.pycircuit_out/gates/20260906-issue39-closure-r3/agentic-circuit/toolchain/install/include/llvm/DebugInfo/PDB/Native/TpiHashing.h
-- Installing: /Users/zhoubot/linx-isa/tools/pyCircuit/.pycircuit_out/gates/20260906-issue39-closure-r3/agentic-circuit/toolchain/install/include/llvm/DebugInfo/PDB/Native/DbiModuleDescriptor.h
-- Installing: /Users/zhoubot/linx-isa/tools/pyCircuit/.pycircuit_out/gates/20260906-issue39-closure-r3/agentic-circuit/toolchain/install/include/llvm/DebugInfo/PDB/Native/NativeEnumLineNumbers.h
-- Installing: /Users/zhoubot/linx-isa/tools/pyCircuit/.pycircuit_out/gates/20260906-issue39-closure-r3/agentic-circuit/toolchain/install/include/llvm/DebugInfo/PDB/Native/NativePublicSymbol.h
-- Installing: /Users/zhoubot/linx-isa/tools/pyCircuit/.pycircuit_out/gates/20260906-issue39-closure-r3/agentic-circuit/toolchain/install/include/llvm/DebugInfo/PDB/Native/NativeSymbolEnumerator.h
-- Installing: /Users/zhoubot/linx-isa/tools/pyCircuit/.pycircuit_out/gates/20260906-issue39-closure-r3/agentic-circuit/toolchain/install/include/llvm/DebugInfo/PDB/Native/TpiStream.h
-- Installing: /Users/zhoubot/linx-isa/tools/pyCircuit/.pycircuit_out/gates/20260906-issue39-closure-r3/agentic-circuit/toolchain/install/include/llvm/DebugInfo/PDB/Native/RawConstants.h
-- Installing: /Users/zhoubot/linx-isa/tools/pyCircuit/.pycircuit_out/gates/20260906-issue39-closure-r3/agentic-circuit/toolchain/install/include/llvm/DebugInfo/PDB/Native/DbiModuleDescriptorBuilder.h
-- Installing: /Users/zhoubot/linx-isa/tools/pyCircuit/.pycircuit_out/gates/20260906-issue39-closure-r3/agentic-circuit/toolchain/install/include/llvm/DebugInfo/PDB/Native/InfoStreamBuilder.h
-- Installing: /Users/zhoubot/linx-isa/tools/pyCircuit/.pycircuit_out/gates/20260906-issue39-closure-r3/agentic-circuit/toolchain/install/include/llvm/DebugInfo/PDB/Native/NativeFunctionSymbol.h
-- Installing: /Users/zhoubot/linx-isa/tools/pyCircuit/.pycircuit_out/gates/20260906-issue39-closure-r3/agentic-circuit/toolchain/install/include/llvm/DebugInfo/PDB/Native/HashTable.h
-- Installing: /Users/zhoubot/linx-isa/tools/pyCircuit/.pycircuit_out/gates/20260906-issue39-closure-r3/agentic-circuit/toolchain/install/include/llvm/DebugInfo/PDB/Native/NativeEnumTypes.h
-- Installing: /Users/zhoubot/linx-isa/tools/pyCircuit/.pycircuit_out/gates/20260906-issue39-closure-r3/agentic-circuit/toolchain/install/include/llvm/DebugInfo/PDB/Native/NativeTypeTypedef.h
-- Installing: /Users/zhoubot/linx-isa/tools/pyCircuit/.pycircuit_out/gates/20260906-issue39-closure-r3/agentic-circuit/toolchain/install/include/llvm/DebugInfo/PDB/Native/NativeTypePointer.h
-- Installing: /Users/zhoubot/linx-isa/tools/pyCircuit/.pycircuit_out/gates/20260906-issue39-closure-r3/agentic-circuit/toolchain/install/include/llvm/DebugInfo/PDB/Native/NativeInlineSiteSymbol.h
-- Installing: /Users/zhoubot/linx-isa/tools/pyCircuit/.pycircuit_out/gates/20260906-issue39-closure-r3/agentic-circuit/toolchain/install/include/llvm/DebugInfo/PDB/Native/NativeCompilandSymbol.h
-- Installing: /Users/zhoubot/linx-isa/tools/pyCircuit/.pycircuit_out/gates/20260906-issue39-closure-r3/agentic-circuit/toolchain/install/include/llvm/DebugInfo/PDB/Native/NativeSourceFile.h
-- Installing: /Users/zhoubot/linx-isa/tools/pyCircuit/.pycircuit_out/gates/20260906-issue39-closure-r3/agentic-circuit/toolchain/install/include/llvm/DebugInfo/PDB/Native/DbiModuleList.h
-- Installing: /Users/zhoubot/linx-isa/tools/pyCircuit/.pycircuit_out/gates/20260906-issue39-closure-r3/agentic-circuit/toolchain/install/include/llvm/DebugInfo/PDB/Native/NativeTypeArray.h
-- Installing: /Users/zhoubot/linx-isa/tools/pyCircuit/.pycircuit_out/gates/20260906-issue39-closure-r3/agentic-circuit/toolchain/install/include/llvm/DebugInfo/PDB/Native/ISectionContribVisitor.h
-- Installing: /Users/zhoubot/linx-isa/tools/pyCircuit/.pycircuit_out/gates/20260906-issue39-closure-r3/agentic-circuit/toolchain/install/include/llvm/DebugInfo/PDB/Native/NativeTypeBuiltin.h
-- Installing: /Users/zhoubot/linx-isa/tools/pyCircuit/.pycircuit_out/gates/20260906-issue39-closure-r3/agentic-circuit/toolchain/install/include/llvm/DebugInfo/PDB/Native/NativeTypeFunctionSig.h
-- Installing: /Users/zhoubot/linx-isa/tools/pyCircuit/.pycircuit_out/gates/20260906-issue39-closure-r3/agentic-circuit/toolchain/install/include/llvm/DebugInfo/PDB/Native/NativeTypeUDT.h
-- Installing: /Users/zhoubot/linx-isa/tools/pyCircuit/.pycircuit_out/gates/20260906-issue39-closure-r3/agentic-circuit/toolchain/install/include/llvm/DebugInfo/PDB/Native/ModuleDebugStream.h
-- Installing: /Users/zhoubot/linx-isa/tools/pyCircuit/.pycircuit_out/gates/20260906-issue39-closure-r3/agentic-circuit/toolchain/install/include/llvm/DebugInfo/PDB/Native/NativeLineNumber.h
-- Installing: /Users/zhoubot/linx-isa/tools/pyCircuit/.pycircuit_out/gates/20260906-issue39-closure-r3/agentic-circuit/toolchain/install/include/llvm/DebugInfo/PDB/Native/DbiStream.h
-- Installing: /Users/zhoubot/linx-isa/tools/pyCircuit/.pycircuit_out/gates/20260906-issue39-closure-r3/agentic-circuit/toolchain/install/include/llvm/DebugInfo/PDB/Native/NamedStreamMap.h
-- Installing: /Users/zhoubot/linx-isa/tools/pyCircuit/.pycircuit_out/gates/20260906-issue39-closure-r3/agentic-circuit/toolchain/install/include/llvm/DebugInfo/PDB/Native/PDBStringTableBuilder.h
-- Installing: /Users/zhoubot/linx-isa/tools/pyCircuit/.pycircuit_out/gates/20260906-issue39-closure-r3/agentic-circuit/toolchain/install/include/llvm/DebugInfo/PDB/Native/SymbolCache.h
-- Installing: /Users/zhoubot/linx-isa/tools/pyCircuit/.pycircuit_out/gates/20260906-issue39-closure-r3/agentic-circuit/toolchain/install/include/llvm/DebugInfo/PDB/Native/InputFile.h
-- Installing: /Users/zhoubot/linx-isa/tools/pyCircuit/.pycircuit_out/gates/20260906-issue39-closure-r3/agentic-circuit/toolchain/install/include/llvm/DebugInfo/PDB/Native/LinePrinter.h
-- Installing: /Users/zhoubot/linx-isa/tools/pyCircuit/.pycircuit_out/gates/20260906-issue39-closure-r3/agentic-circuit/toolchain/install/include/llvm/DebugInfo/PDB/Native/NativeEnumSymbols.h
-- Installing: /Users/zhoubot/linx-isa/tools/pyCircuit/.pycircuit_out/gates/20260906-issue39-closure-r3/agentic-circuit/toolchain/install/include/llvm/DebugInfo/PDB/Native/NativeRawSymbol.h
-- Installing: /Users/zhoubot/linx-isa/tools/pyCircuit/.pycircuit_out/gates/20260906-issue39-closure-r3/agentic-circuit/toolchain/install/include/llvm/DebugInfo/PDB/Native/GSIStreamBuilder.h
-- Installing: /Users/zhoubot/linx-isa/tools/pyCircuit/.pycircuit_out/gates/20260906-issue39-closure-r3/agentic-circuit/toolchain/install/include/llvm/DebugInfo/PDB/Native/PublicsStream.h
-- Installing: /Users/zhoubot/linx-isa/tools/pyCircuit/.pycircuit_out/gates/20260906-issue39-closure-r3/agentic-circuit/toolchain/install/include/llvm/DebugInfo/PDB/Native/PDBFile.h
-- Installing: /Users/zhoubot/linx-isa/tools/pyCircuit/.pycircuit_out/gates/20260906-issue39-closure-r3/agentic-circuit/toolchain/install/include/llvm/DebugInfo/PDB/Native/PDBStringTable.h
-- Installing: /Users/zhoubot/linx-isa/tools/pyCircuit/.pycircuit_out/gates/20260906-issue39-closure-r3/agentic-circuit/toolchain/install/include/llvm/DebugInfo/PDB/Native/EnumTables.h
-- Installing: /Users/zhoubot/linx-isa/tools/pyCircuit/.pycircuit_out/gates/20260906-issue39-closure-r3/agentic-circuit/toolchain/install/include/llvm/DebugInfo/PDB/Native/PDBFileBuilder.h
-- Installing: /Users/zhoubot/linx-isa/tools/pyCircuit/.pycircuit_out/gates/20260906-issue39-closure-r3/agentic-circuit/toolchain/install/include/llvm/DebugInfo/PDB/Native/NativeSession.h
-- Installing: /Users/zhoubot/linx-isa/tools/pyCircuit/.pycircuit_out/gates/20260906-issue39-closure-r3/agentic-circuit/toolchain/install/include/llvm/DebugInfo/PDB/Native/InjectedSourceStream.h
-- Installing: /Users/zhoubot/linx-isa/tools/pyCircuit/.pycircuit_out/gates/20260906-issue39-closure-r3/agentic-circuit/toolchain/install/include/llvm/DebugInfo/PDB/Native/InfoStream.h
-- Installing: /Users/zhoubot/linx-isa/tools/pyCircuit/.pycircuit_out/gates/20260906-issue39-closure-r3/agentic-circuit/toolchain/install/include/llvm/DebugInfo/PDB/Native/NativeTypeEnum.h
-- Installing: /Users/zhoubot/linx-isa/tools/pyCircuit/.pycircuit_out/gates/20260906-issue39-closure-r3/agentic-circuit/toolchain/install/include/llvm/DebugInfo/PDB/Native/RawError.h
-- Installing: /Users/zhoubot/linx-isa/tools/pyCircuit/.pycircuit_out/gates/20260906-issue39-closure-r3/agentic-circuit/toolchain/install/include/llvm/DebugInfo/PDB/Native/SymbolStream.h
-- Installing: /Users/zhoubot/linx-isa/tools/pyCircuit/.pycircuit_out/gates/20260906-issue39-closure-r3/agentic-circuit/toolchain/install/include/llvm/DebugInfo/PDB/Native/FormatUtil.h
-- Installing: /Users/zhoubot/linx-isa/tools/pyCircuit/.pycircuit_out/gates/20260906-issue39-closure-r3/agentic-circuit/toolchain/install/include/llvm/DebugInfo/PDB/Native/DbiStreamBuilder.h
-- Installing: /Users/zhoubot/linx-isa/tools/pyCircuit/.pycircuit_out/gates/20260906-issue39-closure-r3/agentic-circuit/toolchain/install/include/llvm/DebugInfo/PDB/Native/NativeExeSymbol.h
-- Installing: /Users/zhoubot/linx-isa/tools/pyCircuit/.pycircuit_out/gates/20260906-issue39-closure-r3/agentic-circuit/toolchain/install/include/llvm/DebugInfo/PDB/Native/TpiStreamBuilder.h
-- Installing: /Users/zhoubot/linx-isa/tools/pyCircuit/.pycircuit_out/gates/20260906-issue39-closure-r3/agentic-circuit/toolchain/install/include/llvm/DebugInfo/PDB/Native/RawTypes.h
-- Installing: /Users/zhoubot/linx-isa/tools/pyCircuit/.pycircuit_out/gates/20260906-issue39-closure-r3/agentic-circuit/toolchain/install/include/llvm/DebugInfo/PDB/Native/Hash.h
-- Installing: /Users/zhoubot/linx-isa/tools/pyCircuit/.pycircuit_out/gates/20260906-issue39-closure-r3/agentic-circuit/toolchain/install/include/llvm/DebugInfo/PDB/Native/NativeEnumInjectedSources.h
-- Installing: /Users/zhoubot/linx-isa/tools/pyCircuit/.pycircuit_out/gates/20260906-issue39-closure-r3/agentic-circuit/toolchain/install/include/llvm/DebugInfo/PDB/Native/NativeEnumGlobals.h
-- Installing: /Users/zhoubot/linx-isa/tools/pyCircuit/.pycircuit_out/gates/20260906-issue39-closure-r3/agentic-circuit/toolchain/install/include/llvm/DebugInfo/PDB/PDBTypes.h
-- Installing: /Users/zhoubot/linx-isa/tools/pyCircuit/.pycircuit_out/gates/20260906-issue39-closure-r3/agentic-circuit/toolchain/install/include/llvm/DebugInfo/PDB/PDBSymbolBlock.h
-- Installing: /Users/zhoubot/linx-isa/tools/pyCircuit/.pycircuit_out/gates/20260906-issue39-closure-r3/agentic-circuit/toolchain/install/include/llvm/DebugInfo/PDB/PDBSymbolTypeArray.h
-- Installing: /Users/zhoubot/linx-isa/tools/pyCircuit/.pycircuit_out/gates/20260906-issue39-closure-r3/agentic-circuit/toolchain/install/include/llvm/DebugInfo/PDB/PDBContext.h
-- Installing: /Users/zhoubot/linx-isa/tools/pyCircuit/.pycircuit_out/gates/20260906-issue39-closure-r3/agentic-circuit/toolchain/install/include/llvm/DebugInfo/PDB/PDBSymbolThunk.h
-- Installing: /Users/zhoubot/linx-isa/tools/pyCircuit/.pycircuit_out/gates/20260906-issue39-closure-r3/agentic-circuit/toolchain/install/include/llvm/DebugInfo/PDB/PDBSymDumper.h
-- Installing: /Users/zhoubot/linx-isa/tools/pyCircuit/.pycircuit_out/gates/20260906-issue39-closure-r3/agentic-circuit/toolchain/install/include/llvm/DebugInfo/PDB/PDBSymbolTypeFriend.h
-- Installing: /Users/zhoubot/linx-isa/tools/pyCircuit/.pycircuit_out/gates/20260906-issue39-closure-r3/agentic-circuit/toolchain/install/include/llvm/DebugInfo/PDB/PDBSymbolTypeUDT.h
-- Installing: /Users/zhoubot/linx-isa/tools/pyCircuit/.pycircuit_out/gates/20260906-issue39-closure-r3/agentic-circuit/toolchain/install/include/llvm/DebugInfo/PDB/IPDBEnumChildren.h
-- Installing: /Users/zhoubot/linx-isa/tools/pyCircuit/.pycircuit_out/gates/20260906-issue39-closure-r3/agentic-circuit/toolchain/install/include/llvm/DebugInfo/PDB/PDBSymbolTypeEnum.h
-- Installing: /Users/zhoubot/linx-isa/tools/pyCircuit/.pycircuit_out/gates/20260906-issue39-closure-r3/agentic-circuit/toolchain/install/include/llvm/DebugInfo/PDB/PDBSymbolCustom.h
-- Installing: /Users/zhoubot/linx-isa/tools/pyCircuit/.pycircuit_out/gates/20260906-issue39-closure-r3/agentic-circuit/toolchain/install/include/llvm/DebugInfo/PDB/PDBSymbolTypeCustom.h
-- Installing: /Users/zhoubot/linx-isa/tools/pyCircuit/.pycircuit_out/gates/20260906-issue39-closure-r3/agentic-circuit/toolchain/install/include/llvm/DebugInfo/PDB/PDBSymbolTypeBuiltin.h
-- Installing: /Users/zhoubot/linx-isa/tools/pyCircuit/.pycircuit_out/gates/20260906-issue39-closure-r3/agentic-circuit/toolchain/install/include/llvm/DebugInfo/PDB/IPDBSession.h
-- Installing: /Users/zhoubot/linx-isa/tools/pyCircuit/.pycircuit_out/gates/20260906-issue39-closure-r3/agentic-circuit/toolchain/install/include/llvm/DebugInfo/PDB/UDTLayout.h
-- Installing: /Users/zhoubot/linx-isa/tools/pyCircuit/.pycircuit_out/gates/20260906-issue39-closure-r3/agentic-circuit/toolchain/install/include/llvm/DebugInfo/PDB/PDBSymbolCompilandEnv.h
-- Installing: /Users/zhoubot/linx-isa/tools/pyCircuit/.pycircuit_out/gates/20260906-issue39-closure-r3/agentic-circuit/toolchain/install/include/llvm/DebugInfo/PDB/PDBSymbolData.h
-- Installing: /Users/zhoubot/linx-isa/tools/pyCircuit/.pycircuit_out/gates/20260906-issue39-closure-r3/agentic-circuit/toolchain/install/include/llvm/DebugInfo/PDB/PDBSymbolTypeBaseClass.h
-- Installing: /Users/zhoubot/linx-isa/tools/pyCircuit/.pycircuit_out/gates/20260906-issue39-closure-r3/agentic-circuit/toolchain/install/include/llvm/DebugInfo/PDB/PDBSymbolFuncDebugEnd.h
-- Installing: /Users/zhoubot/linx-isa/tools/pyCircuit/.pycircuit_out/gates/20260906-issue39-closure-r3/agentic-circuit/toolchain/install/include/llvm/DebugInfo/PDB/GenericError.h
-- Installing: /Users/zhoubot/linx-isa/tools/pyCircuit/.pycircuit_out/gates/20260906-issue39-closure-r3/agentic-circuit/toolchain/install/include/llvm/DebugInfo/PDB/PDBSymbol.h
-- Installing: /Users/zhoubot/linx-isa/tools/pyCircuit/.pycircuit_out/gates/20260906-issue39-closure-r3/agentic-circuit/toolchain/install/include/llvm/DebugInfo/PDB/PDBSymbolUsingNamespace.h
-- Installing: /Users/zhoubot/linx-isa/tools/pyCircuit/.pycircuit_out/gates/20260906-issue39-closure-r3/agentic-circuit/toolchain/install/include/llvm/DebugInfo/PDB/PDBSymbolLabel.h
-- Installing: /Users/zhoubot/linx-isa/tools/pyCircuit/.pycircuit_out/gates/20260906-issue39-closure-r3/agentic-circuit/toolchain/install/include/llvm/DebugInfo/PDB/PDBSymbolUnknown.h
-- Installing: /Users/zhoubot/linx-isa/tools/pyCircuit/.pycircuit_out/gates/20260906-issue39-closure-r3/agentic-circuit/toolchain/install/include/llvm/DebugInfo/PDB/PDBSymbolAnnotation.h
-- Installing: /Users/zhoubot/linx-isa/tools/pyCircuit/.pycircuit_out/gates/20260906-issue39-closure-r3/agentic-circuit/toolchain/install/include/llvm/DebugInfo/PDB/PDBSymbolTypeTypedef.h
-- Installing: /Users/zhoubot/linx-isa/tools/pyCircuit/.pycircuit_out/gates/20260906-issue39-closure-r3/agentic-circuit/toolchain/install/include/llvm/DebugInfo/PDB/PDBSymbolTypePointer.h
-- Installing: /Users/zhoubot/linx-isa/tools/pyCircuit/.pycircuit_out/gates/20260906-issue39-closure-r3/agentic-circuit/toolchain/install/include/llvm/DebugInfo/PDB/PDBSymbolCompilandDetails.h
-- Installing: /Users/zhoubot/linx-isa/tools/pyCircuit/.pycircuit_out/gates/20260906-issue39-closure-r3/agentic-circuit/toolchain/install/include/llvm/DebugInfo/PDB/IPDBDataStream.h
-- Installing: /Users/zhoubot/linx-isa/tools/pyCircuit/.pycircuit_out/gates/20260906-issue39-closure-r3/agentic-circuit/toolchain/install/include/llvm/DebugInfo/PDB/DIA
-- Installing: /Users/zhoubot/linx-isa/tools/pyCircuit/.pycircuit_out/gates/20260906-issue39-closure-r3/agentic-circuit/toolchain/install/include/llvm/DebugInfo/PDB/DIA/DIAEnumInjectedSources.h
-- Installing: /Users/zhoubot/linx-isa/tools/pyCircuit/.pycircuit_out/gates/20260906-issue39-closure-r3/agentic-circuit/toolchain/install/include/llvm/DebugInfo/PDB/DIA/DIAEnumTables.h
-- Installing: /Users/zhoubot/linx-isa/tools/pyCircuit/.pycircuit_out/gates/20260906-issue39-closure-r3/agentic-circuit/toolchain/install/include/llvm/DebugInfo/PDB/DIA/DIASupport.h
-- Installing: /Users/zhoubot/linx-isa/tools/pyCircuit/.pycircuit_out/gates/20260906-issue39-closure-r3/agentic-circuit/toolchain/install/include/llvm/DebugInfo/PDB/DIA/DIAFrameData.h
-- Installing: /Users/zhoubot/linx-isa/tools/pyCircuit/.pycircuit_out/gates/20260906-issue39-closure-r3/agentic-circuit/toolchain/install/include/llvm/DebugInfo/PDB/DIA/DIADataStream.h
-- Installing: /Users/zhoubot/linx-isa/tools/pyCircuit/.pycircuit_out/gates/20260906-issue39-closure-r3/agentic-circuit/toolchain/install/include/llvm/DebugInfo/PDB/DIA/DIAEnumSectionContribs.h
-- Installing: /Users/zhoubot/linx-isa/tools/pyCircuit/.pycircuit_out/gates/20260906-issue39-closure-r3/agentic-circuit/toolchain/install/include/llvm/DebugInfo/PDB/DIA/DIARawSymbol.h
-- Installing: /Users/zhoubot/linx-isa/tools/pyCircuit/.pycircuit_out/gates/20260906-issue39-closure-r3/agentic-circuit/toolchain/install/include/llvm/DebugInfo/PDB/DIA/DIASession.h
-- Installing: /Users/zhoubot/linx-isa/tools/pyCircuit/.pycircuit_out/gates/20260906-issue39-closure-r3/agentic-circuit/toolchain/install/include/llvm/DebugInfo/PDB/DIA/DIAError.h
-- Installing: /Users/zhoubot/linx-isa/tools/pyCircuit/.pycircuit_out/gates/20260906-issue39-closure-r3/agentic-circuit/toolchain/install/include/llvm/DebugInfo/PDB/DIA/DIAUtils.h
-- Installing: /Users/zhoubot/linx-isa/tools/pyCircuit/.pycircuit_out/gates/20260906-issue39-closure-r3/agentic-circuit/toolchain/install/include/llvm/DebugInfo/PDB/DIA/DIAEnumFrameData.h
-- Installing: /Users/zhoubot/linx-isa/tools/pyCircuit/.pycircuit_out/gates/20260906-issue39-closure-r3/agentic-circuit/toolchain/install/include/llvm/DebugInfo/PDB/DIA/DIALineNumber.h
-- Installing: /Users/zhoubot/linx-isa/tools/pyCircuit/.pycircuit_out/gates/20260906-issue39-closure-r3/agentic-circuit/toolchain/install/include/llvm/DebugInfo/PDB/DIA/DIASourceFile.h
-- Installing: /Users/zhoubot/linx-isa/tools/pyCircuit/.pycircuit_out/gates/20260906-issue39-closure-r3/agentic-circuit/toolchain/install/include/llvm/DebugInfo/PDB/DIA/DIASectionContrib.h
-- Installing: /Users/zhoubot/linx-isa/tools/pyCircuit/.pycircuit_out/gates/20260906-issue39-closure-r3/agentic-circuit/toolchain/install/include/llvm/DebugInfo/PDB/DIA/DIAInjectedSource.h
-- Installing: /Users/zhoubot/linx-isa/tools/pyCircuit/.pycircuit_out/gates/20260906-issue39-closure-r3/agentic-circuit/toolchain/install/include/llvm/DebugInfo/PDB/DIA/DIAEnumSourceFiles.h
-- Installing: /Users/zhoubot/linx-isa/tools/pyCircuit/.pycircuit_out/gates/20260906-issue39-closure-r3/agentic-circuit/toolchain/install/include/llvm/DebugInfo/PDB/DIA/DIAEnumSymbols.h
-- Installing: /Users/zhoubot/linx-isa/tools/pyCircuit/.pycircuit_out/gates/20260906-issue39-closure-r3/agentic-circuit/toolchain/install/include/llvm/DebugInfo/PDB/DIA/DIAEnumLineNumbers.h
-- Installing: /Users/zhoubot/linx-isa/tools/pyCircuit/.pycircuit_out/gates/20260906-issue39-closure-r3/agentic-circuit/toolchain/install/include/llvm/DebugInfo/PDB/DIA/DIATable.h
-- Installing: /Users/zhoubot/linx-isa/tools/pyCircuit/.pycircuit_out/gates/20260906-issue39-closure-r3/agentic-circuit/toolchain/install/include/llvm/DebugInfo/PDB/DIA/DIAEnumDebugStreams.h
-- Installing: /Users/zhoubot/linx-isa/tools/pyCircuit/.pycircuit_out/gates/20260906-issue39-closure-r3/agentic-circuit/toolchain/install/include/llvm/DebugInfo/PDB/IPDBRawSymbol.h
-- Installing: /Users/zhoubot/linx-isa/tools/pyCircuit/.pycircuit_out/gates/20260906-issue39-closure-r3/agentic-circuit/toolchain/install/include/llvm/DebugInfo/PDB/IPDBTable.h
-- Installing: /Users/zhoubot/linx-isa/tools/pyCircuit/.pycircuit_out/gates/20260906-issue39-closure-r3/agentic-circuit/toolchain/install/include/llvm/DebugInfo/PDB/PDBSymbolExe.h
-- Installing: /Users/zhoubot/linx-isa/tools/pyCircuit/.pycircuit_out/gates/20260906-issue39-closure-r3/agentic-circuit/toolchain/install/include/llvm/DebugInfo/PDB/PDBSymbolTypeVTable.h
-- Installing: /Users/zhoubot/linx-isa/tools/pyCircuit/.pycircuit_out/gates/20260906-issue39-closure-r3/agentic-circuit/toolchain/install/include/llvm/DebugInfo/PDB/PDBSymbolTypeDimension.h
-- Installing: /Users/zhoubot/linx-isa/tools/pyCircuit/.pycircuit_out/gates/20260906-issue39-closure-r3/agentic-circuit/toolchain/install/include/llvm/DebugInfo/PDB/IPDBFrameData.h
-- Installing: /Users/zhoubot/linx-isa/tools/pyCircuit/.pycircuit_out/gates/20260906-issue39-closure-r3/agentic-circuit/toolchain/install/include/llvm/DebugInfo/PDB/PDBSymbolTypeFunctionArg.h
-- Installing: /Users/zhoubot/linx-isa/tools/pyCircuit/.pycircuit_out/gates/20260906-issue39-closure-r3/agentic-circuit/toolchain/install/include/llvm/DebugInfo/PDB/IPDBLineNumber.h
-- Installing: /Users/zhoubot/linx-isa/tools/pyCircuit/.pycircuit_out/gates/20260906-issue39-closure-r3/agentic-circuit/toolchain/install/include/llvm/DebugInfo/PDB/PDB.h
-- Installing: /Users/zhoubot/linx-isa/tools/pyCircuit/.pycircuit_out/gates/20260906-issue39-closure-r3/agentic-circuit/toolchain/install/include/llvm/DebugInfo/PDB/PDBSymbolFuncDebugStart.h
-- Installing: /Users/zhoubot/linx-isa/tools/pyCircuit/.pycircuit_out/gates/20260906-issue39-closure-r3/agentic-circuit/toolchain/install/include/llvm/DebugInfo/PDB/PDBSymbolCompiland.h
-- Installing: /Users/zhoubot/linx-isa/tools/pyCircuit/.pycircuit_out/gates/20260906-issue39-closure-r3/agentic-circuit/toolchain/install/include/llvm/DebugInfo/PDB/ConcreteSymbolEnumerator.h
-- Installing: /Users/zhoubot/linx-isa/tools/pyCircuit/.pycircuit_out/gates/20260906-issue39-closure-r3/agentic-circuit/toolchain/install/include/llvm/DebugInfo/PDB/PDBExtras.h
-- Installing: /Users/zhoubot/linx-isa/tools/pyCircuit/.pycircuit_out/gates/20260906-issue39-closure-r3/agentic-circuit/toolchain/install/include/llvm/DebugInfo/CodeView
-- Installing: /Users/zhoubot/linx-isa/tools/pyCircuit/.pycircuit_out/gates/20260906-issue39-closure-r3/agentic-circuit/toolchain/install/include/llvm/DebugInfo/CodeView/TypeVisitorCallbacks.h
-- Installing: /Users/zhoubot/linx-isa/tools/pyCircuit/.pycircuit_out/gates/20260906-issue39-closure-r3/agentic-circuit/toolchain/install/include/llvm/DebugInfo/CodeView/SymbolRecordMapping.h
-- Installing: /Users/zhoubot/linx-isa/tools/pyCircuit/.pycircuit_out/gates/20260906-issue39-closure-r3/agentic-circuit/toolchain/install/include/llvm/DebugInfo/CodeView/DebugFrameDataSubsection.h
-- Installing: /Users/zhoubot/linx-isa/tools/pyCircuit/.pycircuit_out/gates/20260906-issue39-closure-r3/agentic-circuit/toolchain/install/include/llvm/DebugInfo/CodeView/SymbolDumper.h
-- Installing: /Users/zhoubot/linx-isa/tools/pyCircuit/.pycircuit_out/gates/20260906-issue39-closure-r3/agentic-circuit/toolchain/install/include/llvm/DebugInfo/CodeView/SymbolVisitorCallbacks.h
-- Installing: /Users/zhoubot/linx-isa/tools/pyCircuit/.pycircuit_out/gates/20260906-issue39-closure-r3/agentic-circuit/toolchain/install/include/llvm/DebugInfo/CodeView/TypeSymbolEmitter.h
-- Installing: /Users/zhoubot/linx-isa/tools/pyCircuit/.pycircuit_out/gates/20260906-issue39-closure-r3/agentic-circuit/toolchain/install/include/llvm/DebugInfo/CodeView/DebugSubsection.h
-- Installing: /Users/zhoubot/linx-isa/tools/pyCircuit/.pycircuit_out/gates/20260906-issue39-closure-r3/agentic-circuit/toolchain/install/include/llvm/DebugInfo/CodeView/DebugSubsectionRecord.h
-- Installing: /Users/zhoubot/linx-isa/tools/pyCircuit/.pycircuit_out/gates/20260906-issue39-closure-r3/agentic-circuit/toolchain/install/include/llvm/DebugInfo/CodeView/CodeViewLanguages.def
-- Installing: /Users/zhoubot/linx-isa/tools/pyCircuit/.pycircuit_out/gates/20260906-issue39-closure-r3/agentic-circuit/toolchain/install/include/llvm/DebugInfo/CodeView/SymbolDumpDelegate.h
-- Installing: /Users/zhoubot/linx-isa/tools/pyCircuit/.pycircuit_out/gates/20260906-issue39-closure-r3/agentic-circuit/toolchain/install/include/llvm/DebugInfo/CodeView/DebugUnknownSubsection.h
-- Installing: /Users/zhoubot/linx-isa/tools/pyCircuit/.pycircuit_out/gates/20260906-issue39-closure-r3/agentic-circuit/toolchain/install/include/llvm/DebugInfo/CodeView/CVTypeVisitor.h
-- Installing: /Users/zhoubot/linx-isa/tools/pyCircuit/.pycircuit_out/gates/20260906-issue39-closure-r3/agentic-circuit/toolchain/install/include/llvm/DebugInfo/CodeView/TypeStreamMerger.h
-- Installing: /Users/zhoubot/linx-isa/tools/pyCircuit/.pycircuit_out/gates/20260906-issue39-closure-r3/agentic-circuit/toolchain/install/include/llvm/DebugInfo/CodeView/TypeIndexDiscovery.h
-- Installing: /Users/zhoubot/linx-isa/tools/pyCircuit/.pycircuit_out/gates/20260906-issue39-closure-r3/agentic-circuit/toolchain/install/include/llvm/DebugInfo/CodeView/AppendingTypeTableBuilder.h
-- Installing: /Users/zhoubot/linx-isa/tools/pyCircuit/.pycircuit_out/gates/20260906-issue39-closure-r3/agentic-circuit/toolchain/install/include/llvm/DebugInfo/CodeView/TypeTableCollection.h
-- Installing: /Users/zhoubot/linx-isa/tools/pyCircuit/.pycircuit_out/gates/20260906-issue39-closure-r3/agentic-circuit/toolchain/install/include/llvm/DebugInfo/CodeView/TypeRecordHelpers.h
-- Installing: /Users/zhoubot/linx-isa/tools/pyCircuit/.pycircuit_out/gates/20260906-issue39-closure-r3/agentic-circuit/toolchain/install/include/llvm/DebugInfo/CodeView/DebugStringTableSubsection.h
-- Installing: /Users/zhoubot/linx-isa/tools/pyCircuit/.pycircuit_out/gates/20260906-issue39-closure-r3/agentic-circuit/toolchain/install/include/llvm/DebugInfo/CodeView/CodeViewTypes.def
-- Installing: /Users/zhoubot/linx-isa/tools/pyCircuit/.pycircuit_out/gates/20260906-issue39-closure-r3/agentic-circuit/toolchain/install/include/llvm/DebugInfo/CodeView/DebugCrossExSubsection.h
-- Installing: /Users/zhoubot/linx-isa/tools/pyCircuit/.pycircuit_out/gates/20260906-issue39-closure-r3/agentic-circuit/toolchain/install/include/llvm/DebugInfo/CodeView/TypeRecord.h
-- Installing: /Users/zhoubot/linx-isa/tools/pyCircuit/.pycircuit_out/gates/20260906-issue39-closure-r3/agentic-circuit/toolchain/install/include/llvm/DebugInfo/CodeView/RecordSerialization.h
-- Installing: /Users/zhoubot/linx-isa/tools/pyCircuit/.pycircuit_out/gates/20260906-issue39-closure-r3/agentic-circuit/toolchain/install/include/llvm/DebugInfo/CodeView/Formatters.h
-- Installing: /Users/zhoubot/linx-isa/tools/pyCircuit/.pycircuit_out/gates/20260906-issue39-closure-r3/agentic-circuit/toolchain/install/include/llvm/DebugInfo/CodeView/TypeDumpVisitor.h
-- Installing: /Users/zhoubot/linx-isa/tools/pyCircuit/.pycircuit_out/gates/20260906-issue39-closure-r3/agentic-circuit/toolchain/install/include/llvm/DebugInfo/CodeView/TypeHashing.h
-- Installing: /Users/zhoubot/linx-isa/tools/pyCircuit/.pycircuit_out/gates/20260906-issue39-closure-r3/agentic-circuit/toolchain/install/include/llvm/DebugInfo/CodeView/GUID.h
-- Installing: /Users/zhoubot/linx-isa/tools/pyCircuit/.pycircuit_out/gates/20260906-issue39-closure-r3/agentic-circuit/toolchain/install/include/llvm/DebugInfo/CodeView/DebugLinesSubsection.h
-- Installing: /Users/zhoubot/linx-isa/tools/pyCircuit/.pycircuit_out/gates/20260906-issue39-closure-r3/agentic-circuit/toolchain/install/include/llvm/DebugInfo/CodeView/DebugSymbolRVASubsection.h
-- Installing: /Users/zhoubot/linx-isa/tools/pyCircuit/.pycircuit_out/gates/20260906-issue39-closure-r3/agentic-circuit/toolchain/install/include/llvm/DebugInfo/CodeView/LazyRandomTypeCollection.h
-- Installing: /Users/zhoubot/linx-isa/tools/pyCircuit/.pycircuit_out/gates/20260906-issue39-closure-r3/agentic-circuit/toolchain/install/include/llvm/DebugInfo/CodeView/FunctionId.h
-- Installing: /Users/zhoubot/linx-isa/tools/pyCircuit/.pycircuit_out/gates/20260906-issue39-closure-r3/agentic-circuit/toolchain/install/include/llvm/DebugInfo/CodeView/SymbolDeserializer.h
-- Installing: /Users/zhoubot/linx-isa/tools/pyCircuit/.pycircuit_out/gates/20260906-issue39-closure-r3/agentic-circuit/toolchain/install/include/llvm/DebugInfo/CodeView/CodeViewRecordIO.h
-- Installing: /Users/zhoubot/linx-isa/tools/pyCircuit/.pycircuit_out/gates/20260906-issue39-closure-r3/agentic-circuit/toolchain/install/include/llvm/DebugInfo/CodeView/SymbolVisitorCallbackPipeline.h
-- Installing: /Users/zhoubot/linx-isa/tools/pyCircuit/.pycircuit_out/gates/20260906-issue39-closure-r3/agentic-circuit/toolchain/install/include/llvm/DebugInfo/CodeView/MergingTypeTableBuilder.h
-- Installing: /Users/zhoubot/linx-isa/tools/pyCircuit/.pycircuit_out/gates/20260906-issue39-closure-r3/agentic-circuit/toolchain/install/include/llvm/DebugInfo/CodeView/RecordName.h
-- Installing: /Users/zhoubot/linx-isa/tools/pyCircuit/.pycircuit_out/gates/20260906-issue39-closure-r3/agentic-circuit/toolchain/install/include/llvm/DebugInfo/CodeView/DebugInlineeLinesSubsection.h
-- Installing: /Users/zhoubot/linx-isa/tools/pyCircuit/.pycircuit_out/gates/20260906-issue39-closure-r3/agentic-circuit/toolchain/install/include/llvm/DebugInfo/CodeView/DebugSubsectionVisitor.h
-- Installing: /Users/zhoubot/linx-isa/tools/pyCircuit/.pycircuit_out/gates/20260906-issue39-closure-r3/agentic-circuit/toolchain/install/include/llvm/DebugInfo/CodeView/CodeViewRegisters.def
-- Installing: /Users/zhoubot/linx-isa/tools/pyCircuit/.pycircuit_out/gates/20260906-issue39-closure-r3/agentic-circuit/toolchain/install/include/llvm/DebugInfo/CodeView/CodeView.h
-- Installing: /Users/zhoubot/linx-isa/tools/pyCircuit/.pycircuit_out/gates/20260906-issue39-closure-r3/agentic-circuit/toolchain/install/include/llvm/DebugInfo/CodeView/DebugSymbolsSubsection.h
-- Installing: /Users/zhoubot/linx-isa/tools/pyCircuit/.pycircuit_out/gates/20260906-issue39-closure-r3/agentic-circuit/toolchain/install/include/llvm/DebugInfo/CodeView/TypeIndex.h
-- Installing: /Users/zhoubot/linx-isa/tools/pyCircuit/.pycircuit_out/gates/20260906-issue39-closure-r3/agentic-circuit/toolchain/install/include/llvm/DebugInfo/CodeView/SymbolSerializer.h
-- Installing: /Users/zhoubot/linx-isa/tools/pyCircuit/.pycircuit_out/gates/20260906-issue39-closure-r3/agentic-circuit/toolchain/install/include/llvm/DebugInfo/CodeView/SimpleTypeSerializer.h
-- Installing: /Users/zhoubot/linx-isa/tools/pyCircuit/.pycircuit_out/gates/20260906-issue39-closure-r3/agentic-circuit/toolchain/install/include/llvm/DebugInfo/CodeView/ContinuationRecordBuilder.h
-- Installing: /Users/zhoubot/linx-isa/tools/pyCircuit/.pycircuit_out/gates/20260906-issue39-closure-r3/agentic-circuit/toolchain/install/include/llvm/DebugInfo/CodeView/GlobalTypeTableBuilder.h
-- Installing: /Users/zhoubot/linx-isa/tools/pyCircuit/.pycircuit_out/gates/20260906-issue39-closure-r3/agentic-circuit/toolchain/install/include/llvm/DebugInfo/CodeView/DebugCrossImpSubsection.h
-- Installing: /Users/zhoubot/linx-isa/tools/pyCircuit/.pycircuit_out/gates/20260906-issue39-closure-r3/agentic-circuit/toolchain/install/include/llvm/DebugInfo/CodeView/EnumTables.h
-- Installing: /Users/zhoubot/linx-isa/tools/pyCircuit/.pycircuit_out/gates/20260906-issue39-closure-r3/agentic-circuit/toolchain/install/include/llvm/DebugInfo/CodeView/SymbolRecordHelpers.h
-- Installing: /Users/zhoubot/linx-isa/tools/pyCircuit/.pycircuit_out/gates/20260906-issue39-closure-r3/agentic-circuit/toolchain/install/include/llvm/DebugInfo/CodeView/Line.h
-- Installing: /Users/zhoubot/linx-isa/tools/pyCircuit/.pycircuit_out/gates/20260906-issue39-closure-r3/agentic-circuit/toolchain/install/include/llvm/DebugInfo/CodeView/TypeCollection.h
-- Installing: /Users/zhoubot/linx-isa/tools/pyCircuit/.pycircuit_out/gates/20260906-issue39-closure-r3/agentic-circuit/toolchain/install/include/llvm/DebugInfo/CodeView/StringsAndChecksums.h
-- Installing: /Users/zhoubot/linx-isa/tools/pyCircuit/.pycircuit_out/gates/20260906-issue39-closure-r3/agentic-circuit/toolchain/install/include/llvm/DebugInfo/CodeView/DebugChecksumsSubsection.h
-- Installing: /Users/zhoubot/linx-isa/tools/pyCircuit/.pycircuit_out/gates/20260906-issue39-closure-r3/agentic-circuit/toolchain/install/include/llvm/DebugInfo/CodeView/SymbolVisitorDelegate.h
-- Installing: /Users/zhoubot/linx-isa/tools/pyCircuit/.pycircuit_out/gates/20260906-issue39-closure-r3/agentic-circuit/toolchain/install/include/llvm/DebugInfo/CodeView/CVRecord.h
-- Installing: /Users/zhoubot/linx-isa/tools/pyCircuit/.pycircuit_out/gates/20260906-issue39-closure-r3/agentic-circuit/toolchain/install/include/llvm/DebugInfo/CodeView/SymbolRecord.h
-- Installing: /Users/zhoubot/linx-isa/tools/pyCircuit/.pycircuit_out/gates/20260906-issue39-closure-r3/agentic-circuit/toolchain/install/include/llvm/DebugInfo/CodeView/TypeDeserializer.h
-- Installing: /Users/zhoubot/linx-isa/tools/pyCircuit/.pycircuit_out/gates/20260906-issue39-closure-r3/agentic-circuit/toolchain/install/include/llvm/DebugInfo/CodeView/CodeViewSymbols.def
-- Installing: /Users/zhoubot/linx-isa/tools/pyCircuit/.pycircuit_out/gates/20260906-issue39-closure-r3/agentic-circuit/toolchain/install/include/llvm/DebugInfo/CodeView/TypeVisitorCallbackPipeline.h
-- Installing: /Users/zhoubot/linx-isa/tools/pyCircuit/.pycircuit_out/gates/20260906-issue39-closure-r3/agentic-circuit/toolchain/install/include/llvm/DebugInfo/CodeView/TypeRecordMapping.h
-- Installing: /Users/zhoubot/linx-isa/tools/pyCircuit/.pycircuit_out/gates/20260906-issue39-closure-r3/agentic-circuit/toolchain/install/include/llvm/DebugInfo/CodeView/CodeViewError.h
-- Installing: /Users/zhoubot/linx-isa/tools/pyCircuit/.pycircuit_out/gates/20260906-issue39-closure-r3/agentic-circuit/toolchain/install/include/llvm/DebugInfo/CodeView/CVSymbolVisitor.h
-- Installing: /Users/zhoubot/linx-isa/tools/pyCircuit/.pycircuit_out/gates/20260906-issue39-closure-r3/agentic-circuit/toolchain/install/include/llvm/ToolDrivers
-- Installing: /Users/zhoubot/linx-isa/tools/pyCircuit/.pycircuit_out/gates/20260906-issue39-closure-r3/agentic-circuit/toolchain/install/include/llvm/ToolDrivers/llvm-lib
-- Installing: /Users/zhoubot/linx-isa/tools/pyCircuit/.pycircuit_out/gates/20260906-issue39-closure-r3/agentic-circuit/toolchain/install/include/llvm/ToolDrivers/llvm-lib/LibDriver.h
-- Installing: /Users/zhoubot/linx-isa/tools/pyCircuit/.pycircuit_out/gates/20260906-issue39-closure-r3/agentic-circuit/toolchain/install/include/llvm/ToolDrivers/llvm-dlltool
-- Installing: /Users/zhoubot/linx-isa/tools/pyCircuit/.pycircuit_out/gates/20260906-issue39-closure-r3/agentic-circuit/toolchain/install/include/llvm/ToolDrivers/llvm-dlltool/DlltoolDriver.h
-- Installing: /Users/zhoubot/linx-isa/tools/pyCircuit/.pycircuit_out/gates/20260906-issue39-closure-r3/agentic-circuit/toolchain/install/include/llvm/Pass.h
-- Installing: /Users/zhoubot/linx-isa/tools/pyCircuit/.pycircuit_out/gates/20260906-issue39-closure-r3/agentic-circuit/toolchain/install/include/llvm/DTLTO
-- Installing: /Users/zhoubot/linx-isa/tools/pyCircuit/.pycircuit_out/gates/20260906-issue39-closure-r3/agentic-circuit/toolchain/install/include/llvm/DTLTO/DTLTO.h
-- Installing: /Users/zhoubot/linx-isa/tools/pyCircuit/.pycircuit_out/gates/20260906-issue39-closure-r3/agentic-circuit/toolchain/install/include/llvm/MC
-- Installing: /Users/zhoubot/linx-isa/tools/pyCircuit/.pycircuit_out/gates/20260906-issue39-closure-r3/agentic-circuit/toolchain/install/include/llvm/MC/MCSPIRVObjectWriter.h
-- Installing: /Users/zhoubot/linx-isa/tools/pyCircuit/.pycircuit_out/gates/20260906-issue39-closure-r3/agentic-circuit/toolchain/install/include/llvm/MC/MCELFStreamer.h
-- Installing: /Users/zhoubot/linx-isa/tools/pyCircuit/.pycircuit_out/gates/20260906-issue39-closure-r3/agentic-circuit/toolchain/install/include/llvm/MC/MCExpr.h
-- Installing: /Users/zhoubot/linx-isa/tools/pyCircuit/.pycircuit_out/gates/20260906-issue39-closure-r3/agentic-circuit/toolchain/install/include/llvm/MC/TargetRegistry.h
-- Installing: /Users/zhoubot/linx-isa/tools/pyCircuit/.pycircuit_out/gates/20260906-issue39-closure-r3/agentic-circuit/toolchain/install/include/llvm/MC/DXContainerRootSignature.h
-- Installing: /Users/zhoubot/linx-isa/tools/pyCircuit/.pycircuit_out/gates/20260906-issue39-closure-r3/agentic-circuit/toolchain/install/include/llvm/MC/MCLinkerOptimizationHint.h
-- Installing: /Users/zhoubot/linx-isa/tools/pyCircuit/.pycircuit_out/gates/20260906-issue39-closure-r3/agentic-circuit/toolchain/install/include/llvm/MC/MCXCOFFObjectWriter.h
-- Installing: /Users/zhoubot/linx-isa/tools/pyCircuit/.pycircuit_out/gates/20260906-issue39-closure-r3/agentic-circuit/toolchain/install/include/llvm/MC/MCWinCOFFObjectWriter.h
-- Installing: /Users/zhoubot/linx-isa/tools/pyCircuit/.pycircuit_out/gates/20260906-issue39-closure-r3/agentic-circuit/toolchain/install/include/llvm/MC/MCAsmInfoCOFF.h
-- Installing: /Users/zhoubot/linx-isa/tools/pyCircuit/.pycircuit_out/gates/20260906-issue39-closure-r3/agentic-circuit/toolchain/install/include/llvm/MC/MCSchedule.h
-- Installing: /Users/zhoubot/linx-isa/tools/pyCircuit/.pycircuit_out/gates/20260906-issue39-closure-r3/agentic-circuit/toolchain/install/include/llvm/MC/MCParser
-- Installing: /Users/zhoubot/linx-isa/tools/pyCircuit/.pycircuit_out/gates/20260906-issue39-closure-r3/agentic-circuit/toolchain/install/include/llvm/MC/MCParser/MCParsedAsmOperand.h
-- Installing: /Users/zhoubot/linx-isa/tools/pyCircuit/.pycircuit_out/gates/20260906-issue39-closure-r3/agentic-circuit/toolchain/install/include/llvm/MC/MCParser/MCAsmParser.h
-- Installing: /Users/zhoubot/linx-isa/tools/pyCircuit/.pycircuit_out/gates/20260906-issue39-closure-r3/agentic-circuit/toolchain/install/include/llvm/MC/MCParser/MCTargetAsmParser.h
-- Installing: /Users/zhoubot/linx-isa/tools/pyCircuit/.pycircuit_out/gates/20260906-issue39-closure-r3/agentic-circuit/toolchain/install/include/llvm/MC/MCParser/MCAsmParserExtension.h
-- Installing: /Users/zhoubot/linx-isa/tools/pyCircuit/.pycircuit_out/gates/20260906-issue39-closure-r3/agentic-circuit/toolchain/install/include/llvm/MC/MCParser/MCAsmParserUtils.h
-- Installing: /Users/zhoubot/linx-isa/tools/pyCircuit/.pycircuit_out/gates/20260906-issue39-closure-r3/agentic-circuit/toolchain/install/include/llvm/MC/MCParser/AsmCond.h
-- Installing: /Users/zhoubot/linx-isa/tools/pyCircuit/.pycircuit_out/gates/20260906-issue39-closure-r3/agentic-circuit/toolchain/install/include/llvm/MC/MCParser/AsmLexer.h
-- Installing: /Users/zhoubot/linx-isa/tools/pyCircuit/.pycircuit_out/gates/20260906-issue39-closure-r3/agentic-circuit/toolchain/install/include/llvm/MC/MCAsmInfoELF.h
-- Installing: /Users/zhoubot/linx-isa/tools/pyCircuit/.pycircuit_out/gates/20260906-issue39-closure-r3/agentic-circuit/toolchain/install/include/llvm/MC/MCObjectFileInfo.h
-- Installing: /Users/zhoubot/linx-isa/tools/pyCircuit/.pycircuit_out/gates/20260906-issue39-closure-r3/agentic-circuit/toolchain/install/include/llvm/MC/MCWasmStreamer.h
-- Installing: /Users/zhoubot/linx-isa/tools/pyCircuit/.pycircuit_out/gates/20260906-issue39-closure-r3/agentic-circuit/toolchain/install/include/llvm/MC/MCELFObjectWriter.h
-- Installing: /Users/zhoubot/linx-isa/tools/pyCircuit/.pycircuit_out/gates/20260906-issue39-closure-r3/agentic-circuit/toolchain/install/include/llvm/MC/MCCodeView.h
-- Installing: /Users/zhoubot/linx-isa/tools/pyCircuit/.pycircuit_out/gates/20260906-issue39-closure-r3/agentic-circuit/toolchain/install/include/llvm/MC/MCInstPrinter.h
-- Installing: /Users/zhoubot/linx-isa/tools/pyCircuit/.pycircuit_out/gates/20260906-issue39-closure-r3/agentic-circuit/toolchain/install/include/llvm/MC/DXContainerPSVInfo.h
-- Installing: /Users/zhoubot/linx-isa/tools/pyCircuit/.pycircuit_out/gates/20260906-issue39-closure-r3/agentic-circuit/toolchain/install/include/llvm/MC/MCInstrItineraries.h
-- Installing: /Users/zhoubot/linx-isa/tools/pyCircuit/.pycircuit_out/gates/20260906-issue39-closure-r3/agentic-circuit/toolchain/install/include/llvm/MC/MCSymbol.h
-- Installing: /Users/zhoubot/linx-isa/tools/pyCircuit/.pycircuit_out/gates/20260906-issue39-closure-r3/agentic-circuit/toolchain/install/include/llvm/MC/MCAssembler.h
-- Installing: /Users/zhoubot/linx-isa/tools/pyCircuit/.pycircuit_out/gates/20260906-issue39-closure-r3/agentic-circuit/toolchain/install/include/llvm/MC/MCInstrDesc.h
-- Installing: /Users/zhoubot/linx-isa/tools/pyCircuit/.pycircuit_out/gates/20260906-issue39-closure-r3/agentic-circuit/toolchain/install/include/llvm/MC/MCSectionGOFF.h
-- Installing: /Users/zhoubot/linx-isa/tools/pyCircuit/.pycircuit_out/gates/20260906-issue39-closure-r3/agentic-circuit/toolchain/install/include/llvm/MC/MCSectionXCOFF.h
-- Installing: /Users/zhoubot/linx-isa/tools/pyCircuit/.pycircuit_out/gates/20260906-issue39-closure-r3/agentic-circuit/toolchain/install/include/llvm/MC/MCInstrAnalysis.h
-- Installing: /Users/zhoubot/linx-isa/tools/pyCircuit/.pycircuit_out/gates/20260906-issue39-closure-r3/agentic-circuit/toolchain/install/include/llvm/MC/MCAsmInfoDarwin.h
-- Installing: /Users/zhoubot/linx-isa/tools/pyCircuit/.pycircuit_out/gates/20260906-issue39-closure-r3/agentic-circuit/toolchain/install/include/llvm/MC/MCStreamer.h
-- Installing: /Users/zhoubot/linx-isa/tools/pyCircuit/.pycircuit_out/gates/20260906-issue39-closure-r3/agentic-circuit/toolchain/install/include/llvm/MC/MachineLocation.h
-- Installing: /Users/zhoubot/linx-isa/tools/pyCircuit/.pycircuit_out/gates/20260906-issue39-closure-r3/agentic-circuit/toolchain/install/include/llvm/MC/MCSectionWasm.h
-- Installing: /Users/zhoubot/linx-isa/tools/pyCircuit/.pycircuit_out/gates/20260906-issue39-closure-r3/agentic-circuit/toolchain/install/include/llvm/MC/MCAsmBackend.h
-- Installing: /Users/zhoubot/linx-isa/tools/pyCircuit/.pycircuit_out/gates/20260906-issue39-closure-r3/agentic-circuit/toolchain/install/include/llvm/MC/MCObjectWriter.h
-- Installing: /Users/zhoubot/linx-isa/tools/pyCircuit/.pycircuit_out/gates/20260906-issue39-closure-r3/agentic-circuit/toolchain/install/include/llvm/MC/MCSymbolCOFF.h
-- Installing: /Users/zhoubot/linx-isa/tools/pyCircuit/.pycircuit_out/gates/20260906-issue39-closure-r3/agentic-circuit/toolchain/install/include/llvm/MC/MCRegisterInfo.h
-- Installing: /Users/zhoubot/linx-isa/tools/pyCircuit/.pycircuit_out/gates/20260906-issue39-closure-r3/agentic-circuit/toolchain/install/include/llvm/MC/MCSymbolXCOFF.h
-- Installing: /Users/zhoubot/linx-isa/tools/pyCircuit/.pycircuit_out/gates/20260906-issue39-closure-r3/agentic-circuit/toolchain/install/include/llvm/MC/MCInst.h
-- Installing: /Users/zhoubot/linx-isa/tools/pyCircuit/.pycircuit_out/gates/20260906-issue39-closure-r3/agentic-circuit/toolchain/install/include/llvm/MC/MCRegister.h
-- Installing: /Users/zhoubot/linx-isa/tools/pyCircuit/.pycircuit_out/gates/20260906-issue39-closure-r3/agentic-circuit/toolchain/install/include/llvm/MC/MCTargetOptions.h
-- Installing: /Users/zhoubot/linx-isa/tools/pyCircuit/.pycircuit_out/gates/20260906-issue39-closure-r3/agentic-circuit/toolchain/install/include/llvm/MC/MCAsmInfo.h
-- Installing: /Users/zhoubot/linx-isa/tools/pyCircuit/.pycircuit_out/gates/20260906-issue39-closure-r3/agentic-circuit/toolchain/install/include/llvm/MC/MCTargetOptionsCommandFlags.h
-- Installing: /Users/zhoubot/linx-isa/tools/pyCircuit/.pycircuit_out/gates/20260906-issue39-closure-r3/agentic-circuit/toolchain/install/include/llvm/MC/MCValue.h
-- Installing: /Users/zhoubot/linx-isa/tools/pyCircuit/.pycircuit_out/gates/20260906-issue39-closure-r3/agentic-circuit/toolchain/install/include/llvm/MC/MCDXContainerStreamer.h
-- Installing: /Users/zhoubot/linx-isa/tools/pyCircuit/.pycircuit_out/gates/20260906-issue39-closure-r3/agentic-circuit/toolchain/install/include/llvm/MC/StringTableBuilder.h
-- Installing: /Users/zhoubot/linx-isa/tools/pyCircuit/.pycircuit_out/gates/20260906-issue39-closure-r3/agentic-circuit/toolchain/install/include/llvm/MC/MCInstBuilder.h
-- Installing: /Users/zhoubot/linx-isa/tools/pyCircuit/.pycircuit_out/gates/20260906-issue39-closure-r3/agentic-circuit/toolchain/install/include/llvm/MC/MCSymbolTableEntry.h
-- Installing: /Users/zhoubot/linx-isa/tools/pyCircuit/.pycircuit_out/gates/20260906-issue39-closure-r3/agentic-circuit/toolchain/install/include/llvm/MC/MCInstrInfo.h
-- Installing: /Users/zhoubot/linx-isa/tools/pyCircuit/.pycircuit_out/gates/20260906-issue39-closure-r3/agentic-circuit/toolchain/install/include/llvm/MC/MCSectionSPIRV.h
-- Installing: /Users/zhoubot/linx-isa/tools/pyCircuit/.pycircuit_out/gates/20260906-issue39-closure-r3/agentic-circuit/toolchain/install/include/llvm/MC/MCWin64EH.h
-- Installing: /Users/zhoubot/linx-isa/tools/pyCircuit/.pycircuit_out/gates/20260906-issue39-closure-r3/agentic-circuit/toolchain/install/include/llvm/MC/MCWasmObjectWriter.h
-- Installing: /Users/zhoubot/linx-isa/tools/pyCircuit/.pycircuit_out/gates/20260906-issue39-closure-r3/agentic-circuit/toolchain/install/include/llvm/MC/MCDisassembler
-- Installing: /Users/zhoubot/linx-isa/tools/pyCircuit/.pycircuit_out/gates/20260906-issue39-closure-r3/agentic-circuit/toolchain/install/include/llvm/MC/MCDisassembler/MCExternalSymbolizer.h
-- Installing: /Users/zhoubot/linx-isa/tools/pyCircuit/.pycircuit_out/gates/20260906-issue39-closure-r3/agentic-circuit/toolchain/install/include/llvm/MC/MCDisassembler/MCSymbolizer.h
-- Installing: /Users/zhoubot/linx-isa/tools/pyCircuit/.pycircuit_out/gates/20260906-issue39-closure-r3/agentic-circuit/toolchain/install/include/llvm/MC/MCDisassembler/MCDisassembler.h
-- Installing: /Users/zhoubot/linx-isa/tools/pyCircuit/.pycircuit_out/gates/20260906-issue39-closure-r3/agentic-circuit/toolchain/install/include/llvm/MC/MCDisassembler/MCRelocationInfo.h
-- Installing: /Users/zhoubot/linx-isa/tools/pyCircuit/.pycircuit_out/gates/20260906-issue39-closure-r3/agentic-circuit/toolchain/install/include/llvm/MC/MCGOFFStreamer.h
-- Installing: /Users/zhoubot/linx-isa/tools/pyCircuit/.pycircuit_out/gates/20260906-issue39-closure-r3/agentic-circuit/toolchain/install/include/llvm/MC/MCAsmInfoGOFF.h
-- Installing: /Users/zhoubot/linx-isa/tools/pyCircuit/.pycircuit_out/gates/20260906-issue39-closure-r3/agentic-circuit/toolchain/install/include/llvm/MC/MCWinEH.h
-- Installing: /Users/zhoubot/linx-isa/tools/pyCircuit/.pycircuit_out/gates/20260906-issue39-closure-r3/agentic-circuit/toolchain/install/include/llvm/MC/MCSymbolELF.h
-- Installing: /Users/zhoubot/linx-isa/tools/pyCircuit/.pycircuit_out/gates/20260906-issue39-closure-r3/agentic-circuit/toolchain/install/include/llvm/MC/MCGOFFObjectWriter.h
-- Installing: /Users/zhoubot/linx-isa/tools/pyCircuit/.pycircuit_out/gates/20260906-issue39-closure-r3/agentic-circuit/toolchain/install/include/llvm/MC/MCSubtargetInfo.h
-- Installing: /Users/zhoubot/linx-isa/tools/pyCircuit/.pycircuit_out/gates/20260906-issue39-closure-r3/agentic-circuit/toolchain/install/include/llvm/MC/MCSectionMachO.h
-- Installing: /Users/zhoubot/linx-isa/tools/pyCircuit/.pycircuit_out/gates/20260906-issue39-closure-r3/agentic-circuit/toolchain/install/include/llvm/MC/SectionKind.h
-- Installing: /Users/zhoubot/linx-isa/tools/pyCircuit/.pycircuit_out/gates/20260906-issue39-closure-r3/agentic-circuit/toolchain/install/include/llvm/MC/MCMachObjectWriter.h
-- Installing: /Users/zhoubot/linx-isa/tools/pyCircuit/.pycircuit_out/gates/20260906-issue39-closure-r3/agentic-circuit/toolchain/install/include/llvm/MC/MCDecoderOps.h
-- Installing: /Users/zhoubot/linx-isa/tools/pyCircuit/.pycircuit_out/gates/20260906-issue39-closure-r3/agentic-circuit/toolchain/install/include/llvm/MC/MCDwarf.h
-- Installing: /Users/zhoubot/linx-isa/tools/pyCircuit/.pycircuit_out/gates/20260906-issue39-closure-r3/agentic-circuit/toolchain/install/include/llvm/MC/MCSPIRVStreamer.h
-- Installing: /Users/zhoubot/linx-isa/tools/pyCircuit/.pycircuit_out/gates/20260906-issue39-closure-r3/agentic-circuit/toolchain/install/include/llvm/MC/MCSymbolMachO.h
-- Installing: /Users/zhoubot/linx-isa/tools/pyCircuit/.pycircuit_out/gates/20260906-issue39-closure-r3/agentic-circuit/toolchain/install/include/llvm/MC/MCCodeEmitter.h
-- Installing: /Users/zhoubot/linx-isa/tools/pyCircuit/.pycircuit_out/gates/20260906-issue39-closure-r3/agentic-circuit/toolchain/install/include/llvm/MC/MCSFrame.h
-- Installing: /Users/zhoubot/linx-isa/tools/pyCircuit/.pycircuit_out/gates/20260906-issue39-closure-r3/agentic-circuit/toolchain/install/include/llvm/MC/MCAsmInfoWasm.h
-- Installing: /Users/zhoubot/linx-isa/tools/pyCircuit/.pycircuit_out/gates/20260906-issue39-closure-r3/agentic-circuit/toolchain/install/include/llvm/MC/MCXCOFFStreamer.h
-- Installing: /Users/zhoubot/linx-isa/tools/pyCircuit/.pycircuit_out/gates/20260906-issue39-closure-r3/agentic-circuit/toolchain/install/include/llvm/MC/MCDecoder.h
-- Installing: /Users/zhoubot/linx-isa/tools/pyCircuit/.pycircuit_out/gates/20260906-issue39-closure-r3/agentic-circuit/toolchain/install/include/llvm/MC/MCPseudoProbe.h
-- Installing: /Users/zhoubot/linx-isa/tools/pyCircuit/.pycircuit_out/gates/20260906-issue39-closure-r3/agentic-circuit/toolchain/install/include/llvm/MC/MCAsmInfoXCOFF.h
-- Installing: /Users/zhoubot/linx-isa/tools/pyCircuit/.pycircuit_out/gates/20260906-issue39-closure-r3/agentic-circuit/toolchain/install/include/llvm/MC/MCSectionDXContainer.h
-- Installing: /Users/zhoubot/linx-isa/tools/pyCircuit/.pycircuit_out/gates/20260906-issue39-closure-r3/agentic-circuit/toolchain/install/include/llvm/MC/MCSectionCOFF.h
-- Installing: /Users/zhoubot/linx-isa/tools/pyCircuit/.pycircuit_out/gates/20260906-issue39-closure-r3/agentic-circuit/toolchain/install/include/llvm/MC/MCObjectStreamer.h
-- Installing: /Users/zhoubot/linx-isa/tools/pyCircuit/.pycircuit_out/gates/20260906-issue39-closure-r3/agentic-circuit/toolchain/install/include/llvm/MC/LaneBitmask.h
-- Installing: /Users/zhoubot/linx-isa/tools/pyCircuit/.pycircuit_out/gates/20260906-issue39-closure-r3/agentic-circuit/toolchain/install/include/llvm/MC/MCSymbolWasm.h
-- Installing: /Users/zhoubot/linx-isa/tools/pyCircuit/.pycircuit_out/gates/20260906-issue39-closure-r3/agentic-circuit/toolchain/install/include/llvm/MC/MCContext.h
-- Installing: /Users/zhoubot/linx-isa/tools/pyCircuit/.pycircuit_out/gates/20260906-issue39-closure-r3/agentic-circuit/toolchain/install/include/llvm/MC/MCWinCOFFStreamer.h
-- Installing: /Users/zhoubot/linx-isa/tools/pyCircuit/.pycircuit_out/gates/20260906-issue39-closure-r3/agentic-circuit/toolchain/install/include/llvm/MC/ConstantPools.h
-- Installing: /Users/zhoubot/linx-isa/tools/pyCircuit/.pycircuit_out/gates/20260906-issue39-closure-r3/agentic-circuit/toolchain/install/include/llvm/MC/MCDirectives.h
-- Installing: /Users/zhoubot/linx-isa/tools/pyCircuit/.pycircuit_out/gates/20260906-issue39-closure-r3/agentic-circuit/toolchain/install/include/llvm/MC/MCELFExtras.h
-- Installing: /Users/zhoubot/linx-isa/tools/pyCircuit/.pycircuit_out/gates/20260906-issue39-closure-r3/agentic-circuit/toolchain/install/include/llvm/MC/MCSectionELF.h
-- Installing: /Users/zhoubot/linx-isa/tools/pyCircuit/.pycircuit_out/gates/20260906-issue39-closure-r3/agentic-circuit/toolchain/install/include/llvm/MC/MCGOFFAttributes.h
-- Installing: /Users/zhoubot/linx-isa/tools/pyCircuit/.pycircuit_out/gates/20260906-issue39-closure-r3/agentic-circuit/toolchain/install/include/llvm/MC/MCFixup.h
-- Installing: /Users/zhoubot/linx-isa/tools/pyCircuit/.pycircuit_out/gates/20260906-issue39-closure-r3/agentic-circuit/toolchain/install/include/llvm/MC/MCLabel.h
-- Installing: /Users/zhoubot/linx-isa/tools/pyCircuit/.pycircuit_out/gates/20260906-issue39-closure-r3/agentic-circuit/toolchain/install/include/llvm/MC/MCDXContainerWriter.h
-- Installing: /Users/zhoubot/linx-isa/tools/pyCircuit/.pycircuit_out/gates/20260906-issue39-closure-r3/agentic-circuit/toolchain/install/include/llvm/MC/MCAsmMacro.h
-- Installing: /Users/zhoubot/linx-isa/tools/pyCircuit/.pycircuit_out/gates/20260906-issue39-closure-r3/agentic-circuit/toolchain/install/include/llvm/MC/MCSection.h
-- Installing: /Users/zhoubot/linx-isa/tools/pyCircuit/.pycircuit_out/gates/20260906-issue39-closure-r3/agentic-circuit/toolchain/install/include/llvm/MC/MCSymbolGOFF.h
-- Installing: /Users/zhoubot/linx-isa/tools/pyCircuit/.pycircuit_out/gates/20260906-issue39-closure-r3/agentic-circuit/toolchain/install/include/llvm/InterfaceStub
-- Installing: /Users/zhoubot/linx-isa/tools/pyCircuit/.pycircuit_out/gates/20260906-issue39-closure-r3/agentic-circuit/toolchain/install/include/llvm/InterfaceStub/IFSStub.h
-- Installing: /Users/zhoubot/linx-isa/tools/pyCircuit/.pycircuit_out/gates/20260906-issue39-closure-r3/agentic-circuit/toolchain/install/include/llvm/InterfaceStub/ELFObjHandler.h
-- Installing: /Users/zhoubot/linx-isa/tools/pyCircuit/.pycircuit_out/gates/20260906-issue39-closure-r3/agentic-circuit/toolchain/install/include/llvm/InterfaceStub/IFSHandler.h
-- Installing: /Users/zhoubot/linx-isa/tools/pyCircuit/.pycircuit_out/gates/20260906-issue39-closure-r3/agentic-circuit/toolchain/install/include/llvm/ObjCopy
-- Installing: /Users/zhoubot/linx-isa/tools/pyCircuit/.pycircuit_out/gates/20260906-issue39-closure-r3/agentic-circuit/toolchain/install/include/llvm/ObjCopy/COFF
-- Installing: /Users/zhoubot/linx-isa/tools/pyCircuit/.pycircuit_out/gates/20260906-issue39-closure-r3/agentic-circuit/toolchain/install/include/llvm/ObjCopy/COFF/COFFConfig.h
-- Installing: /Users/zhoubot/linx-isa/tools/pyCircuit/.pycircuit_out/gates/20260906-issue39-closure-r3/agentic-circuit/toolchain/install/include/llvm/ObjCopy/COFF/COFFObjcopy.h
-- Installing: /Users/zhoubot/linx-isa/tools/pyCircuit/.pycircuit_out/gates/20260906-issue39-closure-r3/agentic-circuit/toolchain/install/include/llvm/ObjCopy/DXContainer
-- Installing: /Users/zhoubot/linx-isa/tools/pyCircuit/.pycircuit_out/gates/20260906-issue39-closure-r3/agentic-circuit/toolchain/install/include/llvm/ObjCopy/DXContainer/DXContainerConfig.h
-- Installing: /Users/zhoubot/linx-isa/tools/pyCircuit/.pycircuit_out/gates/20260906-issue39-closure-r3/agentic-circuit/toolchain/install/include/llvm/ObjCopy/DXContainer/DXContainerObjcopy.h
-- Installing: /Users/zhoubot/linx-isa/tools/pyCircuit/.pycircuit_out/gates/20260906-issue39-closure-r3/agentic-circuit/toolchain/install/include/llvm/ObjCopy/MachO
-- Installing: /Users/zhoubot/linx-isa/tools/pyCircuit/.pycircuit_out/gates/20260906-issue39-closure-r3/agentic-circuit/toolchain/install/include/llvm/ObjCopy/MachO/MachOObjcopy.h
-- Installing: /Users/zhoubot/linx-isa/tools/pyCircuit/.pycircuit_out/gates/20260906-issue39-closure-r3/agentic-circuit/toolchain/install/include/llvm/ObjCopy/MachO/MachOConfig.h
-- Installing: /Users/zhoubot/linx-isa/tools/pyCircuit/.pycircuit_out/gates/20260906-issue39-closure-r3/agentic-circuit/toolchain/install/include/llvm/ObjCopy/ConfigManager.h
-- Installing: /Users/zhoubot/linx-isa/tools/pyCircuit/.pycircuit_out/gates/20260906-issue39-closure-r3/agentic-circuit/toolchain/install/include/llvm/ObjCopy/wasm
-- Installing: /Users/zhoubot/linx-isa/tools/pyCircuit/.pycircuit_out/gates/20260906-issue39-closure-r3/agentic-circuit/toolchain/install/include/llvm/ObjCopy/wasm/WasmConfig.h
-- Installing: /Users/zhoubot/linx-isa/tools/pyCircuit/.pycircuit_out/gates/20260906-issue39-closure-r3/agentic-circuit/toolchain/install/include/llvm/ObjCopy/wasm/WasmObjcopy.h
-- Installing: /Users/zhoubot/linx-isa/tools/pyCircuit/.pycircuit_out/gates/20260906-issue39-closure-r3/agentic-circuit/toolchain/install/include/llvm/ObjCopy/XCOFF
-- Installing: /Users/zhoubot/linx-isa/tools/pyCircuit/.pycircuit_out/gates/20260906-issue39-closure-r3/agentic-circuit/toolchain/install/include/llvm/ObjCopy/XCOFF/XCOFFObjcopy.h
-- Installing: /Users/zhoubot/linx-isa/tools/pyCircuit/.pycircuit_out/gates/20260906-issue39-closure-r3/agentic-circuit/toolchain/install/include/llvm/ObjCopy/XCOFF/XCOFFConfig.h
-- Installing: /Users/zhoubot/linx-isa/tools/pyCircuit/.pycircuit_out/gates/20260906-issue39-closure-r3/agentic-circuit/toolchain/install/include/llvm/ObjCopy/ObjCopy.h
-- Installing: /Users/zhoubot/linx-isa/tools/pyCircuit/.pycircuit_out/gates/20260906-issue39-closure-r3/agentic-circuit/toolchain/install/include/llvm/ObjCopy/MultiFormatConfig.h
-- Installing: /Users/zhoubot/linx-isa/tools/pyCircuit/.pycircuit_out/gates/20260906-issue39-closure-r3/agentic-circuit/toolchain/install/include/llvm/ObjCopy/CommonConfig.h
-- Installing: /Users/zhoubot/linx-isa/tools/pyCircuit/.pycircuit_out/gates/20260906-issue39-closure-r3/agentic-circuit/toolchain/install/include/llvm/ObjCopy/ELF
-- Installing: /Users/zhoubot/linx-isa/tools/pyCircuit/.pycircuit_out/gates/20260906-issue39-closure-r3/agentic-circuit/toolchain/install/include/llvm/ObjCopy/ELF/ELFObjcopy.h
-- Installing: /Users/zhoubot/linx-isa/tools/pyCircuit/.pycircuit_out/gates/20260906-issue39-closure-r3/agentic-circuit/toolchain/install/include/llvm/ObjCopy/ELF/ELFConfig.h
-- Installing: /Users/zhoubot/linx-isa/tools/pyCircuit/.pycircuit_out/gates/20260906-issue39-closure-r3/agentic-circuit/toolchain/install/include/llvm/Telemetry
-- Installing: /Users/zhoubot/linx-isa/tools/pyCircuit/.pycircuit_out/gates/20260906-issue39-closure-r3/agentic-circuit/toolchain/install/include/llvm/Telemetry/Telemetry.h
-- Installing: /Users/zhoubot/linx-isa/tools/pyCircuit/.pycircuit_out/gates/20260906-issue39-closure-r3/agentic-circuit/toolchain/install/include/llvm/InitializePasses.h
-- Installing: /Users/zhoubot/linx-isa/tools/pyCircuit/.pycircuit_out/gates/20260906-issue39-closure-r3/agentic-circuit/toolchain/install/include/llvm/DWARFCFIChecker
-- Installing: /Users/zhoubot/linx-isa/tools/pyCircuit/.pycircuit_out/gates/20260906-issue39-closure-r3/agentic-circuit/toolchain/install/include/llvm/DWARFCFIChecker/DWARFCFIAnalysis.h
-- Installing: /Users/zhoubot/linx-isa/tools/pyCircuit/.pycircuit_out/gates/20260906-issue39-closure-r3/agentic-circuit/toolchain/install/include/llvm/DWARFCFIChecker/DWARFCFIState.h
-- Installing: /Users/zhoubot/linx-isa/tools/pyCircuit/.pycircuit_out/gates/20260906-issue39-closure-r3/agentic-circuit/toolchain/install/include/llvm/DWARFCFIChecker/DWARFCFIFunctionFrameAnalyzer.h
-- Installing: /Users/zhoubot/linx-isa/tools/pyCircuit/.pycircuit_out/gates/20260906-issue39-closure-r3/agentic-circuit/toolchain/install/include/llvm/DWARFCFIChecker/DWARFCFIFunctionFrameReceiver.h
-- Installing: /Users/zhoubot/linx-isa/tools/pyCircuit/.pycircuit_out/gates/20260906-issue39-closure-r3/agentic-circuit/toolchain/install/include/llvm/DWARFCFIChecker/DWARFCFIFunctionFrameStreamer.h
-- Installing: /Users/zhoubot/linx-isa/tools/pyCircuit/.pycircuit_out/gates/20260906-issue39-closure-r3/agentic-circuit/toolchain/install/include/llvm/LinkAllPasses.h
-- Installing: /Users/zhoubot/linx-isa/tools/pyCircuit/.pycircuit_out/gates/20260906-issue39-closure-r3/agentic-circuit/toolchain/install/include/llvm/IRReader
-- Installing: /Users/zhoubot/linx-isa/tools/pyCircuit/.pycircuit_out/gates/20260906-issue39-closure-r3/agentic-circuit/toolchain/install/include/llvm/IRReader/IRReader.h
-- Installing: /Users/zhoubot/linx-isa/tools/pyCircuit/.pycircuit_out/gates/20260906-issue39-closure-r3/agentic-circuit/toolchain/install/include/llvm/WindowsDriver
-- Installing: /Users/zhoubot/linx-isa/tools/pyCircuit/.pycircuit_out/gates/20260906-issue39-closure-r3/agentic-circuit/toolchain/install/include/llvm/WindowsDriver/MSVCPaths.h
-- Installing: /Users/zhoubot/linx-isa/tools/pyCircuit/.pycircuit_out/gates/20260906-issue39-closure-r3/agentic-circuit/toolchain/install/include/llvm/WindowsDriver/MSVCSetupApi.h
-- Installing: /Users/zhoubot/linx-isa/tools/pyCircuit/.pycircuit_out/gates/20260906-issue39-closure-r3/agentic-circuit/toolchain/install/include/llvm/TableGen
-- Installing: /Users/zhoubot/linx-isa/tools/pyCircuit/.pycircuit_out/gates/20260906-issue39-closure-r3/agentic-circuit/toolchain/install/include/llvm/TableGen/Main.h
-- Installing: /Users/zhoubot/linx-isa/tools/pyCircuit/.pycircuit_out/gates/20260906-issue39-closure-r3/agentic-circuit/toolchain/install/include/llvm/TableGen/Error.h
-- Installing: /Users/zhoubot/linx-isa/tools/pyCircuit/.pycircuit_out/gates/20260906-issue39-closure-r3/agentic-circuit/toolchain/install/include/llvm/TableGen/SetTheory.h
-- Installing: /Users/zhoubot/linx-isa/tools/pyCircuit/.pycircuit_out/gates/20260906-issue39-closure-r3/agentic-circuit/toolchain/install/include/llvm/TableGen/SearchableTable.td
-- Installing: /Users/zhoubot/linx-isa/tools/pyCircuit/.pycircuit_out/gates/20260906-issue39-closure-r3/agentic-circuit/toolchain/install/include/llvm/TableGen/Parser.h
-- Installing: /Users/zhoubot/linx-isa/tools/pyCircuit/.pycircuit_out/gates/20260906-issue39-closure-r3/agentic-circuit/toolchain/install/include/llvm/TableGen/StringMatcher.h
-- Installing: /Users/zhoubot/linx-isa/tools/pyCircuit/.pycircuit_out/gates/20260906-issue39-closure-r3/agentic-circuit/toolchain/install/include/llvm/TableGen/StringToOffsetTable.h
-- Installing: /Users/zhoubot/linx-isa/tools/pyCircuit/.pycircuit_out/gates/20260906-issue39-closure-r3/agentic-circuit/toolchain/install/include/llvm/TableGen/Record.h
-- Installing: /Users/zhoubot/linx-isa/tools/pyCircuit/.pycircuit_out/gates/20260906-issue39-closure-r3/agentic-circuit/toolchain/install/include/llvm/TableGen/DirectiveEmitter.h
-- Installing: /Users/zhoubot/linx-isa/tools/pyCircuit/.pycircuit_out/gates/20260906-issue39-closure-r3/agentic-circuit/toolchain/install/include/llvm/TableGen/AArch64ImmCheck.h
-- Installing: /Users/zhoubot/linx-isa/tools/pyCircuit/.pycircuit_out/gates/20260906-issue39-closure-r3/agentic-circuit/toolchain/install/include/llvm/TableGen/CodeGenHelpers.h
-- Installing: /Users/zhoubot/linx-isa/tools/pyCircuit/.pycircuit_out/gates/20260906-issue39-closure-r3/agentic-circuit/toolchain/install/include/llvm/TableGen/TableGenBackend.h
-- Installing: /Users/zhoubot/linx-isa/tools/pyCircuit/.pycircuit_out/gates/20260906-issue39-closure-r3/agentic-circuit/toolchain/install/include/llvm/TableGen/Automaton.td
-- Installing: /Users/zhoubot/linx-isa/tools/pyCircuit/.pycircuit_out/gates/20260906-issue39-closure-r3/agentic-circuit/toolchain/install/include/llvm/TableGen/SetTheory.td
-- Installing: /Users/zhoubot/linx-isa/tools/pyCircuit/.pycircuit_out/gates/20260906-issue39-closure-r3/agentic-circuit/toolchain/install/include/llvm/TableGen/TGTimer.h
-- Installing: /Users/zhoubot/linx-isa/tools/pyCircuit/.pycircuit_out/gates/20260906-issue39-closure-r3/agentic-circuit/toolchain/install/include/llvm/XRay
-- Installing: /Users/zhoubot/linx-isa/tools/pyCircuit/.pycircuit_out/gates/20260906-issue39-closure-r3/agentic-circuit/toolchain/install/include/llvm/XRay/RecordPrinter.h
-- Installing: /Users/zhoubot/linx-isa/tools/pyCircuit/.pycircuit_out/gates/20260906-issue39-closure-r3/agentic-circuit/toolchain/install/include/llvm/XRay/Profile.h
-- Installing: /Users/zhoubot/linx-isa/tools/pyCircuit/.pycircuit_out/gates/20260906-issue39-closure-r3/agentic-circuit/toolchain/install/include/llvm/XRay/XRayRecord.h
-- Installing: /Users/zhoubot/linx-isa/tools/pyCircuit/.pycircuit_out/gates/20260906-issue39-closure-r3/agentic-circuit/toolchain/install/include/llvm/XRay/FDRLogBuilder.h
-- Installing: /Users/zhoubot/linx-isa/tools/pyCircuit/.pycircuit_out/gates/20260906-issue39-closure-r3/agentic-circuit/toolchain/install/include/llvm/XRay/BlockIndexer.h
-- Installing: /Users/zhoubot/linx-isa/tools/pyCircuit/.pycircuit_out/gates/20260906-issue39-closure-r3/agentic-circuit/toolchain/install/include/llvm/XRay/FDRRecords.h
-- Installing: /Users/zhoubot/linx-isa/tools/pyCircuit/.pycircuit_out/gates/20260906-issue39-closure-r3/agentic-circuit/toolchain/install/include/llvm/XRay/FDRTraceWriter.h
-- Installing: /Users/zhoubot/linx-isa/tools/pyCircuit/.pycircuit_out/gates/20260906-issue39-closure-r3/agentic-circuit/toolchain/install/include/llvm/XRay/InstrumentationMap.h
-- Installing: /Users/zhoubot/linx-isa/tools/pyCircuit/.pycircuit_out/gates/20260906-issue39-closure-r3/agentic-circuit/toolchain/install/include/llvm/XRay/FDRTraceExpander.h
-- Installing: /Users/zhoubot/linx-isa/tools/pyCircuit/.pycircuit_out/gates/20260906-issue39-closure-r3/agentic-circuit/toolchain/install/include/llvm/XRay/Graph.h
-- Installing: /Users/zhoubot/linx-isa/tools/pyCircuit/.pycircuit_out/gates/20260906-issue39-closure-r3/agentic-circuit/toolchain/install/include/llvm/XRay/FDRRecordConsumer.h
-- Installing: /Users/zhoubot/linx-isa/tools/pyCircuit/.pycircuit_out/gates/20260906-issue39-closure-r3/agentic-circuit/toolchain/install/include/llvm/XRay/BlockVerifier.h
-- Installing: /Users/zhoubot/linx-isa/tools/pyCircuit/.pycircuit_out/gates/20260906-issue39-closure-r3/agentic-circuit/toolchain/install/include/llvm/XRay/Trace.h
-- Installing: /Users/zhoubot/linx-isa/tools/pyCircuit/.pycircuit_out/gates/20260906-issue39-closure-r3/agentic-circuit/toolchain/install/include/llvm/XRay/BlockPrinter.h
-- Installing: /Users/zhoubot/linx-isa/tools/pyCircuit/.pycircuit_out/gates/20260906-issue39-closure-r3/agentic-circuit/toolchain/install/include/llvm/XRay/FDRRecordProducer.h
-- Installing: /Users/zhoubot/linx-isa/tools/pyCircuit/.pycircuit_out/gates/20260906-issue39-closure-r3/agentic-circuit/toolchain/install/include/llvm/XRay/FileHeaderReader.h
-- Installing: /Users/zhoubot/linx-isa/tools/pyCircuit/.pycircuit_out/gates/20260906-issue39-closure-r3/agentic-circuit/toolchain/install/include/llvm/XRay/YAMLXRayRecord.h
-- Installing: /Users/zhoubot/linx-isa/tools/pyCircuit/.pycircuit_out/gates/20260906-issue39-closure-r3/agentic-circuit/toolchain/install/include/llvm/MCA
-- Installing: /Users/zhoubot/linx-isa/tools/pyCircuit/.pycircuit_out/gates/20260906-issue39-closure-r3/agentic-circuit/toolchain/install/include/llvm/MCA/InstrBuilder.h
-- Installing: /Users/zhoubot/linx-isa/tools/pyCircuit/.pycircuit_out/gates/20260906-issue39-closure-r3/agentic-circuit/toolchain/install/include/llvm/MCA/Stages
-- Installing: /Users/zhoubot/linx-isa/tools/pyCircuit/.pycircuit_out/gates/20260906-issue39-closure-r3/agentic-circuit/toolchain/install/include/llvm/MCA/Stages/RetireStage.h
-- Installing: /Users/zhoubot/linx-isa/tools/pyCircuit/.pycircuit_out/gates/20260906-issue39-closure-r3/agentic-circuit/toolchain/install/include/llvm/MCA/Stages/EntryStage.h
-- Installing: /Users/zhoubot/linx-isa/tools/pyCircuit/.pycircuit_out/gates/20260906-issue39-closure-r3/agentic-circuit/toolchain/install/include/llvm/MCA/Stages/DispatchStage.h
-- Installing: /Users/zhoubot/linx-isa/tools/pyCircuit/.pycircuit_out/gates/20260906-issue39-closure-r3/agentic-circuit/toolchain/install/include/llvm/MCA/Stages/InOrderIssueStage.h
-- Installing: /Users/zhoubot/linx-isa/tools/pyCircuit/.pycircuit_out/gates/20260906-issue39-closure-r3/agentic-circuit/toolchain/install/include/llvm/MCA/Stages/MicroOpQueueStage.h
-- Installing: /Users/zhoubot/linx-isa/tools/pyCircuit/.pycircuit_out/gates/20260906-issue39-closure-r3/agentic-circuit/toolchain/install/include/llvm/MCA/Stages/InstructionTables.h
-- Installing: /Users/zhoubot/linx-isa/tools/pyCircuit/.pycircuit_out/gates/20260906-issue39-closure-r3/agentic-circuit/toolchain/install/include/llvm/MCA/Stages/Stage.h
-- Installing: /Users/zhoubot/linx-isa/tools/pyCircuit/.pycircuit_out/gates/20260906-issue39-closure-r3/agentic-circuit/toolchain/install/include/llvm/MCA/Stages/ExecuteStage.h
-- Installing: /Users/zhoubot/linx-isa/tools/pyCircuit/.pycircuit_out/gates/20260906-issue39-closure-r3/agentic-circuit/toolchain/install/include/llvm/MCA/HardwareUnits
-- Installing: /Users/zhoubot/linx-isa/tools/pyCircuit/.pycircuit_out/gates/20260906-issue39-closure-r3/agentic-circuit/toolchain/install/include/llvm/MCA/HardwareUnits/LSUnit.h
-- Installing: /Users/zhoubot/linx-isa/tools/pyCircuit/.pycircuit_out/gates/20260906-issue39-closure-r3/agentic-circuit/toolchain/install/include/llvm/MCA/HardwareUnits/Scheduler.h
-- Installing: /Users/zhoubot/linx-isa/tools/pyCircuit/.pycircuit_out/gates/20260906-issue39-closure-r3/agentic-circuit/toolchain/install/include/llvm/MCA/HardwareUnits/RetireControlUnit.h
-- Installing: /Users/zhoubot/linx-isa/tools/pyCircuit/.pycircuit_out/gates/20260906-issue39-closure-r3/agentic-circuit/toolchain/install/include/llvm/MCA/HardwareUnits/RegisterFile.h
-- Installing: /Users/zhoubot/linx-isa/tools/pyCircuit/.pycircuit_out/gates/20260906-issue39-closure-r3/agentic-circuit/toolchain/install/include/llvm/MCA/HardwareUnits/HardwareUnit.h
-- Installing: /Users/zhoubot/linx-isa/tools/pyCircuit/.pycircuit_out/gates/20260906-issue39-closure-r3/agentic-circuit/toolchain/install/include/llvm/MCA/HardwareUnits/ResourceManager.h
-- Installing: /Users/zhoubot/linx-isa/tools/pyCircuit/.pycircuit_out/gates/20260906-issue39-closure-r3/agentic-circuit/toolchain/install/include/llvm/MCA/Context.h
-- Installing: /Users/zhoubot/linx-isa/tools/pyCircuit/.pycircuit_out/gates/20260906-issue39-closure-r3/agentic-circuit/toolchain/install/include/llvm/MCA/View.h
-- Installing: /Users/zhoubot/linx-isa/tools/pyCircuit/.pycircuit_out/gates/20260906-issue39-closure-r3/agentic-circuit/toolchain/install/include/llvm/MCA/IncrementalSourceMgr.h
-- Installing: /Users/zhoubot/linx-isa/tools/pyCircuit/.pycircuit_out/gates/20260906-issue39-closure-r3/agentic-circuit/toolchain/install/include/llvm/MCA/CodeEmitter.h
-- Installing: /Users/zhoubot/linx-isa/tools/pyCircuit/.pycircuit_out/gates/20260906-issue39-closure-r3/agentic-circuit/toolchain/install/include/llvm/MCA/HWEventListener.h
-- Installing: /Users/zhoubot/linx-isa/tools/pyCircuit/.pycircuit_out/gates/20260906-issue39-closure-r3/agentic-circuit/toolchain/install/include/llvm/MCA/CustomBehaviour.h
-- Installing: /Users/zhoubot/linx-isa/tools/pyCircuit/.pycircuit_out/gates/20260906-issue39-closure-r3/agentic-circuit/toolchain/install/include/llvm/MCA/SourceMgr.h
-- Installing: /Users/zhoubot/linx-isa/tools/pyCircuit/.pycircuit_out/gates/20260906-issue39-closure-r3/agentic-circuit/toolchain/install/include/llvm/MCA/Pipeline.h
-- Installing: /Users/zhoubot/linx-isa/tools/pyCircuit/.pycircuit_out/gates/20260906-issue39-closure-r3/agentic-circuit/toolchain/install/include/llvm/MCA/Instruction.h
-- Installing: /Users/zhoubot/linx-isa/tools/pyCircuit/.pycircuit_out/gates/20260906-issue39-closure-r3/agentic-circuit/toolchain/install/include/llvm/MCA/Support.h
-- Installing: /Users/zhoubot/linx-isa/tools/pyCircuit/.pycircuit_out/gates/20260906-issue39-closure-r3/agentic-circuit/toolchain/install/include/llvm/WindowsResource
-- Installing: /Users/zhoubot/linx-isa/tools/pyCircuit/.pycircuit_out/gates/20260906-issue39-closure-r3/agentic-circuit/toolchain/install/include/llvm/WindowsResource/ResourceScriptToken.h
-- Installing: /Users/zhoubot/linx-isa/tools/pyCircuit/.pycircuit_out/gates/20260906-issue39-closure-r3/agentic-circuit/toolchain/install/include/llvm/WindowsResource/ResourceScriptTokenList.h
-- Installing: /Users/zhoubot/linx-isa/tools/pyCircuit/.pycircuit_out/gates/20260906-issue39-closure-r3/agentic-circuit/toolchain/install/include/llvm/WindowsResource/ResourceProcessor.h
-- Installing: /Users/zhoubot/linx-isa/tools/pyCircuit/.pycircuit_out/gates/20260906-issue39-closure-r3/agentic-circuit/toolchain/install/include/llvm/PassInfo.h
-- Installing: /Users/zhoubot/linx-isa/tools/pyCircuit/.pycircuit_out/gates/20260906-issue39-closure-r3/agentic-circuit/toolchain/install/include/llvm-c
-- Installing: /Users/zhoubot/linx-isa/tools/pyCircuit/.pycircuit_out/gates/20260906-issue39-closure-r3/agentic-circuit/toolchain/install/include/llvm-c/Error.h
-- Installing: /Users/zhoubot/linx-isa/tools/pyCircuit/.pycircuit_out/gates/20260906-issue39-closure-r3/agentic-circuit/toolchain/install/include/llvm-c/Core.h
-- Installing: /Users/zhoubot/linx-isa/tools/pyCircuit/.pycircuit_out/gates/20260906-issue39-closure-r3/agentic-circuit/toolchain/install/include/llvm-c/ExecutionEngine.h
-- Installing: /Users/zhoubot/linx-isa/tools/pyCircuit/.pycircuit_out/gates/20260906-issue39-closure-r3/agentic-circuit/toolchain/install/include/llvm-c/Disassembler.h
-- Installing: /Users/zhoubot/linx-isa/tools/pyCircuit/.pycircuit_out/gates/20260906-issue39-closure-r3/agentic-circuit/toolchain/install/include/llvm-c/ExternC.h
-- Installing: /Users/zhoubot/linx-isa/tools/pyCircuit/.pycircuit_out/gates/20260906-issue39-closure-r3/agentic-circuit/toolchain/install/include/llvm-c/Types.h
-- Installing: /Users/zhoubot/linx-isa/tools/pyCircuit/.pycircuit_out/gates/20260906-issue39-closure-r3/agentic-circuit/toolchain/install/include/llvm-c/BitWriter.h
-- Installing: /Users/zhoubot/linx-isa/tools/pyCircuit/.pycircuit_out/gates/20260906-issue39-closure-r3/agentic-circuit/toolchain/install/include/llvm-c/OrcEE.h
-- Installing: /Users/zhoubot/linx-isa/tools/pyCircuit/.pycircuit_out/gates/20260906-issue39-closure-r3/agentic-circuit/toolchain/install/include/llvm-c/LLJIT.h
-- Installing: /Users/zhoubot/linx-isa/tools/pyCircuit/.pycircuit_out/gates/20260906-issue39-closure-r3/agentic-circuit/toolchain/install/include/llvm-c/blake3.h
-- Installing: /Users/zhoubot/linx-isa/tools/pyCircuit/.pycircuit_out/gates/20260906-issue39-closure-r3/agentic-circuit/toolchain/install/include/llvm-c/DebugInfo.h
-- Installing: /Users/zhoubot/linx-isa/tools/pyCircuit/.pycircuit_out/gates/20260906-issue39-closure-r3/agentic-circuit/toolchain/install/include/llvm-c/IRReader.h
-- Installing: /Users/zhoubot/linx-isa/tools/pyCircuit/.pycircuit_out/gates/20260906-issue39-closure-r3/agentic-circuit/toolchain/install/include/llvm-c/DataTypes.h
-- Installing: /Users/zhoubot/linx-isa/tools/pyCircuit/.pycircuit_out/gates/20260906-issue39-closure-r3/agentic-circuit/toolchain/install/include/llvm-c/Transforms
-- Installing: /Users/zhoubot/linx-isa/tools/pyCircuit/.pycircuit_out/gates/20260906-issue39-closure-r3/agentic-circuit/toolchain/install/include/llvm-c/Transforms/PassBuilder.h
-- Installing: /Users/zhoubot/linx-isa/tools/pyCircuit/.pycircuit_out/gates/20260906-issue39-closure-r3/agentic-circuit/toolchain/install/include/llvm-c/TargetMachine.h
-- Installing: /Users/zhoubot/linx-isa/tools/pyCircuit/.pycircuit_out/gates/20260906-issue39-closure-r3/agentic-circuit/toolchain/install/include/llvm-c/LLJITUtils.h
-- Installing: /Users/zhoubot/linx-isa/tools/pyCircuit/.pycircuit_out/gates/20260906-issue39-closure-r3/agentic-circuit/toolchain/install/include/llvm-c/Comdat.h
-- Installing: /Users/zhoubot/linx-isa/tools/pyCircuit/.pycircuit_out/gates/20260906-issue39-closure-r3/agentic-circuit/toolchain/install/include/llvm-c/Remarks.h
-- Installing: /Users/zhoubot/linx-isa/tools/pyCircuit/.pycircuit_out/gates/20260906-issue39-closure-r3/agentic-circuit/toolchain/install/include/llvm-c/Target.h
-- Installing: /Users/zhoubot/linx-isa/tools/pyCircuit/.pycircuit_out/gates/20260906-issue39-closure-r3/agentic-circuit/toolchain/install/include/llvm-c/Deprecated.h
-- Installing: /Users/zhoubot/linx-isa/tools/pyCircuit/.pycircuit_out/gates/20260906-issue39-closure-r3/agentic-circuit/toolchain/install/include/llvm-c/Object.h
-- Installing: /Users/zhoubot/linx-isa/tools/pyCircuit/.pycircuit_out/gates/20260906-issue39-closure-r3/agentic-circuit/toolchain/install/include/llvm-c/Orc.h
-- Installing: /Users/zhoubot/linx-isa/tools/pyCircuit/.pycircuit_out/gates/20260906-issue39-closure-r3/agentic-circuit/toolchain/install/include/llvm-c/Linker.h
-- Installing: /Users/zhoubot/linx-isa/tools/pyCircuit/.pycircuit_out/gates/20260906-issue39-closure-r3/agentic-circuit/toolchain/install/include/llvm-c/ErrorHandling.h
-- Installing: /Users/zhoubot/linx-isa/tools/pyCircuit/.pycircuit_out/gates/20260906-issue39-closure-r3/agentic-circuit/toolchain/install/include/llvm-c/DisassemblerTypes.h
-- Installing: /Users/zhoubot/linx-isa/tools/pyCircuit/.pycircuit_out/gates/20260906-issue39-closure-r3/agentic-circuit/toolchain/install/include/llvm-c/Visibility.h
-- Installing: /Users/zhoubot/linx-isa/tools/pyCircuit/.pycircuit_out/gates/20260906-issue39-closure-r3/agentic-circuit/toolchain/install/include/llvm-c/BitReader.h
-- Installing: /Users/zhoubot/linx-isa/tools/pyCircuit/.pycircuit_out/gates/20260906-issue39-closure-r3/agentic-circuit/toolchain/install/include/llvm-c/Analysis.h
-- Installing: /Users/zhoubot/linx-isa/tools/pyCircuit/.pycircuit_out/gates/20260906-issue39-closure-r3/agentic-circuit/toolchain/install/include/llvm-c/lto.h
-- Installing: /Users/zhoubot/linx-isa/tools/pyCircuit/.pycircuit_out/gates/20260906-issue39-closure-r3/agentic-circuit/toolchain/install/include/llvm-c/Support.h
-- Installing: /Users/zhoubot/linx-isa/tools/pyCircuit/.pycircuit_out/gates/20260906-issue39-closure-r3/agentic-circuit/toolchain/install/lib/python3.14/site-packages/agentic_circuit
-- Installing: /Users/zhoubot/linx-isa/tools/pyCircuit/.pycircuit_out/gates/20260906-issue39-closure-r3/agentic-circuit/toolchain/install/lib/python3.14/site-packages/agentic_circuit/_normalize.py
-- Installing: /Users/zhoubot/linx-isa/tools/pyCircuit/.pycircuit_out/gates/20260906-issue39-closure-r3/agentic-circuit/toolchain/install/lib/python3.14/site-packages/agentic_circuit/_queue_codegen.py
-- Installing: /Users/zhoubot/linx-isa/tools/pyCircuit/.pycircuit_out/gates/20260906-issue39-closure-r3/agentic-circuit/toolchain/install/lib/python3.14/site-packages/agentic_circuit/_output.py
-- Installing: /Users/zhoubot/linx-isa/tools/pyCircuit/.pycircuit_out/gates/20260906-issue39-closure-r3/agentic-circuit/toolchain/install/lib/python3.14/site-packages/agentic_circuit/_types.py
-- Installing: /Users/zhoubot/linx-isa/tools/pyCircuit/.pycircuit_out/gates/20260906-issue39-closure-r3/agentic-circuit/toolchain/install/lib/python3.14/site-packages/agentic_circuit/_source.py
-- Installing: /Users/zhoubot/linx-isa/tools/pyCircuit/.pycircuit_out/gates/20260906-issue39-closure-r3/agentic-circuit/toolchain/install/lib/python3.14/site-packages/agentic_circuit/_lower_acir.py
-- Installing: /Users/zhoubot/linx-isa/tools/pyCircuit/.pycircuit_out/gates/20260906-issue39-closure-r3/agentic-circuit/toolchain/install/lib/python3.14/site-packages/agentic_circuit/_queue_frontend.py
-- Installing: /Users/zhoubot/linx-isa/tools/pyCircuit/.pycircuit_out/gates/20260906-issue39-closure-r3/agentic-circuit/toolchain/install/lib/python3.14/site-packages/agentic_circuit/_capabilities.py
-- Installing: /Users/zhoubot/linx-isa/tools/pyCircuit/.pycircuit_out/gates/20260906-issue39-closure-r3/agentic-circuit/toolchain/install/lib/python3.14/site-packages/agentic_circuit/_capture_worker.py
-- Installing: /Users/zhoubot/linx-isa/tools/pyCircuit/.pycircuit_out/gates/20260906-issue39-closure-r3/agentic-circuit/toolchain/install/lib/python3.14/site-packages/agentic_circuit/_resolve.py
-- Installing: /Users/zhoubot/linx-isa/tools/pyCircuit/.pycircuit_out/gates/20260906-issue39-closure-r3/agentic-circuit/toolchain/install/lib/python3.14/site-packages/agentic_circuit/_definitions.py
-- Installing: /Users/zhoubot/linx-isa/tools/pyCircuit/.pycircuit_out/gates/20260906-issue39-closure-r3/agentic-circuit/toolchain/install/lib/python3.14/site-packages/agentic_circuit/_cli.py
-- Installing: /Users/zhoubot/linx-isa/tools/pyCircuit/.pycircuit_out/gates/20260906-issue39-closure-r3/agentic-circuit/toolchain/install/lib/python3.14/site-packages/agentic_circuit/_diagnostics.py
-- Installing: /Users/zhoubot/linx-isa/tools/pyCircuit/.pycircuit_out/gates/20260906-issue39-closure-r3/agentic-circuit/toolchain/install/lib/python3.14/site-packages/agentic_circuit/_frontend.py
-- Installing: /Users/zhoubot/linx-isa/tools/pyCircuit/.pycircuit_out/gates/20260906-issue39-closure-r3/agentic-circuit/toolchain/install/lib/python3.14/site-packages/agentic_circuit/__init__.py
-- Installing: /Users/zhoubot/linx-isa/tools/pyCircuit/.pycircuit_out/gates/20260906-issue39-closure-r3/agentic-circuit/toolchain/install/lib/python3.14/site-packages/agentic_circuit/_acpy.py
-- Installing: /Users/zhoubot/linx-isa/tools/pyCircuit/.pycircuit_out/gates/20260906-issue39-closure-r3/agentic-circuit/toolchain/install/lib/python3.14/site-packages/agentic_circuit/_schemas.py
-- Installing: /Users/zhoubot/linx-isa/tools/pyCircuit/.pycircuit_out/gates/20260906-issue39-closure-r3/agentic-circuit/toolchain/install/lib/python3.14/site-packages/agentic_circuit/_collections.py
-- Installing: /Users/zhoubot/linx-isa/tools/pyCircuit/.pycircuit_out/gates/20260906-issue39-closure-r3/agentic-circuit/toolchain/install/lib/python3.14/site-packages/agentic_circuit/_package_data.py
-- Installing: /Users/zhoubot/linx-isa/tools/pyCircuit/.pycircuit_out/gates/20260906-issue39-closure-r3/agentic-circuit/toolchain/install/lib/python3.14/site-packages/agentic_circuit/_inspect.py
-- Installing: /Users/zhoubot/linx-isa/tools/pyCircuit/.pycircuit_out/gates/20260906-issue39-closure-r3/agentic-circuit/toolchain/install/lib/python3.14/site-packages/agentic_circuit/_workspace.py
-- Installing: /Users/zhoubot/linx-isa/tools/pyCircuit/.pycircuit_out/gates/20260906-issue39-closure-r3/agentic-circuit/toolchain/install/lib/python3.14/site-packages/agentic_circuit/_native_api.py
-- Installing: /Users/zhoubot/linx-isa/tools/pyCircuit/.pycircuit_out/gates/20260906-issue39-closure-r3/agentic-circuit/toolchain/install/lib/python3.14/site-packages/agentic_circuit/_commands
-- Installing: /Users/zhoubot/linx-isa/tools/pyCircuit/.pycircuit_out/gates/20260906-issue39-closure-r3/agentic-circuit/toolchain/install/lib/python3.14/site-packages/agentic_circuit/_commands/build.py
-- Installing: /Users/zhoubot/linx-isa/tools/pyCircuit/.pycircuit_out/gates/20260906-issue39-closure-r3/agentic-circuit/toolchain/install/lib/python3.14/site-packages/agentic_circuit/_commands/run.py
-- Installing: /Users/zhoubot/linx-isa/tools/pyCircuit/.pycircuit_out/gates/20260906-issue39-closure-r3/agentic-circuit/toolchain/install/lib/python3.14/site-packages/agentic_circuit/_commands/check.py
-- Installing: /Users/zhoubot/linx-isa/tools/pyCircuit/.pycircuit_out/gates/20260906-issue39-closure-r3/agentic-circuit/toolchain/install/lib/python3.14/site-packages/agentic_circuit/_commands/__init__.py
-- Installing: /Users/zhoubot/linx-isa/tools/pyCircuit/.pycircuit_out/gates/20260906-issue39-closure-r3/agentic-circuit/toolchain/install/lib/python3.14/site-packages/agentic_circuit/_commands/inspect.py
-- Installing: /Users/zhoubot/linx-isa/tools/pyCircuit/.pycircuit_out/gates/20260906-issue39-closure-r3/agentic-circuit/toolchain/install/lib/python3.14/site-packages/agentic_circuit/_commands/elaborate.py
-- Installing: /Users/zhoubot/linx-isa/tools/pyCircuit/.pycircuit_out/gates/20260906-issue39-closure-r3/agentic-circuit/toolchain/install/lib/python3.14/site-packages/agentic_circuit/_commands/compile.py
-- Installing: /Users/zhoubot/linx-isa/tools/pyCircuit/.pycircuit_out/gates/20260906-issue39-closure-r3/agentic-circuit/toolchain/install/lib/python3.14/site-packages/agentic_circuit/_commands/init.py
-- Installing: /Users/zhoubot/linx-isa/tools/pyCircuit/.pycircuit_out/gates/20260906-issue39-closure-r3/agentic-circuit/toolchain/install/lib/python3.14/site-packages/agentic_circuit/_commands/explain.py
-- Installing: /Users/zhoubot/linx-isa/tools/pyCircuit/.pycircuit_out/gates/20260906-issue39-closure-r3/agentic-circuit/toolchain/install/lib/python3.14/site-packages/agentic_circuit/_commands/doctor.py
-- Installing: /Users/zhoubot/linx-isa/tools/pyCircuit/.pycircuit_out/gates/20260906-issue39-closure-r3/agentic-circuit/toolchain/install/lib/python3.14/site-packages/agentic_circuit/_commands/schema.py
-- Installing: /Users/zhoubot/linx-isa/tools/pyCircuit/.pycircuit_out/gates/20260906-issue39-closure-r3/agentic-circuit/toolchain/install/lib/python3.14/site-packages/agentic_circuit/_process.py
-- Installing: /Users/zhoubot/linx-isa/tools/pyCircuit/.pycircuit_out/gates/20260906-issue39-closure-r3/agentic-circuit/toolchain/install/lib/python3.14/site-packages/agentic_circuit/_validate.py
-- Installing: /Users/zhoubot/linx-isa/tools/pyCircuit/.pycircuit_out/gates/20260906-issue39-closure-r3/agentic-circuit/toolchain/install/lib/python3.14/site-packages/agentic_circuit/_canonical_json.py
-- Installing: /Users/zhoubot/linx-isa/tools/pyCircuit/.pycircuit_out/gates/20260906-issue39-closure-r3/agentic-circuit/toolchain/install/lib/python3.14/site-packages/agentic_circuit/_naming.py
-- Installing: /Users/zhoubot/linx-isa/tools/pyCircuit/.pycircuit_out/gates/20260906-issue39-closure-r3/agentic-circuit/toolchain/install/lib/python3.14/site-packages/agentic_circuit/_static_eval.py
-- Installing: /Users/zhoubot/linx-isa/tools/pyCircuit/.pycircuit_out/gates/20260906-issue39-closure-r3/agentic-circuit/toolchain/install/lib/python3.14/site-packages/agentic_circuit/_data
-- Installing: /Users/zhoubot/linx-isa/tools/pyCircuit/.pycircuit_out/gates/20260906-issue39-closure-r3/agentic-circuit/toolchain/install/lib/python3.14/site-packages/agentic_circuit/_data/__init__.py
-- Installing: /Users/zhoubot/linx-isa/tools/pyCircuit/.pycircuit_out/gates/20260906-issue39-closure-r3/agentic-circuit/toolchain/install/lib/python3.14/site-packages/agentic_circuit/_run.py
-- Installing: /Users/zhoubot/linx-isa/tools/pyCircuit/.pycircuit_out/gates/20260906-issue39-closure-r3/agentic-circuit/toolchain/install/lib/python3.14/site-packages/agentic_circuit/_resources.py
-- Installing: /Users/zhoubot/linx-isa/tools/pyCircuit/.pycircuit_out/gates/20260906-issue39-closure-r3/agentic-circuit/toolchain/install/lib/python3.14/site-packages/agentic_circuit/_staging.py
-- Installing: /Users/zhoubot/linx-isa/tools/pyCircuit/.pycircuit_out/gates/20260906-issue39-closure-r3/agentic-circuit/toolchain/install/lib/python3.14/site-packages/agentic_circuit/_jit.py
-- Installing: /Users/zhoubot/linx-isa/tools/pyCircuit/.pycircuit_out/gates/20260906-issue39-closure-r3/agentic-circuit/toolchain/install/lib/python3.14/site-packages/agentic_circuit/_scopes.py
-- Installing: /Users/zhoubot/linx-isa/tools/pyCircuit/.pycircuit_out/gates/20260906-issue39-closure-r3/agentic-circuit/toolchain/install/lib/python3.14/site-packages/_pycircuit_semantics
-- Installing: /Users/zhoubot/linx-isa/tools/pyCircuit/.pycircuit_out/gates/20260906-issue39-closure-r3/agentic-circuit/toolchain/install/lib/python3.14/site-packages/_pycircuit_semantics/__init__.py
-- Installing: /Users/zhoubot/linx-isa/tools/pyCircuit/.pycircuit_out/gates/20260906-issue39-closure-r3/agentic-circuit/toolchain/install/lib/python3.14/site-packages/_pycircuit_semantics/types.py
-- Installing: /Users/zhoubot/linx-isa/tools/pyCircuit/.pycircuit_out/gates/20260906-issue39-closure-r3/agentic-circuit/toolchain/install/lib/python3.14/site-packages/_pycircuit_semantics/bitmask.py
-- Installing: /Users/zhoubot/linx-isa/tools/pyCircuit/.pycircuit_out/gates/20260906-issue39-closure-r3/agentic-circuit/toolchain/install/lib/python3.14/site-packages/_pycircuit_semantics/constraints.py
-- Installing: /Users/zhoubot/linx-isa/tools/pyCircuit/.pycircuit_out/gates/20260906-issue39-closure-r3/agentic-circuit/toolchain/install/lib/python3.14/site-packages/_pycircuit_semantics/bitfield.py
-- Installing: /Users/zhoubot/linx-isa/tools/pyCircuit/.pycircuit_out/gates/20260906-issue39-closure-r3/agentic-circuit/toolchain/install/lib/python3.14/site-packages/agentic_circuit/_data/schemas/agentic-circuit
-- Installing: /Users/zhoubot/linx-isa/tools/pyCircuit/.pycircuit_out/gates/20260906-issue39-closure-r3/agentic-circuit/toolchain/install/lib/python3.14/site-packages/agentic_circuit/_data/schemas/agentic-circuit/diagnostic.schema.json
-- Installing: /Users/zhoubot/linx-isa/tools/pyCircuit/.pycircuit_out/gates/20260906-issue39-closure-r3/agentic-circuit/toolchain/install/lib/python3.14/site-packages/agentic_circuit/_data/schemas/agentic-circuit/block-spec.schema.json
-- Installing: /Users/zhoubot/linx-isa/tools/pyCircuit/.pycircuit_out/gates/20260906-issue39-closure-r3/agentic-circuit/toolchain/install/lib/python3.14/site-packages/agentic_circuit/_data/schemas/agentic-circuit/opcodes.json
-- Installing: /Users/zhoubot/linx-isa/tools/pyCircuit/.pycircuit_out/gates/20260906-issue39-closure-r3/agentic-circuit/toolchain/install/lib/python3.14/site-packages/agentic_circuit/_data/schemas/agentic-circuit/contracts
-- Installing: /Users/zhoubot/linx-isa/tools/pyCircuit/.pycircuit_out/gates/20260906-issue39-closure-r3/agentic-circuit/toolchain/install/lib/python3.14/site-packages/agentic_circuit/_data/schemas/agentic-circuit/contracts/acir.yaml
-- Installing: /Users/zhoubot/linx-isa/tools/pyCircuit/.pycircuit_out/gates/20260906-issue39-closure-r3/agentic-circuit/toolchain/install/lib/python3.14/site-packages/agentic_circuit/_data/schemas/agentic-circuit/contracts/acsim.yaml
-- Installing: /Users/zhoubot/linx-isa/tools/pyCircuit/.pycircuit_out/gates/20260906-issue39-closure-r3/agentic-circuit/toolchain/install/lib/python3.14/site-packages/agentic_circuit/_data/schemas/agentic-circuit/blocks.json
-- Installing: /Users/zhoubot/linx-isa/tools/pyCircuit/.pycircuit_out/gates/20260906-issue39-closure-r3/agentic-circuit/toolchain/install/lib/python3.14/site-packages/agentic_circuit/_data/schemas/agentic-circuit/pto-trace.schema.json
-- Installing: /Users/zhoubot/linx-isa/tools/pyCircuit/.pycircuit_out/gates/20260906-issue39-closure-r3/agentic-circuit/toolchain/install/lib/python3.14/site-packages/agentic_circuit/_data/schemas/agentic-circuit/run-result.schema.json
-- Installing: /Users/zhoubot/linx-isa/tools/pyCircuit/.pycircuit_out/gates/20260906-issue39-closure-r3/agentic-circuit/toolchain/install/lib/python3.14/site-packages/agentic_circuit/_data/schemas/agentic-circuit/acir-process-state-plan.schema.json
-- Installing: /Users/zhoubot/linx-isa/tools/pyCircuit/.pycircuit_out/gates/20260906-issue39-closure-r3/agentic-circuit/toolchain/install/lib/python3.14/site-packages/agentic_circuit/_data/schemas/agentic-circuit/diagnostics
-- Installing: /Users/zhoubot/linx-isa/tools/pyCircuit/.pycircuit_out/gates/20260906-issue39-closure-r3/agentic-circuit/toolchain/install/lib/python3.14/site-packages/agentic_circuit/_data/schemas/agentic-circuit/diagnostics/diagnostics.json
-- Installing: /Users/zhoubot/linx-isa/tools/pyCircuit/.pycircuit_out/gates/20260906-issue39-closure-r3/agentic-circuit/toolchain/install/lib/python3.14/site-packages/agentic_circuit/_data/schemas/agentic-circuit/stdlib
-- Installing: /Users/zhoubot/linx-isa/tools/pyCircuit/.pycircuit_out/gates/20260906-issue39-closure-r3/agentic-circuit/toolchain/install/lib/python3.14/site-packages/agentic_circuit/_data/schemas/agentic-circuit/stdlib/RegisterFile.json
-- Installing: /Users/zhoubot/linx-isa/tools/pyCircuit/.pycircuit_out/gates/20260906-issue39-closure-r3/agentic-circuit/toolchain/install/lib/python3.14/site-packages/agentic_circuit/_data/schemas/agentic-circuit/stdlib/DependencyTracker.json
-- Installing: /Users/zhoubot/linx-isa/tools/pyCircuit/.pycircuit_out/gates/20260906-issue39-closure-r3/agentic-circuit/toolchain/install/lib/python3.14/site-packages/agentic_circuit/_data/schemas/agentic-circuit/stdlib/Bus.json
-- Installing: /Users/zhoubot/linx-isa/tools/pyCircuit/.pycircuit_out/gates/20260906-issue39-closure-r3/agentic-circuit/toolchain/install/lib/python3.14/site-packages/agentic_circuit/_data/schemas/agentic-circuit/stdlib/Switch.json
-- Installing: /Users/zhoubot/linx-isa/tools/pyCircuit/.pycircuit_out/gates/20260906-issue39-closure-r3/agentic-circuit/toolchain/install/lib/python3.14/site-packages/agentic_circuit/_data/schemas/agentic-circuit/stdlib/Broadcast.json
-- Installing: /Users/zhoubot/linx-isa/tools/pyCircuit/.pycircuit_out/gates/20260906-issue39-closure-r3/agentic-circuit/toolchain/install/lib/python3.14/site-packages/agentic_circuit/_data/schemas/agentic-circuit/stdlib/request_response.json
-- Installing: /Users/zhoubot/linx-isa/tools/pyCircuit/.pycircuit_out/gates/20260906-issue39-closure-r3/agentic-circuit/toolchain/install/lib/python3.14/site-packages/agentic_circuit/_data/schemas/agentic-circuit/stdlib/Dispatcher.json
-- Installing: /Users/zhoubot/linx-isa/tools/pyCircuit/.pycircuit_out/gates/20260906-issue39-closure-r3/agentic-circuit/toolchain/install/lib/python3.14/site-packages/agentic_circuit/_data/schemas/agentic-circuit/stdlib/TimeDomainBridge.json
-- Installing: /Users/zhoubot/linx-isa/tools/pyCircuit/.pycircuit_out/gates/20260906-issue39-closure-r3/agentic-circuit/toolchain/install/lib/python3.14/site-packages/agentic_circuit/_data/schemas/agentic-circuit/stdlib/Scratchpad.json
-- Installing: /Users/zhoubot/linx-isa/tools/pyCircuit/.pycircuit_out/gates/20260906-issue39-closure-r3/agentic-circuit/toolchain/install/lib/python3.14/site-packages/agentic_circuit/_data/schemas/agentic-circuit/stdlib/Memory.json
-- Installing: /Users/zhoubot/linx-isa/tools/pyCircuit/.pycircuit_out/gates/20260906-issue39-closure-r3/agentic-circuit/toolchain/install/lib/python3.14/site-packages/agentic_circuit/_data/schemas/agentic-circuit/stdlib/LoadStore.json
-- Installing: /Users/zhoubot/linx-isa/tools/pyCircuit/.pycircuit_out/gates/20260906-issue39-closure-r3/agentic-circuit/toolchain/install/lib/python3.14/site-packages/agentic_circuit/_data/schemas/agentic-circuit/stdlib/Dma.json
-- Installing: /Users/zhoubot/linx-isa/tools/pyCircuit/.pycircuit_out/gates/20260906-issue39-closure-r3/agentic-circuit/toolchain/install/lib/python3.14/site-packages/agentic_circuit/_data/schemas/agentic-circuit/stdlib/MemoryManagement.json
-- Installing: /Users/zhoubot/linx-isa/tools/pyCircuit/.pycircuit_out/gates/20260906-issue39-closure-r3/agentic-circuit/toolchain/install/lib/python3.14/site-packages/agentic_circuit/_data/schemas/agentic-circuit/stdlib/MemoryController.json
-- Installing: /Users/zhoubot/linx-isa/tools/pyCircuit/.pycircuit_out/gates/20260906-issue39-closure-r3/agentic-circuit/toolchain/install/lib/python3.14/site-packages/agentic_circuit/_data/schemas/agentic-circuit/stdlib/TrafficSource.json
-- Installing: /Users/zhoubot/linx-isa/tools/pyCircuit/.pycircuit_out/gates/20260906-issue39-closure-r3/agentic-circuit/toolchain/install/lib/python3.14/site-packages/agentic_circuit/_data/schemas/agentic-circuit/stdlib/Barrier.json
-- Installing: /Users/zhoubot/linx-isa/tools/pyCircuit/.pycircuit_out/gates/20260906-issue39-closure-r3/agentic-circuit/toolchain/install/lib/python3.14/site-packages/agentic_circuit/_data/schemas/agentic-circuit/stdlib/Reassembler.json
-- Installing: /Users/zhoubot/linx-isa/tools/pyCircuit/.pycircuit_out/gates/20260906-issue39-closure-r3/agentic-circuit/toolchain/install/lib/python3.14/site-packages/agentic_circuit/_data/schemas/agentic-circuit/stdlib/Packetizer.json
-- Installing: /Users/zhoubot/linx-isa/tools/pyCircuit/.pycircuit_out/gates/20260906-issue39-closure-r3/agentic-circuit/toolchain/install/lib/python3.14/site-packages/agentic_circuit/_data/schemas/agentic-circuit/stdlib/AddressTranslator.json
-- Installing: /Users/zhoubot/linx-isa/tools/pyCircuit/.pycircuit_out/gates/20260906-issue39-closure-r3/agentic-circuit/toolchain/install/lib/python3.14/site-packages/agentic_circuit/_data/schemas/agentic-circuit/stdlib/Cache.json
-- Installing: /Users/zhoubot/linx-isa/tools/pyCircuit/.pycircuit_out/gates/20260906-issue39-closure-r3/agentic-circuit/toolchain/install/lib/python3.14/site-packages/agentic_circuit/_data/schemas/agentic-circuit/stdlib/Sink.json
-- Installing: /Users/zhoubot/linx-isa/tools/pyCircuit/.pycircuit_out/gates/20260906-issue39-closure-r3/agentic-circuit/toolchain/install/lib/python3.14/site-packages/agentic_circuit/_data/schemas/agentic-circuit/stdlib/Scoreboard.json
-- Installing: /Users/zhoubot/linx-isa/tools/pyCircuit/.pycircuit_out/gates/20260906-issue39-closure-r3/agentic-circuit/toolchain/install/lib/python3.14/site-packages/agentic_circuit/_data/schemas/agentic-circuit/stdlib/Queue.json
-- Installing: /Users/zhoubot/linx-isa/tools/pyCircuit/.pycircuit_out/gates/20260906-issue39-closure-r3/agentic-circuit/toolchain/install/lib/python3.14/site-packages/agentic_circuit/_data/schemas/agentic-circuit/stdlib/Scheduler.json
-- Installing: /Users/zhoubot/linx-isa/tools/pyCircuit/.pycircuit_out/gates/20260906-issue39-closure-r3/agentic-circuit/toolchain/install/lib/python3.14/site-packages/agentic_circuit/_data/schemas/agentic-circuit/stdlib/Fork.json
-- Installing: /Users/zhoubot/linx-isa/tools/pyCircuit/.pycircuit_out/gates/20260906-issue39-closure-r3/agentic-circuit/toolchain/install/lib/python3.14/site-packages/agentic_circuit/_data/schemas/agentic-circuit/stdlib/TraceSource.json
-- Installing: /Users/zhoubot/linx-isa/tools/pyCircuit/.pycircuit_out/gates/20260906-issue39-closure-r3/agentic-circuit/toolchain/install/lib/python3.14/site-packages/agentic_circuit/_data/schemas/agentic-circuit/stdlib/Tlb.json
-- Installing: /Users/zhoubot/linx-isa/tools/pyCircuit/.pycircuit_out/gates/20260906-issue39-closure-r3/agentic-circuit/toolchain/install/lib/python3.14/site-packages/agentic_circuit/_data/schemas/agentic-circuit/stdlib/ready_valid.json
-- Installing: /Users/zhoubot/linx-isa/tools/pyCircuit/.pycircuit_out/gates/20260906-issue39-closure-r3/agentic-circuit/toolchain/install/lib/python3.14/site-packages/agentic_circuit/_data/schemas/agentic-circuit/stdlib/stdlib
-- Installing: /Users/zhoubot/linx-isa/tools/pyCircuit/.pycircuit_out/gates/20260906-issue39-closure-r3/agentic-circuit/toolchain/install/lib/python3.14/site-packages/agentic_circuit/_data/schemas/agentic-circuit/stdlib/Arbiter.json
-- Installing: /Users/zhoubot/linx-isa/tools/pyCircuit/.pycircuit_out/gates/20260906-issue39-closure-r3/agentic-circuit/toolchain/install/lib/python3.14/site-packages/agentic_circuit/_data/schemas/agentic-circuit/stdlib/ProtocolAdapter.json
-- Installing: /Users/zhoubot/linx-isa/tools/pyCircuit/.pycircuit_out/gates/20260906-issue39-closure-r3/agentic-circuit/toolchain/install/lib/python3.14/site-packages/agentic_circuit/_data/schemas/agentic-circuit/stdlib/Router.json
-- Installing: /Users/zhoubot/linx-isa/tools/pyCircuit/.pycircuit_out/gates/20260906-issue39-closure-r3/agentic-circuit/toolchain/install/lib/python3.14/site-packages/agentic_circuit/_data/schemas/agentic-circuit/stdlib/catalog.json
-- Installing: /Users/zhoubot/linx-isa/tools/pyCircuit/.pycircuit_out/gates/20260906-issue39-closure-r3/agentic-circuit/toolchain/install/lib/python3.14/site-packages/agentic_circuit/_data/schemas/agentic-circuit/stdlib/WidthAdapter.json
-- Installing: /Users/zhoubot/linx-isa/tools/pyCircuit/.pycircuit_out/gates/20260906-issue39-closure-r3/agentic-circuit/toolchain/install/lib/python3.14/site-packages/agentic_circuit/_data/schemas/agentic-circuit/stdlib/Link.json
-- Installing: /Users/zhoubot/linx-isa/tools/pyCircuit/.pycircuit_out/gates/20260906-issue39-closure-r3/agentic-circuit/toolchain/install/lib/python3.14/site-packages/agentic_circuit/_data/schemas/agentic-circuit/stdlib/Compute.json
-- Installing: /Users/zhoubot/linx-isa/tools/pyCircuit/.pycircuit_out/gates/20260906-issue39-closure-r3/agentic-circuit/toolchain/install/lib/python3.14/site-packages/agentic_circuit/_data/schemas/agentic-circuit/stdlib/Crossbar.json
-- Installing: /Users/zhoubot/linx-isa/tools/pyCircuit/.pycircuit_out/gates/20260906-issue39-closure-r3/agentic-circuit/toolchain/install/lib/python3.14/site-packages/agentic_circuit/_data/schemas/agentic-circuit/stdlib/Join.json
-- Installing: /Users/zhoubot/linx-isa/tools/pyCircuit/.pycircuit_out/gates/20260906-issue39-closure-r3/agentic-circuit/toolchain/install/lib/python3.14/site-packages/agentic_circuit/_data/schemas/agentic-circuit/templates
-- Installing: /Users/zhoubot/linx-isa/tools/pyCircuit/.pycircuit_out/gates/20260906-issue39-closure-r3/agentic-circuit/toolchain/install/lib/python3.14/site-packages/agentic_circuit/_data/schemas/agentic-circuit/templates/architecture.py
-- Installing: /Users/zhoubot/linx-isa/tools/pyCircuit/.pycircuit_out/gates/20260906-issue39-closure-r3/agentic-circuit/toolchain/install/lib/python3.14/site-packages/agentic_circuit/_data/schemas/agentic-circuit/templates/agentic-circuit.toml
-- Installing: /Users/zhoubot/linx-isa/tools/pyCircuit/.pycircuit_out/gates/20260906-issue39-closure-r3/agentic-circuit/toolchain/install/lib/python3.14/site-packages/agentic_circuit/_data/schemas/agentic-circuit/acpy.schema.json
-- Installing: /Users/zhoubot/linx-isa/tools/pyCircuit/.pycircuit_out/gates/20260906-issue39-closure-r3/agentic-circuit/toolchain/install/lib/python3.14/site-packages/agentic_circuit/_data/schemas/agentic-circuit/run-manifest.schema.json
-- Installing: /Users/zhoubot/linx-isa/tools/pyCircuit/.pycircuit_out/gates/20260906-issue39-closure-r3/agentic-circuit/toolchain/install/lib/python3.14/site-packages/agentic_circuit/_data/schemas/agentic-circuit/component.schema.json
-- Installing: /Users/zhoubot/linx-isa/tools/pyCircuit/.pycircuit_out/gates/20260906-issue39-closure-r3/agentic-circuit/toolchain/install/lib/python3.14/site-packages/agentic_circuit/_data/schemas/agentic-circuit/opcode-catalog.schema.json
-- Installing: /Users/zhoubot/linx-isa/tools/pyCircuit/.pycircuit_out/gates/20260906-issue39-closure-r3/agentic-circuit/toolchain/install/lib/python3.14/site-packages/agentic_circuit/_data/schemas/agentic-circuit/capabilities.schema.json
-- Installing: /Users/zhoubot/linx-isa/tools/pyCircuit/.pycircuit_out/gates/20260906-issue39-closure-r3/agentic-circuit/toolchain/install/lib/python3.14/site-packages/agentic_circuit/_data/schemas/agentic-circuit/acsim-binding.schema.json
-- Installing: /Users/zhoubot/linx-isa/tools/pyCircuit/.pycircuit_out/gates/20260906-issue39-closure-r3/agentic-circuit/toolchain/install/lib/python3.14/site-packages/agentic_circuit/_data/schemas/agentic-circuit/build-manifest.schema.json
-- Installing: /Users/zhoubot/linx-isa/tools/pyCircuit/.pycircuit_out/gates/20260906-issue39-closure-r3/agentic-circuit/toolchain/install/lib/python3.14/site-packages/agentic_circuit/_data/schemas/agentic-circuit/toolchains
-- Installing: /Users/zhoubot/linx-isa/tools/pyCircuit/.pycircuit_out/gates/20260906-issue39-closure-r3/agentic-circuit/toolchain/install/lib/python3.14/site-packages/agentic_circuit/_data/schemas/__init__.py
-- Installing: /Users/zhoubot/linx-isa/tools/pyCircuit/.pycircuit_out/gates/20260906-issue39-closure-r3/agentic-circuit/toolchain/install/lib/python3.14/site-packages/agentic_circuit/_native.so
-- Installing: /Users/zhoubot/linx-isa/tools/pyCircuit/.pycircuit_out/gates/20260906-issue39-closure-r3/agentic-circuit/toolchain/install/bin/agentic-circuit
-- Installing: /Users/zhoubot/linx-isa/tools/pyCircuit/.pycircuit_out/gates/20260906-issue39-closure-r3/agentic-circuit/toolchain/install/bin/acir-cxxgen
-- Installing: /Users/zhoubot/linx-isa/tools/pyCircuit/.pycircuit_out/gates/20260906-issue39-closure-r3/agentic-circuit/toolchain/install/bin/acir-opcode-catalog
-- Installing: /Users/zhoubot/linx-isa/tools/pyCircuit/.pycircuit_out/gates/20260906-issue39-closure-r3/agentic-circuit/toolchain/install/bin/acir-opt
-- Installing: /Users/zhoubot/linx-isa/tools/pyCircuit/.pycircuit_out/gates/20260906-issue39-closure-r3/agentic-circuit/toolchain/install/bin/acir-queue-cxxgen
-- Installing: /Users/zhoubot/linx-isa/tools/pyCircuit/.pycircuit_out/gates/20260906-issue39-closure-r3/agentic-circuit/toolchain/install/bin/acir-queue-plan
-- Installing: /Users/zhoubot/linx-isa/tools/pyCircuit/.pycircuit_out/gates/20260906-issue39-closure-r3/agentic-circuit/toolchain/install/bin/acir-queue-pycgen
-- Installing: /Users/zhoubot/linx-isa/tools/pyCircuit/.pycircuit_out/gates/20260906-issue39-closure-r3/agentic-circuit/toolchain/install/bin/ac-queue-pyc-build.py
-- Installing: /Users/zhoubot/linx-isa/tools/pyCircuit/.pycircuit_out/gates/20260906-issue39-closure-r3/agentic-circuit/toolchain/install/bin/acir-queue-veriloggen.py
-- Installing: /Users/zhoubot/linx-isa/tools/pyCircuit/.pycircuit_out/gates/20260906-issue39-closure-r3/agentic-circuit/toolchain/install/include/cpp
-- Installing: /Users/zhoubot/linx-isa/tools/pyCircuit/.pycircuit_out/gates/20260906-issue39-closure-r3/agentic-circuit/toolchain/install/include/cpp/pyc_print.hpp
-- Installing: /Users/zhoubot/linx-isa/tools/pyCircuit/.pycircuit_out/gates/20260906-issue39-closure-r3/agentic-circuit/toolchain/install/include/cpp/pyc_vec.hpp
-- Installing: /Users/zhoubot/linx-isa/tools/pyCircuit/.pycircuit_out/gates/20260906-issue39-closure-r3/agentic-circuit/toolchain/install/include/cpp/pyc_ops.hpp
-- Installing: /Users/zhoubot/linx-isa/tools/pyCircuit/.pycircuit_out/gates/20260906-issue39-closure-r3/agentic-circuit/toolchain/install/include/cpp/pyc_clock.hpp
-- Installing: /Users/zhoubot/linx-isa/tools/pyCircuit/.pycircuit_out/gates/20260906-issue39-closure-r3/agentic-circuit/toolchain/install/include/cpp/pyc_tb_sidecar.hpp
-- Installing: /Users/zhoubot/linx-isa/tools/pyCircuit/.pycircuit_out/gates/20260906-issue39-closure-r3/agentic-circuit/toolchain/install/include/cpp/pyc_runtime.hpp
-- Installing: /Users/zhoubot/linx-isa/tools/pyCircuit/.pycircuit_out/gates/20260906-issue39-closure-r3/agentic-circuit/toolchain/install/include/cpp/pyc_cdc_sync.hpp
-- Installing: /Users/zhoubot/linx-isa/tools/pyCircuit/.pycircuit_out/gates/20260906-issue39-closure-r3/agentic-circuit/toolchain/install/include/cpp/pyc_tb.hpp
-- Installing: /Users/zhoubot/linx-isa/tools/pyCircuit/.pycircuit_out/gates/20260906-issue39-closure-r3/agentic-circuit/toolchain/install/include/cpp/pyc_primitives.hpp
-- Installing: /Users/zhoubot/linx-isa/tools/pyCircuit/.pycircuit_out/gates/20260906-issue39-closure-r3/agentic-circuit/toolchain/install/include/cpp/pyc_vcd.hpp
-- Installing: /Users/zhoubot/linx-isa/tools/pyCircuit/.pycircuit_out/gates/20260906-issue39-closure-r3/agentic-circuit/toolchain/install/include/cpp/pyc_async_fifo.hpp
-- Installing: /Users/zhoubot/linx-isa/tools/pyCircuit/.pycircuit_out/gates/20260906-issue39-closure-r3/agentic-circuit/toolchain/install/include/cpp/pyc_trace_bin.hpp
-- Installing: /Users/zhoubot/linx-isa/tools/pyCircuit/.pycircuit_out/gates/20260906-issue39-closure-r3/agentic-circuit/toolchain/install/include/cpp/pyc_sim.hpp
-- Installing: /Users/zhoubot/linx-isa/tools/pyCircuit/.pycircuit_out/gates/20260906-issue39-closure-r3/agentic-circuit/toolchain/install/include/cpp/pyc_sync_mem.hpp
-- Installing: /Users/zhoubot/linx-isa/tools/pyCircuit/.pycircuit_out/gates/20260906-issue39-closure-r3/agentic-circuit/toolchain/install/include/cpp/pyc_byte_mem.hpp
-- Installing: /Users/zhoubot/linx-isa/tools/pyCircuit/.pycircuit_out/gates/20260906-issue39-closure-r3/agentic-circuit/toolchain/install/include/cpp/pyc_bits.hpp
-- Installing: /Users/zhoubot/linx-isa/tools/pyCircuit/.pycircuit_out/gates/20260906-issue39-closure-r3/agentic-circuit/toolchain/install/include/cpp/pyc_tb_sidecar_runtime.hpp
-- Installing: /Users/zhoubot/linx-isa/tools/pyCircuit/.pycircuit_out/gates/20260906-issue39-closure-r3/agentic-circuit/toolchain/install/include/cpp/pyc_probe_registry.hpp
-- Installing: /Users/zhoubot/linx-isa/tools/pyCircuit/.pycircuit_out/gates/20260906-issue39-closure-r3/agentic-circuit/toolchain/install/include/cpp/pyc_connector.hpp
-- Installing: /Users/zhoubot/linx-isa/tools/pyCircuit/.pycircuit_out/gates/20260906-issue39-closure-r3/agentic-circuit/toolchain/install/include/cpp/pyc_change_detect.hpp
-- Installing: /Users/zhoubot/linx-isa/tools/pyCircuit/.pycircuit_out/gates/20260906-issue39-closure-r3/agentic-circuit/toolchain/install/include/cpp/pyc_debug.hpp
-- Installing: /Users/zhoubot/linx-isa/tools/pyCircuit/.pycircuit_out/gates/20260906-issue39-closure-r3/agentic-circuit/toolchain/install/include/verilog
-- Installing: /Users/zhoubot/linx-isa/tools/pyCircuit/.pycircuit_out/gates/20260906-issue39-closure-r3/agentic-circuit/toolchain/install/include/verilog/pyc_byte_mem.v
-- Installing: /Users/zhoubot/linx-isa/tools/pyCircuit/.pycircuit_out/gates/20260906-issue39-closure-r3/agentic-circuit/toolchain/install/include/verilog/licenses
-- Installing: /Users/zhoubot/linx-isa/tools/pyCircuit/.pycircuit_out/gates/20260906-issue39-closure-r3/agentic-circuit/toolchain/install/include/verilog/licenses/BSD-3-Clause.txt
-- Installing: /Users/zhoubot/linx-isa/tools/pyCircuit/.pycircuit_out/gates/20260906-issue39-closure-r3/agentic-circuit/toolchain/install/include/verilog/pyc_count_zeros_primitive.v
-- Installing: /Users/zhoubot/linx-isa/tools/pyCircuit/.pycircuit_out/gates/20260906-issue39-closure-r3/agentic-circuit/toolchain/install/include/verilog/pyc_xor.v
-- Installing: /Users/zhoubot/linx-isa/tools/pyCircuit/.pycircuit_out/gates/20260906-issue39-closure-r3/agentic-circuit/toolchain/install/include/verilog/pyc_async_fifo.v
-- Installing: /Users/zhoubot/linx-isa/tools/pyCircuit/.pycircuit_out/gates/20260906-issue39-closure-r3/agentic-circuit/toolchain/install/include/verilog/pyc_priority_encode.v
-- Installing: /Users/zhoubot/linx-isa/tools/pyCircuit/.pycircuit_out/gates/20260906-issue39-closure-r3/agentic-circuit/toolchain/install/include/verilog/pyc_rr_arbiter.v
-- Installing: /Users/zhoubot/linx-isa/tools/pyCircuit/.pycircuit_out/gates/20260906-issue39-closure-r3/agentic-circuit/toolchain/install/include/verilog/pyc_cdc_sync.v
-- Installing: /Users/zhoubot/linx-isa/tools/pyCircuit/.pycircuit_out/gates/20260906-issue39-closure-r3/agentic-circuit/toolchain/install/include/verilog/pyc_popcount_primitive.v
-- Installing: /Users/zhoubot/linx-isa/tools/pyCircuit/.pycircuit_out/gates/20260906-issue39-closure-r3/agentic-circuit/toolchain/install/include/verilog/pyc_mux.v
-- Installing: /Users/zhoubot/linx-isa/tools/pyCircuit/.pycircuit_out/gates/20260906-issue39-closure-r3/agentic-circuit/toolchain/install/include/verilog/pyc_sync_mem_dp.v
-- Installing: /Users/zhoubot/linx-isa/tools/pyCircuit/.pycircuit_out/gates/20260906-issue39-closure-r3/agentic-circuit/toolchain/install/include/verilog/pyc_reg.v
-- Installing: /Users/zhoubot/linx-isa/tools/pyCircuit/.pycircuit_out/gates/20260906-issue39-closure-r3/agentic-circuit/toolchain/install/include/verilog/pyc_and.v
-- Installing: /Users/zhoubot/linx-isa/tools/pyCircuit/.pycircuit_out/gates/20260906-issue39-closure-r3/agentic-circuit/toolchain/install/include/verilog/pyc_sync_mem.v
-- Installing: /Users/zhoubot/linx-isa/tools/pyCircuit/.pycircuit_out/gates/20260906-issue39-closure-r3/agentic-circuit/toolchain/install/include/verilog/pyc_not.v
-- Installing: /Users/zhoubot/linx-isa/tools/pyCircuit/.pycircuit_out/gates/20260906-issue39-closure-r3/agentic-circuit/toolchain/install/include/verilog/pyc_or.v
-- Installing: /Users/zhoubot/linx-isa/tools/pyCircuit/.pycircuit_out/gates/20260906-issue39-closure-r3/agentic-circuit/toolchain/install/include/verilog/rtl_catalog.json
-- Installing: /Users/zhoubot/linx-isa/tools/pyCircuit/.pycircuit_out/gates/20260906-issue39-closure-r3/agentic-circuit/toolchain/install/include/verilog/pyc_add.v
-- Installing: /Users/zhoubot/linx-isa/tools/pyCircuit/.pycircuit_out/gates/20260906-issue39-closure-r3/agentic-circuit/toolchain/install/include/verilog/pyc_fifo.v
-- Installing: /Users/zhoubot/linx-isa/tools/pyCircuit/.pycircuit_out/gates/20260906-issue39-closure-r3/agentic-circuit/toolchain/install/lib/libpyc6_runtime.a
-- Installing: /Users/zhoubot/linx-isa/tools/pyCircuit/.pycircuit_out/gates/20260906-issue39-closure-r3/agentic-circuit/toolchain/install/share/pycircuit/python/pycircuit
-- Installing: /Users/zhoubot/linx-isa/tools/pyCircuit/.pycircuit_out/gates/20260906-issue39-closure-r3/agentic-circuit/toolchain/install/share/pycircuit/python/pycircuit/jit_cache.py
-- Installing: /Users/zhoubot/linx-isa/tools/pyCircuit/.pycircuit_out/gates/20260906-issue39-closure-r3/agentic-circuit/toolchain/install/share/pycircuit/python/pycircuit/trace_dsl.py
-- Installing: /Users/zhoubot/linx-isa/tools/pyCircuit/.pycircuit_out/gates/20260906-issue39-closure-r3/agentic-circuit/toolchain/install/share/pycircuit/python/pycircuit/packaged_toolchain.py
-- Installing: /Users/zhoubot/linx-isa/tools/pyCircuit/.pycircuit_out/gates/20260906-issue39-closure-r3/agentic-circuit/toolchain/install/share/pycircuit/python/pycircuit/dsl.py
-- Installing: /Users/zhoubot/linx-isa/tools/pyCircuit/.pycircuit_out/gates/20260906-issue39-closure-r3/agentic-circuit/toolchain/install/share/pycircuit/python/pycircuit/enums.py
-- Installing: /Users/zhoubot/linx-isa/tools/pyCircuit/.pycircuit_out/gates/20260906-issue39-closure-r3/agentic-circuit/toolchain/install/share/pycircuit/python/pycircuit/connectors.py
-- Installing: /Users/zhoubot/linx-isa/tools/pyCircuit/.pycircuit_out/gates/20260906-issue39-closure-r3/agentic-circuit/toolchain/install/share/pycircuit/python/pycircuit/api_contract.py
-- Installing: /Users/zhoubot/linx-isa/tools/pyCircuit/.pycircuit_out/gates/20260906-issue39-closure-r3/agentic-circuit/toolchain/install/share/pycircuit/python/pycircuit/jit.py
-- Installing: /Users/zhoubot/linx-isa/tools/pyCircuit/.pycircuit_out/gates/20260906-issue39-closure-r3/agentic-circuit/toolchain/install/share/pycircuit/python/pycircuit/path_shortening.py
-- Installing: /Users/zhoubot/linx-isa/tools/pyCircuit/.pycircuit_out/gates/20260906-issue39-closure-r3/agentic-circuit/toolchain/install/share/pycircuit/python/pycircuit/tb.py
-- Installing: /Users/zhoubot/linx-isa/tools/pyCircuit/.pycircuit_out/gates/20260906-issue39-closure-r3/agentic-circuit/toolchain/install/share/pycircuit/python/pycircuit/hierarchical.py
-- Installing: /Users/zhoubot/linx-isa/tools/pyCircuit/.pycircuit_out/gates/20260906-issue39-closure-r3/agentic-circuit/toolchain/install/share/pycircuit/python/pycircuit/diagnostics.py
-- Installing: /Users/zhoubot/linx-isa/tools/pyCircuit/.pycircuit_out/gates/20260906-issue39-closure-r3/agentic-circuit/toolchain/install/share/pycircuit/python/pycircuit/testbench.py
-- Installing: /Users/zhoubot/linx-isa/tools/pyCircuit/.pycircuit_out/gates/20260906-issue39-closure-r3/agentic-circuit/toolchain/install/share/pycircuit/python/pycircuit/hw.py
-- Installing: /Users/zhoubot/linx-isa/tools/pyCircuit/.pycircuit_out/gates/20260906-issue39-closure-r3/agentic-circuit/toolchain/install/share/pycircuit/python/pycircuit/tests
-- Installing: /Users/zhoubot/linx-isa/tools/pyCircuit/.pycircuit_out/gates/20260906-issue39-closure-r3/agentic-circuit/toolchain/install/share/pycircuit/python/pycircuit/spec
-- Installing: /Users/zhoubot/linx-isa/tools/pyCircuit/.pycircuit_out/gates/20260906-issue39-closure-r3/agentic-circuit/toolchain/install/share/pycircuit/python/pycircuit/spec/builders.py
-- Installing: /Users/zhoubot/linx-isa/tools/pyCircuit/.pycircuit_out/gates/20260906-issue39-closure-r3/agentic-circuit/toolchain/install/share/pycircuit/python/pycircuit/spec/__init__.py
-- Installing: /Users/zhoubot/linx-isa/tools/pyCircuit/.pycircuit_out/gates/20260906-issue39-closure-r3/agentic-circuit/toolchain/install/share/pycircuit/python/pycircuit/spec/types.py
-- Installing: /Users/zhoubot/linx-isa/tools/pyCircuit/.pycircuit_out/gates/20260906-issue39-closure-r3/agentic-circuit/toolchain/install/share/pycircuit/python/pycircuit/spec/dse.py
-- Installing: /Users/zhoubot/linx-isa/tools/pyCircuit/.pycircuit_out/gates/20260906-issue39-closure-r3/agentic-circuit/toolchain/install/share/pycircuit/python/pycircuit/logic
-- Installing: /Users/zhoubot/linx-isa/tools/pyCircuit/.pycircuit_out/gates/20260906-issue39-closure-r3/agentic-circuit/toolchain/install/share/pycircuit/python/pycircuit/logic/__init__.py
-- Installing: /Users/zhoubot/linx-isa/tools/pyCircuit/.pycircuit_out/gates/20260906-issue39-closure-r3/agentic-circuit/toolchain/install/share/pycircuit/python/pycircuit/design.py
-- Installing: /Users/zhoubot/linx-isa/tools/pyCircuit/.pycircuit_out/gates/20260906-issue39-closure-r3/agentic-circuit/toolchain/install/share/pycircuit/python/pycircuit/__init__.py
-- Installing: /Users/zhoubot/linx-isa/tools/pyCircuit/.pycircuit_out/gates/20260906-issue39-closure-r3/agentic-circuit/toolchain/install/share/pycircuit/python/pycircuit/ct.py
-- Installing: /Users/zhoubot/linx-isa/tools/pyCircuit/.pycircuit_out/gates/20260906-issue39-closure-r3/agentic-circuit/toolchain/install/share/pycircuit/python/pycircuit/literals.py
-- Installing: /Users/zhoubot/linx-isa/tools/pyCircuit/.pycircuit_out/gates/20260906-issue39-closure-r3/agentic-circuit/toolchain/install/share/pycircuit/python/pycircuit/wiring
-- Installing: /Users/zhoubot/linx-isa/tools/pyCircuit/.pycircuit_out/gates/20260906-issue39-closure-r3/agentic-circuit/toolchain/install/share/pycircuit/python/pycircuit/wiring/connect.py
-- Installing: /Users/zhoubot/linx-isa/tools/pyCircuit/.pycircuit_out/gates/20260906-issue39-closure-r3/agentic-circuit/toolchain/install/share/pycircuit/python/pycircuit/wiring/__init__.py
-- Installing: /Users/zhoubot/linx-isa/tools/pyCircuit/.pycircuit_out/gates/20260906-issue39-closure-r3/agentic-circuit/toolchain/install/share/pycircuit/python/pycircuit/sidecar_sections.py
-- Installing: /Users/zhoubot/linx-isa/tools/pyCircuit/.pycircuit_out/gates/20260906-issue39-closure-r3/agentic-circuit/toolchain/install/share/pycircuit/python/pycircuit/cli.py
-- Installing: /Users/zhoubot/linx-isa/tools/pyCircuit/.pycircuit_out/gates/20260906-issue39-closure-r3/agentic-circuit/toolchain/install/share/pycircuit/python/pycircuit/probe.py
-- Installing: /Users/zhoubot/linx-isa/tools/pyCircuit/.pycircuit_out/gates/20260906-issue39-closure-r3/agentic-circuit/toolchain/install/share/pycircuit/python/pycircuit/bitmask.py
-- Installing: /Users/zhoubot/linx-isa/tools/pyCircuit/.pycircuit_out/gates/20260906-issue39-closure-r3/agentic-circuit/toolchain/install/share/pycircuit/python/pycircuit/lib
-- Installing: /Users/zhoubot/linx-isa/tools/pyCircuit/.pycircuit_out/gates/20260906-issue39-closure-r3/agentic-circuit/toolchain/install/share/pycircuit/python/pycircuit/lib/queue.py
-- Installing: /Users/zhoubot/linx-isa/tools/pyCircuit/.pycircuit_out/gates/20260906-issue39-closure-r3/agentic-circuit/toolchain/install/share/pycircuit/python/pycircuit/lib/picker.py
-- Installing: /Users/zhoubot/linx-isa/tools/pyCircuit/.pycircuit_out/gates/20260906-issue39-closure-r3/agentic-circuit/toolchain/install/share/pycircuit/python/pycircuit/lib/cache.py
-- Installing: /Users/zhoubot/linx-isa/tools/pyCircuit/.pycircuit_out/gates/20260906-issue39-closure-r3/agentic-circuit/toolchain/install/share/pycircuit/python/pycircuit/lib/__init__.py
-- Installing: /Users/zhoubot/linx-isa/tools/pyCircuit/.pycircuit_out/gates/20260906-issue39-closure-r3/agentic-circuit/toolchain/install/share/pycircuit/python/pycircuit/lib/stream.py
-- Installing: /Users/zhoubot/linx-isa/tools/pyCircuit/.pycircuit_out/gates/20260906-issue39-closure-r3/agentic-circuit/toolchain/install/share/pycircuit/python/pycircuit/lib/mem2port.py
-- Installing: /Users/zhoubot/linx-isa/tools/pyCircuit/.pycircuit_out/gates/20260906-issue39-closure-r3/agentic-circuit/toolchain/install/share/pycircuit/python/pycircuit/lib/sram.py
-- Installing: /Users/zhoubot/linx-isa/tools/pyCircuit/.pycircuit_out/gates/20260906-issue39-closure-r3/agentic-circuit/toolchain/install/share/pycircuit/python/pycircuit/lib/regfile.py
-- Installing: /Users/zhoubot/linx-isa/tools/pyCircuit/.pycircuit_out/gates/20260906-issue39-closure-r3/agentic-circuit/toolchain/install/share/pycircuit/python/pycircuit/v6.py
-- Installing: /Users/zhoubot/linx-isa/tools/pyCircuit/.pycircuit_out/gates/20260906-issue39-closure-r3/agentic-circuit/toolchain/install/share/pycircuit/python/pycircuit/schedule_ir.py
-- Installing: /Users/zhoubot/linx-isa/tools/pyCircuit/.pycircuit_out/gates/20260906-issue39-closure-r3/agentic-circuit/toolchain/install/share/pycircuit/python/pycircuit/data.py
-- Installing: /Users/zhoubot/linx-isa/tools/pyCircuit/.pycircuit_out/gates/20260906-issue39-closure-r3/agentic-circuit/toolchain/install/share/pycircuit/python/pycircuit/bitfield.py
-- Installing: /Users/zhoubot/linx-isa/tools/pyCircuit/.pycircuit_out/gates/20260906-issue39-closure-r3/agentic-circuit/toolchain/install/share/pycircuit/pyproject.toml
-- Installing: /Users/zhoubot/linx-isa/tools/pyCircuit/.pycircuit_out/gates/20260906-issue39-closure-r3/agentic-circuit/toolchain/install/share/pycircuit/LICENSE
-- Installing: /Users/zhoubot/linx-isa/tools/pyCircuit/.pycircuit_out/gates/20260906-issue39-closure-r3/agentic-circuit/toolchain/install/share/pycircuit/README.md
-- Installing: /Users/zhoubot/linx-isa/tools/pyCircuit/.pycircuit_out/gates/20260906-issue39-closure-r3/agentic-circuit/toolchain/install/share/pycircuit/toolchain-metadata.json
-- Installing: /Users/zhoubot/linx-isa/tools/pyCircuit/.pycircuit_out/gates/20260906-issue39-closure-r3/agentic-circuit/toolchain/install/share/pycircuit/cmake/pycircuitTargets.cmake
-- Installing: /Users/zhoubot/linx-isa/tools/pyCircuit/.pycircuit_out/gates/20260906-issue39-closure-r3/agentic-circuit/toolchain/install/share/pycircuit/cmake/pycircuitTargets-release.cmake
-- Installing: /Users/zhoubot/linx-isa/tools/pyCircuit/.pycircuit_out/gates/20260906-issue39-closure-r3/agentic-circuit/toolchain/install/share/pycircuit/cmake/pycircuitConfig.cmake
-- Installing: /Users/zhoubot/linx-isa/tools/pyCircuit/.pycircuit_out/gates/20260906-issue39-closure-r3/agentic-circuit/toolchain/install/share/pycircuit/cmake/pycircuitConfigVersion.cmake
-- Installing: /Users/zhoubot/linx-isa/tools/pyCircuit/.pycircuit_out/gates/20260906-issue39-closure-r3/agentic-circuit/toolchain/install/lib/libLLVM.dylib
-- Installing: /Users/zhoubot/linx-isa/tools/pyCircuit/.pycircuit_out/gates/20260906-issue39-closure-r3/agentic-circuit/toolchain/install/lib/libz3.4.16.dylib
-- Installing: /Users/zhoubot/linx-isa/tools/pyCircuit/.pycircuit_out/gates/20260906-issue39-closure-r3/agentic-circuit/toolchain/install/lib/libz3.4.16.0.0.dylib
-- Installing: /Users/zhoubot/linx-isa/tools/pyCircuit/.pycircuit_out/gates/20260906-issue39-closure-r3/agentic-circuit/toolchain/install/lib/libzstd.1.dylib
-- Installing: /Users/zhoubot/linx-isa/tools/pyCircuit/.pycircuit_out/gates/20260906-issue39-closure-r3/agentic-circuit/toolchain/install/lib/libzstd.1.5.7.dylib
[pyc] ok: /Users/zhoubot/linx-isa/tools/pyCircuit/.pycircuit_out/gates/20260906-issue39-closure-r3/agentic-circuit/toolchain/install/bin/pycc
[pyc] pyCircuit 6 root contracts and documentation
============================= test session starts ==============================
platform darwin -- Python 3.14.6, pytest-9.0.2, pluggy-1.6.0
rootdir: /Users/zhoubot/linx-isa/tools/pyCircuit
configfile: pyproject.toml
collected 48 items

tests/unit/test_agentic_circuit_component.py ...                         [  6%]
tests/unit/test_cli_entrypoints.py ....                                  [ 14%]
tests/unit/test_primitive_catalog.py ..                                  [ 18%]
tests/unit/test_pyc6_surface.py ..........                               [ 39%]
tests/unit/test_semantic_core.py .........................               [ 91%]
tests/unit/test_v6_forward_signal.py ....                                [100%]

============================== 48 passed in 0.07s ==============================
ok: API hygiene check passed
ok: decision status coverage validated (rows=218 deferred=0)
[pyc] Agentic Circuit G0/G1/G2 closure passed
